file,line,element,label,action,expectedResult,actualResult,accessibility,status,test,deviceQARequired
app/(tabs)/_layout.tsx,57,Tabs.Screen,,"name=""index"" | options={{ tabBarIcon: ({ focused }) => <TabIcon icon=""home"" label={labels.today} focused={focused} compact={compact} /> }}","Действие соответствует подписи, не дублируется, имеет loading/error/disabled где требуется и не теряет данные.",Статически проиндексировано; route/touch/type/lint guards пройдены. Физическое касание на Android не выполнялось.,"Static 48dp/accessibility guards применены; TalkBack, focus order и реальная hit area требуют Device QA.",STATIC_PASS_DEVICE_QA_REQUIRED,verify:route-integrity; verify:touch-targets; typecheck; lint,YES
app/(tabs)/_layout.tsx,58,Tabs.Screen,,"name=""cycle"" | options={{ tabBarIcon: ({ focused }) => <TabIcon icon=""calendar_month"" label={labels.tracking} focused={focused} compact={compact} /> }}","Действие соответствует подписи, не дублируется, имеет loading/error/disabled где требуется и не теряет данные.",Статически проиндексировано; route/touch/type/lint guards пройдены. Физическое касание на Android не выполнялось.,"Static 48dp/accessibility guards применены; TalkBack, focus order и реальная hit area требуют Device QA.",STATIC_PASS_DEVICE_QA_REQUIRED,verify:route-integrity; verify:touch-targets; typecheck; lint,YES
app/(tabs)/_layout.tsx,59,Tabs.Screen,,"name=""for-you"" | options={{ tabBarIcon: ({ focused }) => <TabIcon icon=""auto_awesome"" label={labels.forYou} focused={focused} compact={compact} /> }}","Действие соответствует подписи, не дублируется, имеет loading/error/disabled где требуется и не теряет данные.",Статически проиндексировано; route/touch/type/lint guards пройдены. Физическое касание на Android не выполнялось.,"Static 48dp/accessibility guards применены; TalkBack, focus order и реальная hit area требуют Device QA.",STATIC_PASS_DEVICE_QA_REQUIRED,verify:route-integrity; verify:touch-targets; typecheck; lint,YES
app/(tabs)/_layout.tsx,60,Tabs.Screen,,"name=""box"" | options={{ tabBarIcon: ({ focused }) => <TabIcon icon=""redeem"" label={labels.box} focused={focused} compact={compact} /> }}","Действие соответствует подписи, не дублируется, имеет loading/error/disabled где требуется и не теряет данные.",Статически проиндексировано; route/touch/type/lint guards пройдены. Физическое касание на Android не выполнялось.,"Static 48dp/accessibility guards применены; TalkBack, focus order и реальная hit area требуют Device QA.",STATIC_PASS_DEVICE_QA_REQUIRED,verify:route-integrity; verify:touch-targets; typecheck; lint,YES
app/(tabs)/_layout.tsx,61,Tabs.Screen,,"name=""lunar"" | options={{ href: null }}","Действие соответствует подписи, не дублируется, имеет loading/error/disabled где требуется и не теряет данные.",Статически проиндексировано; route/touch/type/lint guards пройдены. Физическое касание на Android не выполнялось.,"Static 48dp/accessibility guards применены; TalkBack, focus order и реальная hit area требуют Device QA.",STATIC_PASS_DEVICE_QA_REQUIRED,verify:route-integrity; verify:touch-targets; typecheck; lint,YES
app/(tabs)/_layout.tsx,62,Tabs.Screen,,"name=""wellness"" | options={{ href: null }}","Действие соответствует подписи, не дублируется, имеет loading/error/disabled где требуется и не теряет данные.",Статически проиндексировано; route/touch/type/lint guards пройдены. Физическое касание на Android не выполнялось.,"Static 48dp/accessibility guards применены; TalkBack, focus order и реальная hit area требуют Device QA.",STATIC_PASS_DEVICE_QA_REQUIRED,verify:route-integrity; verify:touch-targets; typecheck; lint,YES
app/(tabs)/box.tsx,191,PrimaryAction,,"label={copy.choose} | icon=""arrow_forward"" | onPress={openSubscription}","Действие соответствует подписи, не дублируется, имеет loading/error/disabled где требуется и не теряет данные.",Статически проиндексировано; route/touch/type/lint guards пройдены. Физическое касание на Android не выполнялось.,"Static 48dp/accessibility guards применены; TalkBack, focus order и реальная hit area требуют Device QA.",STATIC_PASS_DEVICE_QA_REQUIRED,verify:route-integrity; verify:touch-targets; typecheck; lint,YES
app/(tabs)/box.tsx,283,PrimaryAction,,"label={copy.feedback} | icon=""rate_review"" | onPress={() => router.push('/screens/box-feedback')}","Действие соответствует подписи, не дублируется, имеет loading/error/disabled где требуется и не теряет данные.",Статически проиндексировано; route/touch/type/lint guards пройдены. Физическое касание на Android не выполнялось.,"Static 48dp/accessibility guards применены; TalkBack, focus order и реальная hit area требуют Device QA.",STATIC_PASS_DEVICE_QA_REQUIRED,verify:route-integrity; verify:touch-targets; typecheck; lint,YES
app/(tabs)/box.tsx,307,PressScale,{box.paused ? copy.resume : copy.pause},"onPress={pauseSubscription} | style={[styles.secondaryButton, { borderColor: isDark ? 'rgba(255,255,255,0.12)' : LousaPalette.line }]}","Действие соответствует подписи, не дублируется, имеет loading/error/disabled где требуется и не теряет данные.",Статически проиндексировано; route/touch/type/lint guards пройдены. Физическое касание на Android не выполнялось.,"Static 48dp/accessibility guards применены; TalkBack, focus order и реальная hit area требуют Device QA.",STATIC_PASS_DEVICE_QA_REQUIRED,verify:route-integrity; verify:touch-targets; typecheck; lint,YES
app/(tabs)/box.tsx,310,PressScale,{copy.manage},"onPress={openSubscription} | style={[styles.secondaryButton, { borderColor: isDark ? 'rgba(255,255,255,0.12)' : LousaPalette.line }]}","Действие соответствует подписи, не дублируется, имеет loading/error/disabled где требуется и не теряет данные.",Статически проиндексировано; route/touch/type/lint guards пройдены. Физическое касание на Android не выполнялось.,"Static 48dp/accessibility guards применены; TalkBack, focus order и реальная hit area требуют Device QA.",STATIC_PASS_DEVICE_QA_REQUIRED,verify:route-integrity; verify:touch-targets; typecheck; lint,YES
app/(tabs)/cycle.tsx,273,PressScale,{labels.addPeriod},"onPress={() => router.push({ pathname: '/screens/period-editor', params: { date: selectedDateString } })} | style={[styles.quickAction, { backgroundColor: isDark ? 'rgba(166,77,114,0.18)' : '#F8E7ED', borderColor: isDark ? 'rgba(217,133,165,0.30)' : LousaPalette.rose }]}","Действие соответствует подписи, не дублируется, имеет loading/error/disabled где требуется и не теряет данные.",Статически проиндексировано; route/touch/type/lint guards пройдены. Физическое касание на Android не выполнялось.,"Static 48dp/accessibility guards применены; TalkBack, focus order и реальная hit area требуют Device QA.",STATIC_PASS_DEVICE_QA_REQUIRED,verify:route-integrity; verify:touch-targets; typecheck; lint,YES
app/(tabs)/cycle.tsx,281,PressScale,{labels.reviewLegacy},"onPress={() => router.push('/screens/period-review')} | style={[styles.quickAction, { backgroundColor: isDark ? 'rgba(184,135,71,0.16)' : LousaPalette.warningSoft, borderColor: isDark ? 'rgba(224,183,127,0.30)' : '#D9B88B' }]}","Действие соответствует подписи, не дублируется, имеет loading/error/disabled где требуется и не теряет данные.",Статически проиндексировано; route/touch/type/lint guards пройдены. Физическое касание на Android не выполнялось.,"Static 48dp/accessibility guards применены; TalkBack, focus order и реальная hit area требуют Device QA.",STATIC_PASS_DEVICE_QA_REQUIRED,verify:route-integrity; verify:touch-targets; typecheck; lint,YES
app/(tabs)/cycle.tsx,294,PressScale,,onPress={() => changeMonth(-1)} | style={styles.monthArrow},"Действие соответствует подписи, не дублируется, имеет loading/error/disabled где требуется и не теряет данные.",Статически проиндексировано; route/touch/type/lint guards пройдены. Физическое касание на Android не выполнялось.,"Static 48dp/accessibility guards применены; TalkBack, focus order и реальная hit area требуют Device QA.",STATIC_PASS_DEVICE_QA_REQUIRED,verify:route-integrity; verify:touch-targets; typecheck; lint,YES
app/(tabs)/cycle.tsx,298,PressScale,,onPress={() => changeMonth(1)} | style={styles.monthArrow},"Действие соответствует подписи, не дублируется, имеет loading/error/disabled где требуется и не теряет данные.",Статически проиндексировано; route/touch/type/lint guards пройдены. Физическое касание на Android не выполнялось.,"Static 48dp/accessibility guards применены; TalkBack, focus order и реальная hit area требуют Device QA.",STATIC_PASS_DEVICE_QA_REQUIRED,verify:route-integrity; verify:touch-targets; typecheck; lint,YES
app/(tabs)/cycle.tsx,329,PressScale,,key={day.date} | onPress={() => selectDate(day.date)} | style={styles.dayCell} | haptic={false},"Действие соответствует подписи, не дублируется, имеет loading/error/disabled где требуется и не теряет данные.",Статически проиндексировано; route/touch/type/lint guards пройдены. Физическое касание на Android не выполнялось.,"Static 48dp/accessibility guards применены; TalkBack, focus order и реальная hit area требуют Device QA.",STATIC_PASS_DEVICE_QA_REQUIRED,verify:route-integrity; verify:touch-targets; typecheck; lint,YES
app/(tabs)/cycle.tsx,383,PressScale,{labels.periodStart},onPress={() => applyCycleObservation('period_start')} | style={styles.windowPrimary},"Действие соответствует подписи, не дублируется, имеет loading/error/disabled где требуется и не теряет данные.",Статически проиндексировано; route/touch/type/lint guards пройдены. Физическое касание на Android не выполнялось.,"Static 48dp/accessibility guards применены; TalkBack, focus order и реальная hit area требуют Device QA.",STATIC_PASS_DEVICE_QA_REQUIRED,verify:route-integrity; verify:touch-targets; typecheck; lint,YES
app/(tabs)/cycle.tsx,384,PressScale,{labels.noBleeding},"onPress={() => applyCycleObservation('no_bleeding')} | style={[styles.windowSecondary, { borderColor: colors.outlineVariant }]}","Действие соответствует подписи, не дублируется, имеет loading/error/disabled где требуется и не теряет данные.",Статически проиндексировано; route/touch/type/lint guards пройдены. Физическое касание на Android не выполнялось.,"Static 48dp/accessibility guards применены; TalkBack, focus order и реальная hit area требуют Device QA.",STATIC_PASS_DEVICE_QA_REQUIRED,verify:route-integrity; verify:touch-targets; typecheck; lint,YES
app/(tabs)/cycle.tsx,419,PressScale,{labels.editDay},onPress={() => setActionSheetOpen(true)} | style={styles.emptyCycleAction},"Действие соответствует подписи, не дублируется, имеет loading/error/disabled где требуется и не теряет данные.",Статически проиндексировано; route/touch/type/lint guards пройдены. Физическое касание на Android не выполнялось.,"Static 48dp/accessibility guards применены; TalkBack, focus order и реальная hit area требуют Device QA.",STATIC_PASS_DEVICE_QA_REQUIRED,verify:route-integrity; verify:touch-targets; typecheck; lint,YES
app/(tabs)/cycle.tsx,439,PressScale,{labels.addPeriod},"onPress={() => router.push({ pathname: '/screens/period-editor', params: { date: selectedDateString } })} | style={styles.emptyCycleAction}","Действие соответствует подписи, не дублируется, имеет loading/error/disabled где требуется и не теряет данные.",Статически проиндексировано; route/touch/type/lint guards пройдены. Физическое касание на Android не выполнялось.,"Static 48dp/accessibility guards применены; TalkBack, focus order и реальная hit area требуют Device QA.",STATIC_PASS_DEVICE_QA_REQUIRED,verify:route-integrity; verify:touch-targets; typecheck; lint,YES
app/(tabs)/cycle.tsx,471,PressScale,{moodLabels[mood.id]},"key={mood.id} | onPress={() => wellness.setMood(selectedDateString, mood.id)} | style={[ styles.moodCard, { backgroundColor: selected ? (isDark ? 'rgba(217,133,165,0.20)' : '#F8E7ED') : (isDark ? 'rgba(255,255,255,0.04)' : '#FCF8FA'), borderColor: selected ? (isDark","Действие соответствует подписи, не дублируется, имеет loading/error/disabled где требуется и не теряет данные.",Статически проиндексировано; route/touch/type/lint guards пройдены. Физическое касание на Android не выполнялось.,"Static 48dp/accessibility guards применены; TalkBack, focus order и реальная hit area требуют Device QA.",STATIC_PASS_DEVICE_QA_REQUIRED,verify:route-integrity; verify:touch-targets; typecheck; lint,YES
app/(tabs)/cycle.tsx,494,PressScale,{symptomLabels[symptom.id]},"key={symptom.id} | onPress={() => wellness.toggleSymptom(selectedDateString, symptom.id)} | style={[ styles.symptomChip, { backgroundColor: selected ? (isDark ? 'rgba(184,166,217,0.17)' : '#F0ECF8') : 'transparent', borderColor: selected ? (isDark ? '#C9B8E3' : '#A993C8') : (is","Действие соответствует подписи, не дублируется, имеет loading/error/disabled где требуется и не теряет данные.",Статически проиндексировано; route/touch/type/lint guards пройдены. Физическое касание на Android не выполнялось.,"Static 48dp/accessibility guards применены; TalkBack, focus order и реальная hit area требуют Device QA.",STATIC_PASS_DEVICE_QA_REQUIRED,verify:route-integrity; verify:touch-targets; typecheck; lint,YES
app/(tabs)/cycle.tsx,513,TextInput,,"value={notes} | onChangeText={setNotes} | placeholder={labels.notePlaceholder} | placeholderTextColor={colors.outline} | multiline | style={[ styles.notesInput, { color: colors.onSurface, borderColor: isDark ? 'rgba(255,255,255,0.10)' : LousaPalette.line, backgroundColor: isDark ? 'rgba(255,255,255,0.04)' : '#FCF8FA',","Действие соответствует подписи, не дублируется, имеет loading/error/disabled где требуется и не теряет данные.",Статически проиндексировано; route/touch/type/lint guards пройдены. Физическое касание на Android не выполнялось.,"Static 48dp/accessibility guards применены; TalkBack, focus order и реальная hit area требуют Device QA.",STATIC_PASS_DEVICE_QA_REQUIRED,verify:route-integrity; verify:touch-targets; typecheck; lint,YES
app/(tabs)/cycle.tsx,532,PressScale,{labels.editDay},"onPress={() => setActionSheetOpen(true)} | style={[styles.periodButton, { borderColor: isDark ? 'rgba(255,255,255,0.11)' : LousaPalette.line }]}","Действие соответствует подписи, не дублируется, имеет loading/error/disabled где требуется и не теряет данные.",Статически проиндексировано; route/touch/type/lint guards пройдены. Физическое касание на Android не выполнялось.,"Static 48dp/accessibility guards применены; TalkBack, focus order и реальная hit area требуют Device QA.",STATIC_PASS_DEVICE_QA_REQUIRED,verify:route-integrity; verify:touch-targets; typecheck; lint,YES
app/(tabs)/cycle.tsx,537,PressScale,{labels.undo},"onPress={undoLastChange} | style={[styles.periodButton, { borderColor: colors.outlineVariant }]}","Действие соответствует подписи, не дублируется, имеет loading/error/disabled где требуется и не теряет данные.",Статически проиндексировано; route/touch/type/lint guards пройдены. Физическое касание на Android не выполнялось.,"Static 48dp/accessibility guards применены; TalkBack, focus order и реальная hit area требуют Device QA.",STATIC_PASS_DEVICE_QA_REQUIRED,verify:route-integrity; verify:touch-targets; typecheck; lint,YES
app/(tabs)/cycle.tsx,553,PrimaryAction,,"label={labels.save} | icon=""check"" | onPress={save}","Действие соответствует подписи, не дублируется, имеет loading/error/disabled где требуется и не теряет данные.",Статически проиндексировано; route/touch/type/lint guards пройдены. Физическое касание на Android не выполнялось.,"Static 48dp/accessibility guards применены; TalkBack, focus order и реальная hit area требуют Device QA.",STATIC_PASS_DEVICE_QA_REQUIRED,verify:route-integrity; verify:touch-targets; typecheck; lint,YES
app/(tabs)/cycle.tsx,561,Pressable,,style={styles.modalBackdrop} | onPress={() => setActionSheetOpen(false)},"Действие соответствует подписи, не дублируется, имеет loading/error/disabled где требуется и не теряет данные.",Статически проиндексировано; route/touch/type/lint guards пройдены. Физическое касание на Android не выполнялось.,"Static 48dp/accessibility guards применены; TalkBack, focus order и реальная hit area требуют Device QA.",STATIC_PASS_DEVICE_QA_REQUIRED,verify:route-integrity; verify:touch-targets; typecheck; lint,YES
app/(tabs)/cycle.tsx,573,PressScale,"{label} {selectedObservation?.type === type ? <MaterialSymbol name=""check_circle"" size={19} color={LousaPalette.success} /> : null}","key={type} | onPress={() => applyCycleObservation(type)} | style={[styles.sheetAction, { borderBottomColor: colors.outlineVariant }]}","Действие соответствует подписи, не дублируется, имеет loading/error/disabled где требуется и не теряет данные.",Статически проиндексировано; route/touch/type/lint guards пройдены. Физическое касание на Android не выполнялось.,"Static 48dp/accessibility guards применены; TalkBack, focus order и реальная hit area требуют Device QA.",STATIC_PASS_DEVICE_QA_REQUIRED,verify:route-integrity; verify:touch-targets; typecheck; lint,YES
app/(tabs)/cycle.tsx,580,PressScale,{labels.deleteDay},onPress={removeSelectedCycleEntry} | style={styles.sheetDelete},"Действие соответствует подписи, не дублируется, имеет loading/error/disabled где требуется и не теряет данные.",Статически проиндексировано; route/touch/type/lint guards пройдены. Физическое касание на Android не выполнялось.,"Static 48dp/accessibility guards применены; TalkBack, focus order и реальная hit area требуют Device QA.",STATIC_PASS_DEVICE_QA_REQUIRED,verify:route-integrity; verify:touch-targets; typecheck; lint,YES
app/(tabs)/cycle.tsx,585,PressScale,{labels.cancel},"onPress={() => setActionSheetOpen(false)} | style={[styles.sheetCancel, { borderColor: colors.outlineVariant }]}","Действие соответствует подписи, не дублируется, имеет loading/error/disabled где требуется и не теряет данные.",Статически проиндексировано; route/touch/type/lint guards пройдены. Физическое касание на Android не выполнялось.,"Static 48dp/accessibility guards применены; TalkBack, focus order и реальная hit area требуют Device QA.",STATIC_PASS_DEVICE_QA_REQUIRED,verify:route-integrity; verify:touch-targets; typecheck; lint,YES
app/(tabs)/for-you.tsx,140,ActionButton,,"icon=""edit_calendar"" | label={copy.calendar} | onPress={() => router.push('/(tabs)/cycle')}","Действие соответствует подписи, не дублируется, имеет loading/error/disabled где требуется и не теряет данные.",Статически проиндексировано; route/touch/type/lint guards пройдены. Физическое касание на Android не выполнялось.,"Static 48dp/accessibility guards применены; TalkBack, focus order и реальная hit area требуют Device QA.",STATIC_PASS_DEVICE_QA_REQUIRED,verify:route-integrity; verify:touch-targets; typecheck; lint,YES
app/(tabs)/for-you.tsx,146,ActionButton,,"icon=""calendar_month"" | label={copy.calendar} | onPress={() => router.push('/(tabs)/cycle')}","Действие соответствует подписи, не дублируется, имеет loading/error/disabled где требуется и не теряет данные.",Статически проиндексировано; route/touch/type/lint guards пройдены. Физическое касание на Android не выполнялось.,"Static 48dp/accessibility guards применены; TalkBack, focus order и реальная hit area требуют Device QA.",STATIC_PASS_DEVICE_QA_REQUIRED,verify:route-integrity; verify:touch-targets; typecheck; lint,YES
app/(tabs)/for-you.tsx,156,ActionTile,,"icon=""favorite"" | label={copy.mood} | note={`${logCount} ${language === 'en' ? 'entries saved' : language === 'hy' ? 'գրառում' : 'записей'}`} | onPress={() => router.push('/(tabs)/wellness')}","Действие соответствует подписи, не дублируется, имеет loading/error/disabled где требуется и не теряет данные.",Статически проиндексировано; route/touch/type/lint guards пройдены. Физическое касание на Android не выполнялось.,"Static 48dp/accessibility guards применены; TalkBack, focus order и реальная hit area требуют Device QA.",STATIC_PASS_DEVICE_QA_REQUIRED,verify:route-integrity; verify:touch-targets; typecheck; lint,YES
app/(tabs)/for-you.tsx,157,ActionTile,,"icon=""edit_calendar"" | label={copy.calendar} | note={language === 'en' ? 'Edit and undo records' : language === 'hy' ? 'Փոխել կամ ջնջել գրառումը' : 'Изменить или удалить запись'} | onPress={() => router.push('/(tabs)/cycle')}","Действие соответствует подписи, не дублируется, имеет loading/error/disabled где требуется и не теряет данные.",Статически проиндексировано; route/touch/type/lint guards пройдены. Физическое касание на Android не выполнялось.,"Static 48dp/accessibility guards применены; TalkBack, focus order и реальная hit area требуют Device QA.",STATIC_PASS_DEVICE_QA_REQUIRED,verify:route-integrity; verify:touch-targets; typecheck; lint,YES
app/(tabs)/for-you.tsx,158,ActionTile,,"icon=""notifications"" | label={copy.reminder} | note={language === 'en' ? 'Private notifications' : language === 'hy' ? 'Անձնական հիշեցումներ' : 'Приватные уведомления'} | onPress={() => router.push('/screens/notifications')}","Действие соответствует подписи, не дублируется, имеет loading/error/disabled где требуется и не теряет данные.",Статически проиндексировано; route/touch/type/lint guards пройдены. Физическое касание на Android не выполнялось.,"Static 48dp/accessibility guards применены; TalkBack, focus order и реальная hit area требуют Device QA.",STATIC_PASS_DEVICE_QA_REQUIRED,verify:route-integrity; verify:touch-targets; typecheck; lint,YES
app/(tabs)/for-you.tsx,159,ActionTile,,"icon=""monitoring"" | label={copy.patterns} | note={language === 'en' ? 'Only your own data' : language === 'hy' ? 'Միայն ձեր տվյալները' : 'Только ваши данные'} | onPress={() => router.push('/screens/analytics')}","Действие соответствует подписи, не дублируется, имеет loading/error/disabled где требуется и не теряет данные.",Статически проиндексировано; route/touch/type/lint guards пройдены. Физическое касание на Android не выполнялось.,"Static 48dp/accessibility guards применены; TalkBack, focus order и реальная hit area требуют Device QA.",STATIC_PASS_DEVICE_QA_REQUIRED,verify:route-integrity; verify:touch-targets; typecheck; lint,YES
app/(tabs)/for-you.tsx,180,PressScale,,"key={title} | onPress={() => router.push(route as any)} | style={[styles.materialRow, index > 0 && { borderTopColor: colors.outlineVariant, borderTopWidth: StyleSheet.hairlineWidth }]}","Действие соответствует подписи, не дублируется, имеет loading/error/disabled где требуется и не теряет данные.",Статически проиндексировано; route/touch/type/lint guards пройдены. Физическое касание на Android не выполнялось.,"Static 48dp/accessibility guards применены; TalkBack, focus order и реальная hit area требуют Device QA.",STATIC_PASS_DEVICE_QA_REQUIRED,verify:route-integrity; verify:touch-targets; typecheck; lint,YES
app/(tabs)/for-you.tsx,222,PressScale,{label},onPress={onPress} | style={styles.inlineAction},"Действие соответствует подписи, не дублируется, имеет loading/error/disabled где требуется и не теряет данные.",Статически проиндексировано; route/touch/type/lint guards пройдены. Физическое касание на Android не выполнялось.,"Static 48dp/accessibility guards применены; TalkBack, focus order и реальная hit area требуют Device QA.",STATIC_PASS_DEVICE_QA_REQUIRED,verify:route-integrity; verify:touch-targets; typecheck; lint,YES
app/(tabs)/for-you.tsx,232,PressScale,{label} {note},"onPress={onPress} | style={[styles.actionTile, { borderColor: colors.outlineVariant, backgroundColor: colors.surface }]}","Действие соответствует подписи, не дублируется, имеет loading/error/disabled где требуется и не теряет данные.",Статически проиндексировано; route/touch/type/lint guards пройдены. Физическое касание на Android не выполнялось.,"Static 48dp/accessibility guards применены; TalkBack, focus order и реальная hit area требуют Device QA.",STATIC_PASS_DEVICE_QA_REQUIRED,verify:route-integrity; verify:touch-targets; typecheck; lint,YES
app/(tabs)/index.tsx,214,PressScale,{copy.openCalendar},onPress={() => router.push('/(tabs)/cycle')} | style={styles.noDataButton},"Действие соответствует подписи, не дублируется, имеет loading/error/disabled где требуется и не теряет данные.",Статически проиндексировано; route/touch/type/lint guards пройдены. Физическое касание на Android не выполнялось.,"Static 48dp/accessibility guards применены; TalkBack, focus order и реальная hit area требуют Device QA.",STATIC_PASS_DEVICE_QA_REQUIRED,verify:route-integrity; verify:touch-targets; typecheck; lint,YES
app/(tabs)/index.tsx,231,PressScale,{language === 'en' ? 'Add date' : language === 'hy' ? 'Նշել ամսաթիվը' : 'Отметить дату'},onPress={() => router.push('/screens/period-editor')} | style={styles.noDataButton},"Действие соответствует подписи, не дублируется, имеет loading/error/disabled где требуется и не теряет данные.",Статически проиндексировано; route/touch/type/lint guards пройдены. Физическое касание на Android не выполнялось.,"Static 48dp/accessibility guards применены; TalkBack, focus order и реальная hit area требуют Device QA.",STATIC_PASS_DEVICE_QA_REQUIRED,verify:route-integrity; verify:touch-targets; typecheck; lint,YES
app/(tabs)/index.tsx,263,PressScale,{preparationCopy.actionLabel},onPress={() => preparationWindow.state === 'no_data' ? router.push('/screens/period-editor') : router.push('/(tabs)/box')} | style={styles.preparationPrimary},"Действие соответствует подписи, не дублируется, имеет loading/error/disabled где требуется и не теряет данные.",Статически проиндексировано; route/touch/type/lint guards пройдены. Физическое касание на Android не выполнялось.,"Static 48dp/accessibility guards применены; TalkBack, focus order и реальная hit area требуют Device QA.",STATIC_PASS_DEVICE_QA_REQUIRED,verify:route-integrity; verify:touch-targets; typecheck; lint,YES
app/(tabs)/index.tsx,267,PressScale,{preparationCopy.secondaryLabel},"onPress={() => router.push('/auth/onboarding')} | style={[styles.preparationSecondary, { borderColor: colors.outlineVariant }]}","Действие соответствует подписи, не дублируется, имеет loading/error/disabled где требуется и не теряет данные.",Статически проиндексировано; route/touch/type/lint guards пройдены. Физическое касание на Android не выполнялось.,"Static 48dp/accessibility guards применены; TalkBack, focus order и реальная hit area требуют Device QA.",STATIC_PASS_DEVICE_QA_REQUIRED,verify:route-integrity; verify:touch-targets; typecheck; lint,YES
app/(tabs)/index.tsx,289,PressScale,"{selected ? ( <Text numberOfLines={2} style={[styles.moodText, { color: colors.onBackground }]}>{copy.moods[item.id]}</Text> ) : <View style={styles.moodLabelPlaceholder} />}",key={item.id} | accessibilityLabel={copy.moods[item.id]} | onPress={() => chooseMood(item.id)} | style={styles.moodOption},"Действие соответствует подписи, не дублируется, имеет loading/error/disabled где требуется и не теряет данные.",Статически проиндексировано; route/touch/type/lint guards пройдены. Физическое касание на Android не выполнялось.,"Static 48dp/accessibility guards применены; TalkBack, focus order и реальная hit area требуют Device QA.",STATIC_PASS_DEVICE_QA_REQUIRED,verify:route-integrity; verify:touch-targets; typecheck; lint,YES
app/(tabs)/index.tsx,317,PressScale,{copy.detail},onPress={() => router.push('/screens/log-state')} | style={styles.detailAction},"Действие соответствует подписи, не дублируется, имеет loading/error/disabled где требуется и не теряет данные.",Статически проиндексировано; route/touch/type/lint guards пройдены. Физическое касание на Android не выполнялось.,"Static 48dp/accessibility guards применены; TalkBack, focus order и реальная hit area требуют Device QA.",STATIC_PASS_DEVICE_QA_REQUIRED,verify:route-integrity; verify:touch-targets; typecheck; lint,YES
app/(tabs)/index.tsx,326,PressScale,,onPress={() => priority.route && router.push(priority.route as any)},"Действие соответствует подписи, не дублируется, имеет loading/error/disabled где требуется и не теряет данные.",Статически проиндексировано; route/touch/type/lint guards пройдены. Физическое касание на Android не выполнялось.,"Static 48dp/accessibility guards применены; TalkBack, focus order и реальная hit area требуют Device QA.",STATIC_PASS_DEVICE_QA_REQUIRED,verify:route-integrity; verify:touch-targets; typecheck; lint,YES
app/(tabs)/index.tsx,345,PressScale,{copy.insightHelpful},"onPress={() => { engagement.submitInsightFeedback(insight.id, 'helpful'); trackProductEvent('insight_feedback_submitted', { language, response: 'helpful' }).catch(() => {}); }} | style={[styles.feedbackButton, styles.feedbackPrimary]}","Действие соответствует подписи, не дублируется, имеет loading/error/disabled где требуется и не теряет данные.",Статически проиндексировано; route/touch/type/lint guards пройдены. Физическое касание на Android не выполнялось.,"Static 48dp/accessibility guards применены; TalkBack, focus order и реальная hit area требуют Device QA.",STATIC_PASS_DEVICE_QA_REQUIRED,verify:route-integrity; verify:touch-targets; typecheck; lint,YES
app/(tabs)/index.tsx,349,PressScale,{copy.insightNo},"onPress={() => { engagement.submitInsightFeedback(insight.id, 'not_relevant'); trackProductEvent('insight_feedback_submitted', { language, response: 'not_relevant' }).catch(() => {}); }} | style={[styles.feedbackButton, { borderColor: colors.outlineVariant }]}","Действие соответствует подписи, не дублируется, имеет loading/error/disabled где требуется и не теряет данные.",Статически проиндексировано; route/touch/type/lint guards пройдены. Физическое касание на Android не выполнялось.,"Static 48dp/accessibility guards применены; TalkBack, focus order и реальная hit area требуют Device QA.",STATIC_PASS_DEVICE_QA_REQUIRED,verify:route-integrity; verify:touch-targets; typecheck; lint,YES
app/(tabs)/index.tsx,353,PressScale,{copy.source},onPress={() => setShowSource((value) => !value)} | style={styles.sourceButton},"Действие соответствует подписи, не дублируется, имеет loading/error/disabled где требуется и не теряет данные.",Статически проиндексировано; route/touch/type/lint guards пройдены. Физическое касание на Android не выполнялось.,"Static 48dp/accessibility guards применены; TalkBack, focus order и реальная hit area требуют Device QA.",STATIC_PASS_DEVICE_QA_REQUIRED,verify:route-integrity; verify:touch-targets; typecheck; lint,YES
app/(tabs)/index.tsx,363,PressScale,,onPress={() => activeOrder.status === 'delivered' && !hasFeedback ? router.push('/screens/box-feedback') : router.push('/(tabs)/box')},"Действие соответствует подписи, не дублируется, имеет loading/error/disabled где требуется и не теряет данные.",Статически проиндексировано; route/touch/type/lint guards пройдены. Физическое касание на Android не выполнялось.,"Static 48dp/accessibility guards применены; TalkBack, focus order и реальная hit area требуют Device QA.",STATIC_PASS_DEVICE_QA_REQUIRED,verify:route-integrity; verify:touch-targets; typecheck; lint,YES
app/(tabs)/lunar.tsx,147,PressScale,,onPress={() => changeMonth(-1)} | style={styles.monthArrow},"Действие соответствует подписи, не дублируется, имеет loading/error/disabled где требуется и не теряет данные.",Статически проиндексировано; route/touch/type/lint guards пройдены. Физическое касание на Android не выполнялось.,"Static 48dp/accessibility guards применены; TalkBack, focus order и реальная hit area требуют Device QA.",STATIC_PASS_DEVICE_QA_REQUIRED,verify:route-integrity; verify:touch-targets; typecheck; lint,YES
app/(tabs)/lunar.tsx,151,PressScale,,onPress={() => changeMonth(1)} | style={styles.monthArrow},"Действие соответствует подписи, не дублируется, имеет loading/error/disabled где требуется и не теряет данные.",Статически проиндексировано; route/touch/type/lint guards пройдены. Физическое касание на Android не выполнялось.,"Static 48dp/accessibility guards применены; TalkBack, focus order и реальная hit area требуют Device QA.",STATIC_PASS_DEVICE_QA_REQUIRED,verify:route-integrity; verify:touch-targets; typecheck; lint,YES
app/(tabs)/lunar.tsx,167,PressScale,,key={key} | onPress={() => setSelectedDate(date)} | style={styles.dayCell} | haptic={false},"Действие соответствует подписи, не дублируется, имеет loading/error/disabled где требуется и не теряет данные.",Статически проиндексировано; route/touch/type/lint guards пройдены. Физическое касание на Android не выполнялось.,"Static 48dp/accessibility guards применены; TalkBack, focus order и реальная hit area требуют Device QA.",STATIC_PASS_DEVICE_QA_REQUIRED,verify:route-integrity; verify:touch-targets; typecheck; lint,YES
app/(tabs)/wellness.tsx,55,PressScale,,"onPress={onPress} | style={[styles.metricPress, style]} | accessibilityLabel={`${label}: ${value}`}","Действие соответствует подписи, не дублируется, имеет loading/error/disabled где требуется и не теряет данные.",Статически проиндексировано; route/touch/type/lint guards пройдены. Физическое касание на Android не выполнялось.,"Static 48dp/accessibility guards применены; TalkBack, focus order и реальная hit area требуют Device QA.",STATIC_PASS_DEVICE_QA_REQUIRED,verify:route-integrity; verify:touch-targets; typecheck; lint,YES
app/(tabs)/wellness.tsx,125,PressScale,{copy.edit},onPress={() => router.push('/screens/log-state' as any)} | style={styles.heroAction},"Действие соответствует подписи, не дублируется, имеет loading/error/disabled где требуется и не теряет данные.",Статически проиндексировано; route/touch/type/lint guards пройдены. Физическое касание на Android не выполнялось.,"Static 48dp/accessibility guards применены; TalkBack, focus order и реальная hit area требуют Device QA.",STATIC_PASS_DEVICE_QA_REQUIRED,verify:route-integrity; verify:touch-targets; typecheck; lint,YES
app/(tabs)/wellness.tsx,133,MiniMetric,,"style={compactWidth ? styles.metricHalf : undefined} | icon=""bolt"" | label={copy.energy} | value={`${todayLog.energy}/5`} | tone=""rose"" | onPress={() => router.push('/screens/log-state' as any)}","Действие соответствует подписи, не дублируется, имеет loading/error/disabled где требуется и не теряет данные.",Статически проиндексировано; route/touch/type/lint guards пройдены. Физическое касание на Android не выполнялось.,"Static 48dp/accessibility guards применены; TalkBack, focus order и реальная hit area требуют Device QA.",STATIC_PASS_DEVICE_QA_REQUIRED,verify:route-integrity; verify:touch-targets; typecheck; lint,YES
app/(tabs)/wellness.tsx,134,MiniMetric,,"style={compactWidth ? styles.metricHalf : undefined} | icon=""water_drop"" | label={copy.water} | value={`${todayLog.water} ${copy.glasses}`} | tone=""lavender"" | onPress={() => wellness.addWater(toLocalDateString())}","Действие соответствует подписи, не дублируется, имеет loading/error/disabled где требуется и не теряет данные.",Статически проиндексировано; route/touch/type/lint guards пройдены. Физическое касание на Android не выполнялось.,"Static 48dp/accessibility guards применены; TalkBack, focus order и реальная hit area требуют Device QA.",STATIC_PASS_DEVICE_QA_REQUIRED,verify:route-integrity; verify:touch-targets; typecheck; lint,YES
app/(tabs)/wellness.tsx,135,MiniMetric,,"style={compactWidth ? styles.metricWide : undefined} | icon=""bedtime"" | label={copy.sleep} | value={`${todayLog.sleep} ${copy.hours}`} | tone=""neutral"" | onPress={() => router.push('/screens/log-state' as any)}","Действие соответствует подписи, не дублируется, имеет loading/error/disabled где требуется и не теряет данные.",Статически проиндексировано; route/touch/type/lint guards пройдены. Физическое касание на Android не выполнялось.,"Static 48dp/accessibility guards применены; TalkBack, focus order и реальная hit area требуют Device QA.",STATIC_PASS_DEVICE_QA_REQUIRED,verify:route-integrity; verify:touch-targets; typecheck; lint,YES
app/(tabs)/wellness.tsx,142,PressScale,{task.label},"key={task.label} | onPress={() => router.push('/screens/log-state' as any)} | style={[ styles.taskRow, index > 0 && { borderTopColor: isDark ? 'rgba(255,255,255,0.08)' : LousaPalette.line, borderTopWidth: 1 }, ]}","Действие соответствует подписи, не дублируется, имеет loading/error/disabled где требуется и не теряет данные.",Статически проиндексировано; route/touch/type/lint guards пройдены. Физическое касание на Android не выполнялось.,"Static 48dp/accessibility guards применены; TalkBack, focus order и реальная hit area требуют Device QA.",STATIC_PASS_DEVICE_QA_REQUIRED,verify:route-integrity; verify:touch-targets; typecheck; lint,YES
app/(tabs)/wellness.tsx,207,PrimaryAction,,"label={copy.ask} | icon=""chat"" | onPress={() => router.push('/screens/ai-chat')}","Действие соответствует подписи, не дублируется, имеет loading/error/disabled где требуется и не теряет данные.",Статически проиндексировано; route/touch/type/lint guards пройдены. Физическое касание на Android не выполнялось.,"Static 48dp/accessibility guards применены; TalkBack, focus order и реальная hit area требуют Device QA.",STATIC_PASS_DEVICE_QA_REQUIRED,verify:route-integrity; verify:touch-targets; typecheck; lint,YES
app/auth/login.tsx,345,TextInput,,"value={value} | onChangeText={onChangeText} | secureTextEntry={secure ? hidden : false} | keyboardType={keyboardType || ""default""} | autoCapitalize={autoCapitalize} | autoCorrect={false} | onFocus={() => setFocused(true)} | onBlur={() => setFocused(false)} | style={styles.input} | selectionColor={LousaPalette.berry} | accessibilityLabel={label}","Действие соответствует подписи, не дублируется, имеет loading/error/disabled где требуется и не теряет данные.",Статически проиндексировано; route/touch/type/lint guards пройдены. Физическое касание на Android не выполнялось.,"Static 48dp/accessibility guards применены; TalkBack, focus order и реальная hit area требуют Device QA.",STATIC_PASS_DEVICE_QA_REQUIRED,verify:route-integrity; verify:touch-targets; typecheck; lint,YES
app/auth/login.tsx,360,TouchableOpacity,,"accessibilityRole=""button"" | accessibilityLabel={hidden ? ""Show password"" : ""Hide password""} | style={styles.eyeButton} | onPress={() => setHidden((value) => !value)}","Действие соответствует подписи, не дублируется, имеет loading/error/disabled где требуется и не теряет данные.",Статически проиндексировано; route/touch/type/lint guards пройдены. Физическое касание на Android не выполнялось.,"Static 48dp/accessibility guards применены; TalkBack, focus order и реальная hit area требуют Device QA.",STATIC_PASS_DEVICE_QA_REQUIRED,verify:route-integrity; verify:touch-targets; typecheck; lint,YES
app/auth/login.tsx,393,PressScale,"{label} {icon ? ( <Ionicons name={icon} size={19} color={secondary ? LousaPalette.berry : ""#FFFFFF""} /> ) : null}","onPress={onPress} | disabled={disabled} | style={[styles.actionButton, secondary && styles.actionButtonSecondary]} | accessibilityLabel={label}","Действие соответствует подписи, не дублируется, имеет loading/error/disabled где требуется и не теряет данные.",Статически проиндексировано; route/touch/type/lint guards пройдены. Физическое касание на Android не выполнялось.,"Static 48dp/accessibility guards применены; TalkBack, focus order и реальная hit area требуют Device QA.",STATIC_PASS_DEVICE_QA_REQUIRED,verify:route-integrity; verify:touch-targets; typecheck; lint,YES
app/auth/login.tsx,431,PressScale,"{loading ? ""…"" : label}","onPress={onPress} | disabled={disabled} | style={[styles.googleButton, disabled && styles.googleButtonDisabled]} | accessibilityLabel={label}","Действие соответствует подписи, не дублируется, имеет loading/error/disabled где требуется и не теряет данные.",Статически проиндексировано; route/touch/type/lint guards пройдены. Физическое касание на Android не выполнялось.,"Static 48dp/accessibility guards применены; TalkBack, focus order и реальная hit area требуют Device QA.",STATIC_PASS_DEVICE_QA_REQUIRED,verify:route-integrity; verify:touch-targets; typecheck; lint,YES
app/auth/login.tsx,454,TouchableOpacity,,activeOpacity={1} | onPress={() => ref.current?.focus()} | style={styles.codeRow},"Действие соответствует подписи, не дублируется, имеет loading/error/disabled где требуется и не теряет данные.",Статически проиндексировано; route/touch/type/lint guards пройдены. Физическое касание на Android не выполнялось.,"Static 48dp/accessibility guards применены; TalkBack, focus order и реальная hit area требуют Device QA.",STATIC_PASS_DEVICE_QA_REQUIRED,verify:route-integrity; verify:touch-targets; typecheck; lint,YES
app/auth/login.tsx,459,TextInput,,"ref={ref} | value={value} | onChangeText={(text) => onChange(text.replace(/\D/g, """").slice(0, 6))} | keyboardType=""number-pad"" | maxLength={6} | style={styles.hiddenCodeInput} | autoFocus | textContentType=""oneTimeCode"" | autoComplete=""sms-otp"" | importantForAutofill=""yes""","Действие соответствует подписи, не дублируется, имеет loading/error/disabled где требуется и не теряет данные.",Статически проиндексировано; route/touch/type/lint guards пройдены. Физическое касание на Android не выполнялось.,"Static 48dp/accessibility guards применены; TalkBack, focus order и реальная hit area требуют Device QA.",STATIC_PASS_DEVICE_QA_REQUIRED,verify:route-integrity; verify:touch-targets; typecheck; lint,YES
app/auth/login.tsx,965,TouchableOpacity,"{lang === ""hy"" ? ""HY"" : lang.toUpperCase()}","key={lang} | onPress={() => setLanguage(lang)} | hitSlop={4} | style={[ styles.languageItem, language === lang && styles.languageItemActive, ]}","Действие соответствует подписи, не дублируется, имеет loading/error/disabled где требуется и не теряет данные.",Статически проиндексировано; route/touch/type/lint guards пройдены. Физическое касание на Android не выполнялось.,"Static 48dp/accessibility guards применены; TalkBack, focus order и реальная hit area требуют Device QA.",STATIC_PASS_DEVICE_QA_REQUIRED,verify:route-integrity; verify:touch-targets; typecheck; lint,YES
app/auth/login.tsx,1004,PressScale,,onPress={() => changeMode(getAuthBackTarget(mode)) } | style={styles.backButton},"Действие соответствует подписи, не дублируется, имеет loading/error/disabled где требуется и не теряет данные.",Статически проиндексировано; route/touch/type/lint guards пройдены. Физическое касание на Android не выполнялось.,"Static 48dp/accessibility guards применены; TalkBack, focus order и реальная hit area требуют Device QA.",STATIC_PASS_DEVICE_QA_REQUIRED,verify:route-integrity; verify:touch-targets; typecheck; lint,YES
app/auth/login.tsx,1032,TouchableOpacity,"{lang === ""hy"" ? ""HY"" : lang.toUpperCase()}","key={lang} | onPress={() => setLanguage(lang)} | hitSlop={4} | style={[ styles.languageItem, styles.languageItemCompact, language === lang && styles.languageItemActive, ]}","Действие соответствует подписи, не дублируется, имеет loading/error/disabled где требуется и не теряет данные.",Статически проиндексировано; route/touch/type/lint guards пройдены. Физическое касание на Android не выполнялось.,"Static 48dp/accessibility guards применены; TalkBack, focus order и реальная hit area требуют Device QA.",STATIC_PASS_DEVICE_QA_REQUIRED,verify:route-integrity; verify:touch-targets; typecheck; lint,YES
app/auth/login.tsx,1071,ActionButton,,"label={copy.create} | onPress={() => changeMode(""signup"")} | icon=""arrow-forward""","Действие соответствует подписи, не дублируется, имеет loading/error/disabled где требуется и не теряет данные.",Статически проиндексировано; route/touch/type/lint guards пройдены. Физическое касание на Android не выполнялось.,"Static 48dp/accessibility guards применены; TalkBack, focus order и реальная hit area требуют Device QA.",STATIC_PASS_DEVICE_QA_REQUIRED,verify:route-integrity; verify:touch-targets; typecheck; lint,YES
app/auth/login.tsx,1076,ActionButton,,"label={copy.haveAccount} | onPress={() => changeMode(""signin"")} | secondary","Действие соответствует подписи, не дублируется, имеет loading/error/disabled где требуется и не теряет данные.",Статически проиндексировано; route/touch/type/lint guards пройдены. Физическое касание на Android не выполнялось.,"Static 48dp/accessibility guards применены; TalkBack, focus order и реальная hit area требуют Device QA.",STATIC_PASS_DEVICE_QA_REQUIRED,verify:route-integrity; verify:touch-targets; typecheck; lint,YES
app/auth/login.tsx,1088,GoogleButton,,label={copy.continueGoogle} | onPress={() => { handleGoogleSignIn().catch(() => {}); }} | disabled={googleSubmitting} | loading={googleSubmitting},"Действие соответствует подписи, не дублируется, имеет loading/error/disabled где требуется и не теряет данные.",Статически проиндексировано; route/touch/type/lint guards пройдены. Физическое касание на Android не выполнялось.,"Static 48dp/accessibility guards применены; TalkBack, focus order и реальная hit area требуют Device QA.",STATIC_PASS_DEVICE_QA_REQUIRED,verify:route-integrity; verify:touch-targets; typecheck; lint,YES
app/auth/login.tsx,1096,ActionButton,,"label={copy.continuePhone} | onPress={() => changeMode(""phone"")} | secondary | icon=""call-outline""","Действие соответствует подписи, не дублируется, имеет loading/error/disabled где требуется и не теряет данные.",Статически проиндексировано; route/touch/type/lint guards пройдены. Физическое касание на Android не выполнялось.,"Static 48dp/accessibility guards применены; TalkBack, focus order и реальная hit area требуют Device QA.",STATIC_PASS_DEVICE_QA_REQUIRED,verify:route-integrity; verify:touch-targets; typecheck; lint,YES
app/auth/login.tsx,1116,AuthInput,,"label={copy.email} | value={email} | onChangeText={setEmail} | icon=""mail-outline"" | keyboardType=""email-address"" | error={errors.email}","Действие соответствует подписи, не дублируется, имеет loading/error/disabled где требуется и не теряет данные.",Статически проиндексировано; route/touch/type/lint guards пройдены. Физическое касание на Android не выполнялось.,"Static 48dp/accessibility guards применены; TalkBack, focus order и реальная hit area требуют Device QA.",STATIC_PASS_DEVICE_QA_REQUIRED,verify:route-integrity; verify:touch-targets; typecheck; lint,YES
app/auth/login.tsx,1124,AuthInput,,"label={copy.password} | value={password} | onChangeText={setPassword} | icon=""lock-closed-outline"" | secure | error={errors.password}","Действие соответствует подписи, не дублируется, имеет loading/error/disabled где требуется и не теряет данные.",Статически проиндексировано; route/touch/type/lint guards пройдены. Физическое касание на Android не выполнялось.,"Static 48dp/accessibility guards применены; TalkBack, focus order и реальная hit area требуют Device QA.",STATIC_PASS_DEVICE_QA_REQUIRED,verify:route-integrity; verify:touch-targets; typecheck; lint,YES
app/auth/login.tsx,1136,TouchableOpacity,{copy.forgot},"onPress={() => changeMode(""recovery"")} | style={styles.forgotButton}","Действие соответствует подписи, не дублируется, имеет loading/error/disabled где требуется и не теряет данные.",Статически проиндексировано; route/touch/type/lint guards пройдены. Физическое касание на Android не выполнялось.,"Static 48dp/accessibility guards применены; TalkBack, focus order и реальная hit area требуют Device QA.",STATIC_PASS_DEVICE_QA_REQUIRED,verify:route-integrity; verify:touch-targets; typecheck; lint,YES
app/auth/login.tsx,1142,ActionButton,,"label={submitting ? ""…"" : copy.signIn} | onPress={() => { handleSignIn().catch(() => {}); }} | icon=""arrow-forward"" | disabled={submitting}","Действие соответствует подписи, не дублируется, имеет loading/error/disabled где требуется и не теряет данные.",Статически проиндексировано; route/touch/type/lint guards пройдены. Физическое касание на Android не выполнялось.,"Static 48dp/accessibility guards применены; TalkBack, focus order и реальная hit area требуют Device QA.",STATIC_PASS_DEVICE_QA_REQUIRED,verify:route-integrity; verify:touch-targets; typecheck; lint,YES
app/auth/login.tsx,1156,GoogleButton,,label={copy.continueGoogle} | onPress={() => { handleGoogleSignIn().catch(() => {}); }} | disabled={googleSubmitting} | loading={googleSubmitting},"Действие соответствует подписи, не дублируется, имеет loading/error/disabled где требуется и не теряет данные.",Статически проиндексировано; route/touch/type/lint guards пройдены. Физическое касание на Android не выполнялось.,"Static 48dp/accessibility guards применены; TalkBack, focus order и реальная hit area требуют Device QA.",STATIC_PASS_DEVICE_QA_REQUIRED,verify:route-integrity; verify:touch-targets; typecheck; lint,YES
app/auth/login.tsx,1164,ActionButton,,"label={copy.continuePhone} | onPress={() => changeMode(""phone"")} | secondary | icon=""call-outline""","Действие соответствует подписи, не дублируется, имеет loading/error/disabled где требуется и не теряет данные.",Статически проиндексировано; route/touch/type/lint guards пройдены. Физическое касание на Android не выполнялось.,"Static 48dp/accessibility guards применены; TalkBack, focus order и реальная hit area требуют Device QA.",STATIC_PASS_DEVICE_QA_REQUIRED,verify:route-integrity; verify:touch-targets; typecheck; lint,YES
app/auth/login.tsx,1174,TouchableOpacity,{copy.noAccount},"onPress={() => changeMode(""signup"")} | style={styles.modeLink}","Действие соответствует подписи, не дублируется, имеет loading/error/disabled где требуется и не теряет данные.",Статически проиндексировано; route/touch/type/lint guards пройдены. Физическое касание на Android не выполнялось.,"Static 48dp/accessibility guards применены; TalkBack, focus order и реальная hit area требуют Device QA.",STATIC_PASS_DEVICE_QA_REQUIRED,verify:route-integrity; verify:touch-targets; typecheck; lint,YES
app/auth/login.tsx,1197,AuthInput,,"label={copy.name} | value={name} | onChangeText={setNameInput} | icon=""person-outline"" | autoCapitalize=""words"" | error={errors.name}","Действие соответствует подписи, не дублируется, имеет loading/error/disabled где требуется и не теряет данные.",Статически проиндексировано; route/touch/type/lint guards пройдены. Физическое касание на Android не выполнялось.,"Static 48dp/accessibility guards применены; TalkBack, focus order и реальная hit area требуют Device QA.",STATIC_PASS_DEVICE_QA_REQUIRED,verify:route-integrity; verify:touch-targets; typecheck; lint,YES
app/auth/login.tsx,1205,AuthInput,,"label={copy.email} | value={email} | onChangeText={setEmail} | icon=""mail-outline"" | keyboardType=""email-address"" | error={errors.email}","Действие соответствует подписи, не дублируется, имеет loading/error/disabled где требуется и не теряет данные.",Статически проиндексировано; route/touch/type/lint guards пройдены. Физическое касание на Android не выполнялось.,"Static 48dp/accessibility guards применены; TalkBack, focus order и реальная hit area требуют Device QA.",STATIC_PASS_DEVICE_QA_REQUIRED,verify:route-integrity; verify:touch-targets; typecheck; lint,YES
app/auth/login.tsx,1213,AuthInput,,"label={copy.password} | value={password} | onChangeText={setPassword} | icon=""lock-closed-outline"" | secure | error={errors.password}","Действие соответствует подписи, не дублируется, имеет loading/error/disabled где требуется и не теряет данные.",Статически проиндексировано; route/touch/type/lint guards пройдены. Физическое касание на Android не выполнялось.,"Static 48dp/accessibility guards применены; TalkBack, focus order и реальная hit area требуют Device QA.",STATIC_PASS_DEVICE_QA_REQUIRED,verify:route-integrity; verify:touch-targets; typecheck; lint,YES
app/auth/login.tsx,1242,AuthInput,,"label={copy.repeatPassword} | value={confirmPassword} | onChangeText={setConfirmPassword} | icon=""lock-closed-outline"" | secure | error={errors.confirmPassword}","Действие соответствует подписи, не дублируется, имеет loading/error/disabled где требуется и не теряет данные.",Статически проиндексировано; route/touch/type/lint guards пройдены. Физическое касание на Android не выполнялось.,"Static 48dp/accessibility guards применены; TalkBack, focus order и реальная hit area требуют Device QA.",STATIC_PASS_DEVICE_QA_REQUIRED,verify:route-integrity; verify:touch-targets; typecheck; lint,YES
app/auth/login.tsx,1254,ActionButton,,"label={submitting ? ""…"" : copy.continue} | onPress={() => { handleSignUp().catch(() => {}); }} | icon=""arrow-forward"" | disabled={submitting}","Действие соответствует подписи, не дублируется, имеет loading/error/disabled где требуется и не теряет данные.",Статически проиндексировано; route/touch/type/lint guards пройдены. Физическое касание на Android не выполнялось.,"Static 48dp/accessibility guards применены; TalkBack, focus order и реальная hit area требуют Device QA.",STATIC_PASS_DEVICE_QA_REQUIRED,verify:route-integrity; verify:touch-targets; typecheck; lint,YES
app/auth/login.tsx,1269,GoogleButton,,label={copy.continueGoogle} | onPress={() => { handleGoogleSignIn().catch(() => {}); }} | disabled={googleSubmitting} | loading={googleSubmitting},"Действие соответствует подписи, не дублируется, имеет loading/error/disabled где требуется и не теряет данные.",Статически проиндексировано; route/touch/type/lint guards пройдены. Физическое касание на Android не выполнялось.,"Static 48dp/accessibility guards применены; TalkBack, focus order и реальная hit area требуют Device QA.",STATIC_PASS_DEVICE_QA_REQUIRED,verify:route-integrity; verify:touch-targets; typecheck; lint,YES
app/auth/login.tsx,1277,ActionButton,,"label={copy.continuePhone} | onPress={() => changeMode(""phone"")} | secondary | icon=""call-outline""","Действие соответствует подписи, не дублируется, имеет loading/error/disabled где требуется и не теряет данные.",Статически проиндексировано; route/touch/type/lint guards пройдены. Физическое касание на Android не выполнялось.,"Static 48dp/accessibility guards применены; TalkBack, focus order и реальная hit area требуют Device QA.",STATIC_PASS_DEVICE_QA_REQUIRED,verify:route-integrity; verify:touch-targets; typecheck; lint,YES
app/auth/login.tsx,1287,TouchableOpacity,{copy.already},"onPress={() => changeMode(""signin"")} | style={styles.modeLink}","Действие соответствует подписи, не дублируется, имеет loading/error/disabled где требуется и не теряет данные.",Статически проиндексировано; route/touch/type/lint guards пройдены. Физическое касание на Android не выполнялось.,"Static 48dp/accessibility guards применены; TalkBack, focus order и реальная hit area требуют Device QA.",STATIC_PASS_DEVICE_QA_REQUIRED,verify:route-integrity; verify:touch-targets; typecheck; lint,YES
app/auth/login.tsx,1310,AuthInput,,"label={copy.phone} | value={phone} | onChangeText={setPhone} | icon=""call-outline"" | keyboardType=""phone-pad"" | error={errors.phone}","Действие соответствует подписи, не дублируется, имеет loading/error/disabled где требуется и не теряет данные.",Статически проиндексировано; route/touch/type/lint guards пройдены. Физическое касание на Android не выполнялось.,"Static 48dp/accessibility guards применены; TalkBack, focus order и реальная hit area требуют Device QA.",STATIC_PASS_DEVICE_QA_REQUIRED,verify:route-integrity; verify:touch-targets; typecheck; lint,YES
app/auth/login.tsx,1322,ActionButton,,"label={submitting ? ""…"" : copy.sendPhoneCode} | onPress={() => { handlePhoneStart().catch(() => {}); }} | icon=""arrow-forward"" | disabled={submitting}","Действие соответствует подписи, не дублируется, имеет loading/error/disabled где требуется и не теряет данные.",Статически проиндексировано; route/touch/type/lint guards пройдены. Физическое касание на Android не выполнялось.,"Static 48dp/accessibility guards применены; TalkBack, focus order и реальная hit area требуют Device QA.",STATIC_PASS_DEVICE_QA_REQUIRED,verify:route-integrity; verify:touch-targets; typecheck; lint,YES
app/auth/login.tsx,1330,TouchableOpacity,{copy.backToSignIn},"onPress={() => changeMode(""signin"")} | style={styles.modeLink}","Действие соответствует подписи, не дублируется, имеет loading/error/disabled где требуется и не теряет данные.",Статически проиндексировано; route/touch/type/lint guards пройдены. Физическое касание на Android не выполнялось.,"Static 48dp/accessibility guards применены; TalkBack, focus order и реальная hit area требуют Device QA.",STATIC_PASS_DEVICE_QA_REQUIRED,verify:route-integrity; verify:touch-targets; typecheck; lint,YES
app/auth/login.tsx,1368,ActionButton,,"label={submitting ? ""…"" : copy.verify} | onPress={() => { handleVerifyPhone().catch(() => {}); }} | disabled={code.length !== 6 || submitting}","Действие соответствует подписи, не дублируется, имеет loading/error/disabled где требуется и не теряет данные.",Статически проиндексировано; route/touch/type/lint guards пройдены. Физическое касание на Android не выполнялось.,"Static 48dp/accessibility guards применены; TalkBack, focus order и реальная hit area требуют Device QA.",STATIC_PASS_DEVICE_QA_REQUIRED,verify:route-integrity; verify:touch-targets; typecheck; lint,YES
app/auth/login.tsx,1376,TouchableOpacity,{resendSeconds > 0 ? `${copy.resend} (${resendSeconds})` : copy.resend},disabled={resendSeconds > 0 || submitting} | onPress={() => { handleResendPhoneCode().catch(() => {}); }},"Действие соответствует подписи, не дублируется, имеет loading/error/disabled где требуется и не теряет данные.",Статически проиндексировано; route/touch/type/lint guards пройдены. Физическое касание на Android не выполнялось.,"Static 48dp/accessibility guards применены; TalkBack, focus order и реальная hit area требуют Device QA.",STATIC_PASS_DEVICE_QA_REQUIRED,verify:route-integrity; verify:touch-targets; typecheck; lint,YES
app/auth/login.tsx,1394,TouchableOpacity,{copy.changePhone},"onPress={() => changeMode(""phone"")}","Действие соответствует подписи, не дублируется, имеет loading/error/disabled где требуется и не теряет данные.",Статически проиндексировано; route/touch/type/lint guards пройдены. Физическое касание на Android не выполнялось.,"Static 48dp/accessibility guards применены; TalkBack, focus order и реальная hit area требуют Device QA.",STATIC_PASS_DEVICE_QA_REQUIRED,verify:route-integrity; verify:touch-targets; typecheck; lint,YES
app/auth/login.tsx,1434,ActionButton,,"label={submitting ? ""…"" : getAuthProviderMode() === ""firebase"" ? copy.verifyFirebaseAction : copy.verify} | onPress={() => { handleVerify().catch(() => {}); }} | disabled={(getAuthProviderMode() !== ""firebase"" && code.length !== 6) || submitting}","Действие соответствует подписи, не дублируется, имеет loading/error/disabled где требуется и не теряет данные.",Статически проиндексировано; route/touch/type/lint guards пройдены. Физическое касание на Android не выполнялось.,"Static 48dp/accessibility guards применены; TalkBack, focus order и реальная hit area требуют Device QA.",STATIC_PASS_DEVICE_QA_REQUIRED,verify:route-integrity; verify:touch-targets; typecheck; lint,YES
app/auth/login.tsx,1442,TouchableOpacity,{resendSeconds > 0 ? `${copy.resend} (${resendSeconds})` : copy.resend},disabled={resendSeconds > 0 || submitting} | onPress={() => { handleResendRegistrationCode().catch(() => {}); }},"Действие соответствует подписи, не дублируется, имеет loading/error/disabled где требуется и не теряет данные.",Статически проиндексировано; route/touch/type/lint guards пройдены. Физическое касание на Android не выполнялось.,"Static 48dp/accessibility guards применены; TalkBack, focus order и реальная hit area требуют Device QA.",STATIC_PASS_DEVICE_QA_REQUIRED,verify:route-integrity; verify:touch-targets; typecheck; lint,YES
app/auth/login.tsx,1460,TouchableOpacity,{copy.changeEmail},"onPress={() => changeMode(""signup"")}","Действие соответствует подписи, не дублируется, имеет loading/error/disabled где требуется и не теряет данные.",Статически проиндексировано; route/touch/type/lint guards пройдены. Физическое касание на Android не выполнялось.,"Static 48dp/accessibility guards применены; TalkBack, focus order и реальная hit area требуют Device QA.",STATIC_PASS_DEVICE_QA_REQUIRED,verify:route-integrity; verify:touch-targets; typecheck; lint,YES
app/auth/login.tsx,1479,ActionButton,,"label={copy.setupCycle} | onPress={() => router.replace(""/auth/onboarding"")} | icon=""arrow-forward""","Действие соответствует подписи, не дублируется, имеет loading/error/disabled где требуется и не теряет данные.",Статически проиндексировано; route/touch/type/lint guards пройдены. Физическое касание на Android не выполнялось.,"Static 48dp/accessibility guards применены; TalkBack, focus order и реальная hit area требуют Device QA.",STATIC_PASS_DEVICE_QA_REQUIRED,verify:route-integrity; verify:touch-targets; typecheck; lint,YES
app/auth/login.tsx,1484,ActionButton,,"label={copy.later} | secondary | onPress={() => { setOnboarded(true); router.replace(""/(tabs)""); }}","Действие соответствует подписи, не дублируется, имеет loading/error/disabled где требуется и не теряет данные.",Статически проиндексировано; route/touch/type/lint guards пройдены. Физическое касание на Android не выполнялось.,"Static 48dp/accessibility guards применены; TalkBack, focus order и реальная hit area требуют Device QA.",STATIC_PASS_DEVICE_QA_REQUIRED,verify:route-integrity; verify:touch-targets; typecheck; lint,YES
app/auth/login.tsx,1508,AuthInput,,"label={copy.email} | value={email} | onChangeText={setEmail} | icon=""mail-outline"" | keyboardType=""email-address"" | error={errors.email}","Действие соответствует подписи, не дублируется, имеет loading/error/disabled где требуется и не теряет данные.",Статически проиндексировано; route/touch/type/lint guards пройдены. Физическое касание на Android не выполнялось.,"Static 48dp/accessibility guards применены; TalkBack, focus order и реальная hit area требуют Device QA.",STATIC_PASS_DEVICE_QA_REQUIRED,verify:route-integrity; verify:touch-targets; typecheck; lint,YES
app/auth/login.tsx,1518,ActionButton,,"label={submitting ? ""…"" : copy.getCode} | onPress={() => { handleRecoveryEmail().catch(() => {}); }} | disabled={submitting}","Действие соответствует подписи, не дублируется, имеет loading/error/disabled где требуется и не теряет данные.",Статически проиндексировано; route/touch/type/lint guards пройдены. Физическое касание на Android не выполнялось.,"Static 48dp/accessibility guards применены; TalkBack, focus order и реальная hit area требуют Device QA.",STATIC_PASS_DEVICE_QA_REQUIRED,verify:route-integrity; verify:touch-targets; typecheck; lint,YES
app/auth/login.tsx,1556,ActionButton,,label={copy.verify} | onPress={handleRecoveryCode} | disabled={code.length !== 6},"Действие соответствует подписи, не дублируется, имеет loading/error/disabled где требуется и не теряет данные.",Статически проиндексировано; route/touch/type/lint guards пройдены. Физическое касание на Android не выполнялось.,"Static 48dp/accessibility guards применены; TalkBack, focus order и реальная hit area требуют Device QA.",STATIC_PASS_DEVICE_QA_REQUIRED,verify:route-integrity; verify:touch-targets; typecheck; lint,YES
app/auth/login.tsx,1571,AuthInput,,"label={copy.password} | value={password} | onChangeText={setPassword} | icon=""lock-closed-outline"" | secure | error={errors.password}","Действие соответствует подписи, не дублируется, имеет loading/error/disabled где требуется и не теряет данные.",Статически проиндексировано; route/touch/type/lint guards пройдены. Физическое касание на Android не выполнялось.,"Static 48dp/accessibility guards применены; TalkBack, focus order и реальная hit area требуют Device QA.",STATIC_PASS_DEVICE_QA_REQUIRED,verify:route-integrity; verify:touch-targets; typecheck; lint,YES
app/auth/login.tsx,1579,AuthInput,,"label={copy.repeatPassword} | value={confirmPassword} | onChangeText={setConfirmPassword} | icon=""lock-closed-outline"" | secure | error={errors.confirmPassword}","Действие соответствует подписи, не дублируется, имеет loading/error/disabled где требуется и не теряет данные.",Статически проиндексировано; route/touch/type/lint guards пройдены. Физическое касание на Android не выполнялось.,"Static 48dp/accessibility guards применены; TalkBack, focus order и реальная hit area требуют Device QA.",STATIC_PASS_DEVICE_QA_REQUIRED,verify:route-integrity; verify:touch-targets; typecheck; lint,YES
app/auth/login.tsx,1591,ActionButton,,"label={submitting ? ""…"" : copy.savePassword} | onPress={() => { handleReset().catch(() => {}); }} | disabled={submitting}","Действие соответствует подписи, не дублируется, имеет loading/error/disabled где требуется и не теряет данные.",Статически проиндексировано; route/touch/type/lint guards пройдены. Физическое касание на Android не выполнялось.,"Static 48dp/accessibility guards применены; TalkBack, focus order и реальная hit area требуют Device QA.",STATIC_PASS_DEVICE_QA_REQUIRED,verify:route-integrity; verify:touch-targets; typecheck; lint,YES
app/auth/login.tsx,1613,ActionButton,,"label={copy.backToSignIn} | onPress={() => changeMode(""signin"")}","Действие соответствует подписи, не дублируется, имеет loading/error/disabled где требуется и не теряет данные.",Статически проиндексировано; route/touch/type/lint guards пройдены. Физическое касание на Android не выполнялось.,"Static 48dp/accessibility guards применены; TalkBack, focus order и реальная hit area требуют Device QA.",STATIC_PASS_DEVICE_QA_REQUIRED,verify:route-integrity; verify:touch-targets; typecheck; lint,YES
app/auth/onboarding.tsx,216,PressScale,,"accessibilityLabel={copy.back} | onPress={back} | style={[styles.headerButton, { backgroundColor: isDark ? 'rgba(255,255,255,0.07)' : '#FFFDFE' }]}","Действие соответствует подписи, не дублируется, имеет loading/error/disabled где требуется и не теряет данные.",Статически проиндексировано; route/touch/type/lint guards пройдены. Физическое касание на Android не выполнялось.,"Static 48dp/accessibility guards применены; TalkBack, focus order и реальная hit area требуют Device QA.",STATIC_PASS_DEVICE_QA_REQUIRED,verify:route-integrity; verify:touch-targets; typecheck; lint,YES
app/auth/onboarding.tsx,239,PressScale,{copy.goals[goal]},"key={goal} | onPress={() => toggleGoal(goal)} | style={[styles.goalRow, { borderColor: selected ? LousaPalette.berry : colors.outlineVariant, backgroundColor: selected ? (isDark ? 'rgba(217,133,165,0.15)' : '#F8E7ED') : (isDark ? 'rgb","Действие соответствует подписи, не дублируется, имеет loading/error/disabled где требуется и не теряет данные.",Статически проиндексировано; route/touch/type/lint guards пройдены. Физическое касание на Android не выполнялось.,"Static 48dp/accessibility guards применены; TalkBack, focus order и реальная hit area требуют Device QA.",STATIC_PASS_DEVICE_QA_REQUIRED,verify:route-integrity; verify:touch-targets; typecheck; lint,YES
app/auth/onboarding.tsx,252,PrimaryAction,,"label={dates.length ? copy.previous : copy.addDate} | icon=""calendar_month"" | onPress={addSelectedDate}","Действие соответствует подписи, не дублируется, имеет loading/error/disabled где требуется и не теряет данные.",Статически проиндексировано; route/touch/type/lint guards пройдены. Физическое касание на Android не выполнялось.,"Static 48dp/accessibility guards применены; TalkBack, focus order и реальная hit area требуют Device QA.",STATIC_PASS_DEVICE_QA_REQUIRED,verify:route-integrity; verify:touch-targets; typecheck; lint,YES
app/auth/onboarding.tsx,253,PressScale,,"onPress={() => setDraft((state) => ({ ...state, periodStarts: state.periodStarts.filter((item) => item !== date) }))} | style={styles.removeButton}","Действие соответствует подписи, не дублируется, имеет loading/error/disabled где требуется и не теряет данные.",Статически проиндексировано; route/touch/type/lint guards пройдены. Физическое касание на Android не выполнялось.,"Static 48dp/accessibility guards применены; TalkBack, focus order и реальная hit area требуют Device QA.",STATIC_PASS_DEVICE_QA_REQUIRED,verify:route-integrity; verify:touch-targets; typecheck; lint,YES
app/auth/onboarding.tsx,255,PressScale,{value},"key={value} | onPress={() => setDraft((state) => ({ ...state, periodLength: value }))} | style={[styles.durationButton, { borderColor: draft.periodLength === value ? LousaPalette.berry : colors.outlineVariant, backgroundColor: draft.periodLength === value ? '#F8E7ED' : 'tran","Действие соответствует подписи, не дублируется, имеет loading/error/disabled где требуется и не теряет данные.",Статически проиндексировано; route/touch/type/lint guards пройдены. Физическое касание на Android не выполнялось.,"Static 48dp/accessibility guards применены; TalkBack, focus order и реальная hit area требуют Device QA.",STATIC_PASS_DEVICE_QA_REQUIRED,verify:route-integrity; verify:touch-targets; typecheck; lint,YES
app/auth/onboarding.tsx,256,PressScale,{copy.unknown},"onPress={() => setDraft((state) => ({ ...state, periodLength: null }))} | style={styles.unknownButton}","Действие соответствует подписи, не дублируется, имеет loading/error/disabled где требуется и не теряет данные.",Статически проиндексировано; route/touch/type/lint guards пройдены. Физическое касание на Android не выполнялось.,"Static 48dp/accessibility guards применены; TalkBack, focus order и реальная hit area требуют Device QA.",STATIC_PASS_DEVICE_QA_REQUIRED,verify:route-integrity; verify:touch-targets; typecheck; lint,YES
app/auth/onboarding.tsx,271,PressScale,{copy.tones[tone]},"key={tone} | onPress={() => setDraft((state) => ({ ...state, communicationStyle: tone }))} | style={[styles.toneButton, { borderColor: draft.communicationStyle === tone ? LousaPalette.berry : colors.outlineVariant, backgroundColor: draft.communicationStyle === tone ? '#F8E7ED' :","Действие соответствует подписи, не дублируется, имеет loading/error/disabled где требуется и не теряет данные.",Статически проиндексировано; route/touch/type/lint guards пройдены. Физическое касание на Android не выполнялось.,"Static 48dp/accessibility guards применены; TalkBack, focus order и реальная hit area требуют Device QA.",STATIC_PASS_DEVICE_QA_REQUIRED,verify:route-integrity; verify:touch-targets; typecheck; lint,YES
app/auth/onboarding.tsx,278,PressScale,{copy.consent},"onPress={() => { setDraft((state) => ({ ...state, consentAccepted: !state.consentAccepted })); setError(''); }} | style={[styles.consentRow, { borderColor: draft.consentAccepted ? LousaPalette.berry : colors.outlineVariant }]}","Действие соответствует подписи, не дублируется, имеет loading/error/disabled где требуется и не теряет данные.",Статически проиндексировано; route/touch/type/lint guards пройдены. Физическое касание на Android не выполнялось.,"Static 48dp/accessibility guards применены; TalkBack, focus order и реальная hit area требуют Device QA.",STATIC_PASS_DEVICE_QA_REQUIRED,verify:route-integrity; verify:touch-targets; typecheck; lint,YES
app/auth/onboarding.tsx,289,PressScale,{copy.skip},"onPress={() => setDraft((state) => ({ ...state, periodStarts: [state.selectedDate], step: 3 }))} | style={styles.skipButton}","Действие соответствует подписи, не дублируется, имеет loading/error/disabled где требуется и не теряет данные.",Статически проиндексировано; route/touch/type/lint guards пройдены. Физическое касание на Android не выполнялось.,"Static 48dp/accessibility guards применены; TalkBack, focus order и реальная hit area требуют Device QA.",STATIC_PASS_DEVICE_QA_REQUIRED,verify:route-integrity; verify:touch-targets; typecheck; lint,YES
app/auth/onboarding.tsx,290,PrimaryAction,,label={draft.step === 3 ? copy.finish : copy.next} | icon={draft.step === 3 ? 'check' : 'arrow_forward'} | onPress={() => draft.step === 3 ? finish().catch(() => {}) : next()},"Действие соответствует подписи, не дублируется, имеет loading/error/disabled где требуется и не теряет данные.",Статически проиндексировано; route/touch/type/lint guards пройдены. Физическое касание на Android не выполнялось.,"Static 48dp/accessibility guards применены; TalkBack, focus order и реальная hit area требуют Device QA.",STATIC_PASS_DEVICE_QA_REQUIRED,verify:route-integrity; verify:touch-targets; typecheck; lint,YES
app/screens/address-map-picker.tsx,318,PressScale,,"onPress={() => router.back()} | style={[styles.back, { backgroundColor: colors.surface }]}","Действие соответствует подписи, не дублируется, имеет loading/error/disabled где требуется и не теряет данные.",Статически проиндексировано; route/touch/type/lint guards пройдены. Физическое касание на Android не выполнялось.,"Static 48dp/accessibility guards применены; TalkBack, focus order и реальная hit area требуют Device QA.",STATIC_PASS_DEVICE_QA_REQUIRED,verify:route-integrity; verify:touch-targets; typecheck; lint,YES
app/screens/address-map-picker.tsx,366,TextInput,,"value={searchText} | onChangeText={onSearchChange} | placeholder={copy.search} | placeholderTextColor={colors.outline} | style={[styles.searchInput, { color: colors.onBackground }]} | returnKeyType=""search"" | autoCorrect={false}","Действие соответствует подписи, не дублируется, имеет loading/error/disabled где требуется и не теряет данные.",Статически проиндексировано; route/touch/type/lint guards пройдены. Физическое касание на Android не выполнялось.,"Static 48dp/accessibility guards применены; TalkBack, focus order и реальная hit area требуют Device QA.",STATIC_PASS_DEVICE_QA_REQUIRED,verify:route-integrity; verify:touch-targets; typecheck; lint,YES
app/screens/address-map-picker.tsx,382,Pressable,,"key={item.placeId} | onPress={() => void selectPrediction(item)} | style={[ styles.prediction, index > 0 && { borderTopWidth: StyleSheet.hairlineWidth, borderTopColor: colors.outlineVariant, }, ]}","Действие соответствует подписи, не дублируется, имеет loading/error/disabled где требуется и не теряет данные.",Статически проиндексировано; route/touch/type/lint guards пройдены. Физическое касание на Android не выполнялось.,"Static 48dp/accessibility guards применены; TalkBack, focus order и реальная hit area требуют Device QA.",STATIC_PASS_DEVICE_QA_REQUIRED,verify:route-integrity; verify:touch-targets; typecheck; lint,YES
app/screens/address-map-picker.tsx,424,PressScale,"{locating ? ( <ActivityIndicator size=""small"" color={LousaPalette.berry} /> ) : ( <MaterialSymbol name=""my_location"" size={23} color={LousaPalette.berry} /> )}","onPress={() => void locateUser()} | style={[styles.locationButton, { backgroundColor: colors.surface }]}","Действие соответствует подписи, не дублируется, имеет loading/error/disabled где требуется и не теряет данные.",Статически проиндексировано; route/touch/type/lint guards пройдены. Физическое касание на Android не выполнялось.,"Static 48dp/accessibility guards применены; TalkBack, focus order и реальная hit area требуют Device QA.",STATIC_PASS_DEVICE_QA_REQUIRED,verify:route-integrity; verify:touch-targets; typecheck; lint,YES
app/screens/address-map-picker.tsx,475,PrimaryAction,,"label={copy.confirm} | icon=""check"" | onPress={confirm} | disabled={!canConfirm}","Действие соответствует подписи, не дублируется, имеет loading/error/disabled где требуется и не теряет данные.",Статически проиндексировано; route/touch/type/lint guards пройдены. Физическое касание на Android не выполнялось.,"Static 48dp/accessibility guards применены; TalkBack, focus order и реальная hit area требуют Device QA.",STATIC_PASS_DEVICE_QA_REQUIRED,verify:route-integrity; verify:touch-targets; typecheck; lint,YES
app/screens/address-map.tsx,638,PressScale,,"onPress={() => router.back()} | style={[styles.iconButton, { backgroundColor: colors.surface }]}","Действие соответствует подписи, не дублируется, имеет loading/error/disabled где требуется и не теряет данные.",Статически проиндексировано; route/touch/type/lint guards пройдены. Физическое касание на Android не выполнялось.,"Static 48dp/accessibility guards применены; TalkBack, focus order и реальная hit area требуют Device QA.",STATIC_PASS_DEVICE_QA_REQUIRED,verify:route-integrity; verify:touch-targets; typecheck; lint,YES
app/screens/address-map.tsx,681,TextInput,,"value={searchText} | onChangeText={handleSearchChange} | placeholder={copy.search} | placeholderTextColor={colors.outline} | style={[styles.searchInput, { color: colors.onBackground }]} | autoCorrect={false} | returnKeyType=""search""","Действие соответствует подписи, не дублируется, имеет loading/error/disabled где требуется и не теряет данные.",Статически проиндексировано; route/touch/type/lint guards пройдены. Физическое касание на Android не выполнялось.,"Static 48dp/accessibility guards применены; TalkBack, focus order и реальная hit area требуют Device QA.",STATIC_PASS_DEVICE_QA_REQUIRED,verify:route-integrity; verify:touch-targets; typecheck; lint,YES
app/screens/address-map.tsx,695,Pressable,,"key={item.placeId} | onPress={() => void selectPrediction(item)} | style={[styles.predictionRow, index > 0 && { borderTopWidth: StyleSheet.hairlineWidth, borderTopColor: colors.outlineVariant }]}","Действие соответствует подписи, не дублируется, имеет loading/error/disabled где требуется и не теряет данные.",Статически проиндексировано; route/touch/type/lint guards пройдены. Физическое касание на Android не выполнялось.,"Static 48dp/accessibility guards применены; TalkBack, focus order и реальная hit area требуют Device QA.",STATIC_PASS_DEVICE_QA_REQUIRED,verify:route-integrity; verify:touch-targets; typecheck; lint,YES
app/screens/address-map.tsx,722,PressScale,{copy.retry},onPress={() => { setMapError(''); setMapReady(false); setMapInstanceKey((value) => value + 1); }} | style={styles.retryButton},"Действие соответствует подписи, не дублируется, имеет loading/error/disabled где требуется и не теряет данные.",Статически проиндексировано; route/touch/type/lint guards пройдены. Физическое касание на Android не выполнялось.,"Static 48dp/accessibility guards применены; TalkBack, focus order и реальная hit area требуют Device QA.",STATIC_PASS_DEVICE_QA_REQUIRED,verify:route-integrity; verify:touch-targets; typecheck; lint,YES
app/screens/address-map.tsx,735,PressScale,"{locating ? <ActivityIndicator size=""small"" color={LousaPalette.berry} /> : <MaterialSymbol name=""my_location"" size={22} color={LousaPalette.berry} />}","onPress={() => void handleUseMyLocation()} | style={[styles.locationButton, { backgroundColor: colors.surface }]}","Действие соответствует подписи, не дублируется, имеет loading/error/disabled где требуется и не теряет данные.",Статически проиндексировано; route/touch/type/lint guards пройдены. Физическое касание на Android не выполнялось.,"Static 48dp/accessibility guards применены; TalkBack, focus order и реальная hit area требуют Device QA.",STATIC_PASS_DEVICE_QA_REQUIRED,verify:route-integrity; verify:touch-targets; typecheck; lint,YES
app/screens/address-map.tsx,742,PressScale,{copy.openMap},"onPress={() => { openPicker({ latitude: coordinate.latitude, longitude: coordinate.longitude, formattedAddress }); router.push('/screens/address-map-picker'); }} | style={[styles.openMapButton, { borderColor: colors.outlineVariant, backgroundColor: colors.surface }]}","Действие соответствует подписи, не дублируется, имеет loading/error/disabled где требуется и не теряет данные.",Статически проиндексировано; route/touch/type/lint guards пройдены. Физическое касание на Android не выполнялось.,"Static 48dp/accessibility guards применены; TalkBack, focus order и реальная hit area требуют Device QA.",STATIC_PASS_DEVICE_QA_REQUIRED,verify:route-integrity; verify:touch-targets; typecheck; lint,YES
app/screens/address-map.tsx,759,PressScale,{copy.openSettings},onPress={() => void Linking.openSettings()} | style={styles.settingsButton},"Действие соответствует подписи, не дублируется, имеет loading/error/disabled где требуется и не теряет данные.",Статически проиндексировано; route/touch/type/lint guards пройдены. Физическое касание на Android не выполнялось.,"Static 48dp/accessibility guards применены; TalkBack, focus order и реальная hit area требуют Device QA.",STATIC_PASS_DEVICE_QA_REQUIRED,verify:route-integrity; verify:touch-targets; typecheck; lint,YES
app/screens/address-map.tsx,782,Field,,label={copy.recipient} | value={recipientName} | onChangeText={setRecipientName} | flex={1.25},"Действие соответствует подписи, не дублируется, имеет loading/error/disabled где требуется и не теряет данные.",Статически проиндексировано; route/touch/type/lint guards пройдены. Физическое касание на Android не выполнялось.,"Static 48dp/accessibility guards применены; TalkBack, focus order и реальная hit area требуют Device QA.",STATIC_PASS_DEVICE_QA_REQUIRED,verify:route-integrity; verify:touch-targets; typecheck; lint,YES
app/screens/address-map.tsx,783,Field,,"label={copy.phone} | value={deliveryPhone} | onChangeText={setDeliveryPhone} | flex={1} | keyboardType=""phone-pad""","Действие соответствует подписи, не дублируется, имеет loading/error/disabled где требуется и не теряет данные.",Статически проиндексировано; route/touch/type/lint guards пройдены. Физическое касание на Android не выполнялось.,"Static 48dp/accessibility guards применены; TalkBack, focus order и реальная hit area требуют Device QA.",STATIC_PASS_DEVICE_QA_REQUIRED,verify:route-integrity; verify:touch-targets; typecheck; lint,YES
app/screens/address-map.tsx,789,PressScale,{item.label},"key={item.value} | onPress={() => setLabel(item.value)} | style={[ styles.labelChip, { borderColor: label === item.value ? LousaPalette.berry : colors.outlineVariant }, label === item.value && { backgroundColor: isDark ? 'rgba(217,133,165,0.16)","Действие соответствует подписи, не дублируется, имеет loading/error/disabled где требуется и не теряет данные.",Статически проиндексировано; route/touch/type/lint guards пройдены. Физическое касание на Android не выполнялось.,"Static 48dp/accessibility guards применены; TalkBack, focus order и реальная hit area требуют Device QA.",STATIC_PASS_DEVICE_QA_REQUIRED,verify:route-integrity; verify:touch-targets; typecheck; lint,YES
app/screens/address-map.tsx,806,PressScale,{item.label},"key={item.value} | onPress={() => setAddressType(item.value)} | style={[styles.labelChip, { borderColor: addressType === item.value ? LousaPalette.berry : colors.outlineVariant }, addressType === item.value && { backgroundColor: isDark ? 'rgba(217,13","Действие соответствует подписи, не дублируется, имеет loading/error/disabled где требуется и не теряет данные.",Статически проиндексировано; route/touch/type/lint guards пройдены. Физическое касание на Android не выполнялось.,"Static 48dp/accessibility guards применены; TalkBack, focus order и реальная hit area требуют Device QA.",STATIC_PASS_DEVICE_QA_REQUIRED,verify:route-integrity; verify:touch-targets; typecheck; lint,YES
app/screens/address-map.tsx,813,Field,,label={copy.street} | value={street} | onChangeText={setStreet} | flex={2},"Действие соответствует подписи, не дублируется, имеет loading/error/disabled где требуется и не теряет данные.",Статически проиндексировано; route/touch/type/lint guards пройдены. Физическое касание на Android не выполнялось.,"Static 48dp/accessibility guards применены; TalkBack, focus order и реальная hit area требуют Device QA.",STATIC_PASS_DEVICE_QA_REQUIRED,verify:route-integrity; verify:touch-targets; typecheck; lint,YES
app/screens/address-map.tsx,814,Field,,label={copy.house} | value={house} | onChangeText={setHouse} | flex={1},"Действие соответствует подписи, не дублируется, имеет loading/error/disabled где требуется и не теряет данные.",Статически проиндексировано; route/touch/type/lint guards пройдены. Физическое касание на Android не выполнялось.,"Static 48dp/accessibility guards применены; TalkBack, focus order и реальная hit area требуют Device QA.",STATIC_PASS_DEVICE_QA_REQUIRED,verify:route-integrity; verify:touch-targets; typecheck; lint,YES
app/screens/address-map.tsx,819,Field,,label={copy.entrance} | value={entrance} | onChangeText={setEntrance} | flex={1},"Действие соответствует подписи, не дублируется, имеет loading/error/disabled где требуется и не теряет данные.",Статически проиндексировано; route/touch/type/lint guards пройдены. Физическое касание на Android не выполнялось.,"Static 48dp/accessibility guards применены; TalkBack, focus order и реальная hit area требуют Device QA.",STATIC_PASS_DEVICE_QA_REQUIRED,verify:route-integrity; verify:touch-targets; typecheck; lint,YES
app/screens/address-map.tsx,820,Field,,"label={copy.floor} | value={floor} | onChangeText={setFloor} | flex={1} | keyboardType=""number-pad""","Действие соответствует подписи, не дублируется, имеет loading/error/disabled где требуется и не теряет данные.",Статически проиндексировано; route/touch/type/lint guards пройдены. Физическое касание на Android не выполнялось.,"Static 48dp/accessibility guards применены; TalkBack, focus order и реальная hit area требуют Device QA.",STATIC_PASS_DEVICE_QA_REQUIRED,verify:route-integrity; verify:touch-targets; typecheck; lint,YES
app/screens/address-map.tsx,821,Field,,label={copy.apartment} | value={apartment} | onChangeText={setApartment} | flex={1},"Действие соответствует подписи, не дублируется, имеет loading/error/disabled где требуется и не теряет данные.",Статически проиндексировано; route/touch/type/lint guards пройдены. Физическое касание на Android не выполнялось.,"Static 48dp/accessibility guards применены; TalkBack, focus order и реальная hit area требуют Device QA.",STATIC_PASS_DEVICE_QA_REQUIRED,verify:route-integrity; verify:touch-targets; typecheck; lint,YES
app/screens/address-map.tsx,823,Field,,label={copy.intercom} | value={intercomCode} | onChangeText={setIntercomCode},"Действие соответствует подписи, не дублируется, имеет loading/error/disabled где требуется и не теряет данные.",Статически проиндексировано; route/touch/type/lint guards пройдены. Физическое касание на Android не выполнялось.,"Static 48dp/accessibility guards применены; TalkBack, focus order и реальная hit area требуют Device QA.",STATIC_PASS_DEVICE_QA_REQUIRED,verify:route-integrity; verify:touch-targets; typecheck; lint,YES
app/screens/address-map.tsx,828,Field,,label={copy.landmark} | value={landmark} | onChangeText={setLandmark},"Действие соответствует подписи, не дублируется, имеет loading/error/disabled где требуется и не теряет данные.",Статически проиндексировано; route/touch/type/lint guards пройдены. Физическое касание на Android не выполнялось.,"Static 48dp/accessibility guards применены; TalkBack, focus order и реальная hit area требуют Device QA.",STATIC_PASS_DEVICE_QA_REQUIRED,verify:route-integrity; verify:touch-targets; typecheck; lint,YES
app/screens/address-map.tsx,829,Field,,label={copy.gateDetails} | value={gateDetails} | onChangeText={setGateDetails},"Действие соответствует подписи, не дублируется, имеет loading/error/disabled где требуется и не теряет данные.",Статически проиндексировано; route/touch/type/lint guards пройдены. Физическое касание на Android не выполнялось.,"Static 48dp/accessibility guards применены; TalkBack, focus order и реальная hit area требуют Device QA.",STATIC_PASS_DEVICE_QA_REQUIRED,verify:route-integrity; verify:touch-targets; typecheck; lint,YES
app/screens/address-map.tsx,834,Field,,label={copy.company} | value={companyName} | onChangeText={setCompanyName},"Действие соответствует подписи, не дублируется, имеет loading/error/disabled где требуется и не теряет данные.",Статически проиндексировано; route/touch/type/lint guards пройдены. Физическое касание на Android не выполнялось.,"Static 48dp/accessibility guards применены; TalkBack, focus order и реальная hit area требуют Device QA.",STATIC_PASS_DEVICE_QA_REQUIRED,verify:route-integrity; verify:touch-targets; typecheck; lint,YES
app/screens/address-map.tsx,836,Field,,"label={copy.floor} | value={floor} | onChangeText={setFloor} | keyboardType=""number-pad""","Действие соответствует подписи, не дублируется, имеет loading/error/disabled где требуется и не теряет данные.",Статически проиндексировано; route/touch/type/lint guards пройдены. Физическое касание на Android не выполнялось.,"Static 48dp/accessibility guards применены; TalkBack, focus order и реальная hit area требуют Device QA.",STATIC_PASS_DEVICE_QA_REQUIRED,verify:route-integrity; verify:touch-targets; typecheck; lint,YES
app/screens/address-map.tsx,837,Field,,label={copy.officeNumber} | value={officeNumber} | onChangeText={setOfficeNumber},"Действие соответствует подписи, не дублируется, имеет loading/error/disabled где требуется и не теряет данные.",Статически проиндексировано; route/touch/type/lint guards пройдены. Физическое касание на Android не выполнялось.,"Static 48dp/accessibility guards применены; TalkBack, focus order и реальная hit area требуют Device QA.",STATIC_PASS_DEVICE_QA_REQUIRED,verify:route-integrity; verify:touch-targets; typecheck; lint,YES
app/screens/address-map.tsx,839,Field,,label={copy.contact} | value={contactPerson} | onChangeText={setContactPerson},"Действие соответствует подписи, не дублируется, имеет loading/error/disabled где требуется и не теряет данные.",Статически проиндексировано; route/touch/type/lint guards пройдены. Физическое касание на Android не выполнялось.,"Static 48dp/accessibility guards применены; TalkBack, focus order и реальная hit area требуют Device QA.",STATIC_PASS_DEVICE_QA_REQUIRED,verify:route-integrity; verify:touch-targets; typecheck; lint,YES
app/screens/address-map.tsx,844,Field,,label={copy.hotelName} | value={hotelName} | onChangeText={setHotelName},"Действие соответствует подписи, не дублируется, имеет loading/error/disabled где требуется и не теряет данные.",Статически проиндексировано; route/touch/type/lint guards пройдены. Физическое касание на Android не выполнялось.,"Static 48dp/accessibility guards применены; TalkBack, focus order и реальная hit area требуют Device QA.",STATIC_PASS_DEVICE_QA_REQUIRED,verify:route-integrity; verify:touch-targets; typecheck; lint,YES
app/screens/address-map.tsx,846,Field,,label={copy.roomNumber} | value={roomNumber} | onChangeText={setRoomNumber},"Действие соответствует подписи, не дублируется, имеет loading/error/disabled где требуется и не теряет данные.",Статически проиндексировано; route/touch/type/lint guards пройдены. Физическое касание на Android не выполнялось.,"Static 48dp/accessibility guards применены; TalkBack, focus order и реальная hit area требуют Device QA.",STATIC_PASS_DEVICE_QA_REQUIRED,verify:route-integrity; verify:touch-targets; typecheck; lint,YES
app/screens/address-map.tsx,847,Field,,label={copy.contact} | value={contactPerson} | onChangeText={setContactPerson},"Действие соответствует подписи, не дублируется, имеет loading/error/disabled где требуется и не теряет данные.",Статически проиндексировано; route/touch/type/lint guards пройдены. Физическое касание на Android не выполнялось.,"Static 48dp/accessibility guards применены; TalkBack, focus order и реальная hit area требуют Device QA.",STATIC_PASS_DEVICE_QA_REQUIRED,verify:route-integrity; verify:touch-targets; typecheck; lint,YES
app/screens/address-map.tsx,851,Field,,label={copy.landmark} | value={landmark} | onChangeText={setLandmark},"Действие соответствует подписи, не дублируется, имеет loading/error/disabled где требуется и не теряет данные.",Статически проиндексировано; route/touch/type/lint guards пройдены. Физическое касание на Android не выполнялось.,"Static 48dp/accessibility guards применены; TalkBack, focus order и реальная hit area требуют Device QA.",STATIC_PASS_DEVICE_QA_REQUIRED,verify:route-integrity; verify:touch-targets; typecheck; lint,YES
app/screens/address-map.tsx,856,PressScale,{item.label},"key={item.value} | onPress={() => setHandoffType(item.value)} | style={[styles.labelChip, { borderColor: handoffType === item.value ? LousaPalette.berry : colors.outlineVariant }, handoffType === item.value && { backgroundColor: isDark ? 'rgba(217,13","Действие соответствует подписи, не дублируется, имеет loading/error/disabled где требуется и не теряет данные.",Статически проиндексировано; route/touch/type/lint guards пройдены. Физическое касание на Android не выполнялось.,"Static 48dp/accessibility guards применены; TalkBack, focus order и реальная hit area требуют Device QA.",STATIC_PASS_DEVICE_QA_REQUIRED,verify:route-integrity; verify:touch-targets; typecheck; lint,YES
app/screens/address-map.tsx,863,Field,,label={copy.leaveLocation} | value={leaveAtDoorLocation} | onChangeText={setLeaveAtDoorLocation},"Действие соответствует подписи, не дублируется, имеет loading/error/disabled где требуется и не теряет данные.",Статически проиндексировано; route/touch/type/lint guards пройдены. Физическое касание на Android не выполнялось.,"Static 48dp/accessibility guards применены; TalkBack, focus order и реальная hit area требуют Device QA.",STATIC_PASS_DEVICE_QA_REQUIRED,verify:route-integrity; verify:touch-targets; typecheck; lint,YES
app/screens/address-map.tsx,865,BooleanOption,,label={copy.callBefore} | value={callOnArrival} | onPress={() => setCallOnArrival((value) => !value)},"Действие соответствует подписи, не дублируется, имеет loading/error/disabled где требуется и не теряет данные.",Статически проиндексировано; route/touch/type/lint guards пройдены. Физическое касание на Android не выполнялось.,"Static 48dp/accessibility guards применены; TalkBack, focus order и реальная hit area требуют Device QA.",STATIC_PASS_DEVICE_QA_REQUIRED,verify:route-integrity; verify:touch-targets; typecheck; lint,YES
app/screens/address-map.tsx,866,BooleanOption,,label={copy.doNotKnock} | value={doNotKnock} | onPress={() => setDoNotKnock((value) => !value)},"Действие соответствует подписи, не дублируется, имеет loading/error/disabled где требуется и не теряет данные.",Статически проиндексировано; route/touch/type/lint guards пройдены. Физическое касание на Android не выполнялось.,"Static 48dp/accessibility guards применены; TalkBack, focus order и реальная hit area требуют Device QA.",STATIC_PASS_DEVICE_QA_REQUIRED,verify:route-integrity; verify:touch-targets; typecheck; lint,YES
app/screens/address-map.tsx,867,BooleanOption,,label={copy.photoProof} | value={photoConfirmation} | onPress={() => setPhotoConfirmation((value) => !value)},"Действие соответствует подписи, не дублируется, имеет loading/error/disabled где требуется и не теряет данные.",Статически проиндексировано; route/touch/type/lint guards пройдены. Физическое касание на Android не выполнялось.,"Static 48dp/accessibility guards применены; TalkBack, focus order и реальная hit area требуют Device QA.",STATIC_PASS_DEVICE_QA_REQUIRED,verify:route-integrity; verify:touch-targets; typecheck; lint,YES
app/screens/address-map.tsx,872,TextInput,,"value={instructions} | onChangeText={setInstructions} | placeholder={copy.notePlaceholder} | placeholderTextColor={colors.outline} | multiline | style={[ styles.input, styles.textArea, { color: colors.onBackground, borderColor: colors.outlineVariant, backgroundColor: isDark ? 'rgba(255,255,255,0.04)' : '#FCF8FA' }, ]}","Действие соответствует подписи, не дублируется, имеет loading/error/disabled где требуется и не теряет данные.",Статически проиндексировано; route/touch/type/lint guards пройдены. Физическое касание на Android не выполнялось.,"Static 48dp/accessibility guards применены; TalkBack, focus order и реальная hit area требуют Device QA.",STATIC_PASS_DEVICE_QA_REQUIRED,verify:route-integrity; verify:touch-targets; typecheck; lint,YES
app/screens/address-map.tsx,887,PrimaryAction,,"label={saving ? `${copy.confirm}…` : copy.confirm} | icon=""location_on"" | onPress={() => void confirmAddress()}","Действие соответствует подписи, не дублируется, имеет loading/error/disabled где требуется и не теряет данные.",Статически проиндексировано; route/touch/type/lint guards пройдены. Физическое касание на Android не выполнялось.,"Static 48dp/accessibility guards применены; TalkBack, focus order и реальная hit area требуют Device QA.",STATIC_PASS_DEVICE_QA_REQUIRED,verify:route-integrity; verify:touch-targets; typecheck; lint,YES
app/screens/address-map.tsx,897,PressScale,{label},"onPress={onPress} | style={[styles.booleanOption, { borderColor: value ? LousaPalette.berry : colors.outlineVariant, backgroundColor: value ? (isDark ? 'rgba(217,133,165,0.14)' : '#F8E7ED') : 'transparent' ","Действие соответствует подписи, не дублируется, имеет loading/error/disabled где требуется и не теряет данные.",Статически проиндексировано; route/touch/type/lint guards пройдены. Физическое касание на Android не выполнялось.,"Static 48dp/accessibility guards применены; TalkBack, focus order и реальная hit area требуют Device QA.",STATIC_PASS_DEVICE_QA_REQUIRED,verify:route-integrity; verify:touch-targets; typecheck; lint,YES
app/screens/address-map.tsx,923,TextInput,,"value={value} | onChangeText={onChangeText} | keyboardType={keyboardType} | placeholderTextColor={colors.outline} | style={[ styles.input, { color: colors.onBackground, borderColor: colors.outlineVariant, backgroundColor: isDark ? 'rgba(255,255,255,0.04)' : '#FCF8FA' }, ]}","Действие соответствует подписи, не дублируется, имеет loading/error/disabled где требуется и не теряет данные.",Статически проиндексировано; route/touch/type/lint guards пройдены. Физическое касание на Android не выполнялось.,"Static 48dp/accessibility guards применены; TalkBack, focus order и реальная hit area требуют Device QA.",STATIC_PASS_DEVICE_QA_REQUIRED,verify:route-integrity; verify:touch-targets; typecheck; lint,YES
app/screens/ai-chat.tsx,138,PressScale,{prompt},"key={prompt} | onPress={() => send(prompt)} | style={[styles.quickPrompt, { borderColor: colors.outlineVariant }]}","Действие соответствует подписи, не дублируется, имеет loading/error/disabled где требуется и не теряет данные.","Удалено из production route; AI заменён честным справочником, UX Lab вынесен в tools/internal.","Static 48dp/accessibility guards применены; TalkBack, focus order и реальная hit area требуют Device QA.",REMOVED_FROM_PRODUCTION,verify:route-integrity; verify:mobile-only-boundary,YES
app/screens/ai-chat.tsx,145,TextInput,,"value={input} | onChangeText={setInput} | placeholder={copy.placeholder} | placeholderTextColor={colors.outline} | style={[styles.input, { color: colors.onBackground, backgroundColor: isDark ? '#23202B' : '#FFFDFE', borderColor: colors.outlineVariant }]} | multiline | maxLength={500}","Действие соответствует подписи, не дублируется, имеет loading/error/disabled где требуется и не теряет данные.","Удалено из production route; AI заменён честным справочником, UX Lab вынесен в tools/internal.","Static 48dp/accessibility guards применены; TalkBack, focus order и реальная hit area требуют Device QA.",REMOVED_FROM_PRODUCTION,verify:route-integrity; verify:mobile-only-boundary,YES
app/screens/ai-chat.tsx,146,PressScale,,onPress={() => send()} | disabled={!input.trim() || typing} | style={styles.sendButton} | accessibilityLabel={copy.send},"Действие соответствует подписи, не дублируется, имеет loading/error/disabled где требуется и не теряет данные.","Удалено из production route; AI заменён честным справочником, UX Lab вынесен в tools/internal.","Static 48dp/accessibility guards применены; TalkBack, focus order и реальная hit area требуют Device QA.",REMOVED_FROM_PRODUCTION,verify:route-integrity; verify:mobile-only-boundary,YES
app/screens/analytics.tsx,80,PrimaryAction,,"label={copy.log} | icon=""edit_note"" | onPress={() => router.push('/screens/log-state')}","Действие соответствует подписи, не дублируется, имеет loading/error/disabled где требуется и не теряет данные.",Статически проиндексировано; route/touch/type/lint guards пройдены. Физическое касание на Android не выполнялось.,"Static 48dp/accessibility guards применены; TalkBack, focus order и реальная hit area требуют Device QA.",STATIC_PASS_DEVICE_QA_REQUIRED,verify:route-integrity; verify:touch-targets; typecheck; lint,YES
app/screens/analytics.tsx,94,PressScale,{label},"key={label} | onPress={() => setPeriodIndex(index)} | style={[styles.periodTab, periodIndex === index && styles.periodTabActive]}","Действие соответствует подписи, не дублируется, имеет loading/error/disabled где требуется и не теряет данные.",Статически проиндексировано; route/touch/type/lint guards пройдены. Физическое касание на Android не выполнялось.,"Static 48dp/accessibility guards применены; TalkBack, focus order и реальная hit area требуют Device QA.",STATIC_PASS_DEVICE_QA_REQUIRED,verify:route-integrity; verify:touch-targets; typecheck; lint,YES
app/screens/box-feedback.tsx,54,PressScale,{item ? copy.yes : copy.no},"key={String(item)} | onPress={() => onChange(item)} | style={[styles.choice, { borderColor: value === item ? LousaPalette.berry : colors.outlineVariant, backgroundColor: value === item ? (isDark ? 'rgba(217,133,165,0.18)' : '#F8E7ED') : 'tr","Действие соответствует подписи, не дублируется, имеет loading/error/disabled где требуется и не теряет данные.",Статически проиндексировано; route/touch/type/lint guards пройдены. Физическое касание на Android не выполнялось.,"Static 48dp/accessibility guards применены; TalkBack, focus order и реальная hit area требуют Device QA.",STATIC_PASS_DEVICE_QA_REQUIRED,verify:route-integrity; verify:touch-targets; typecheck; lint,YES
app/screens/box-feedback.tsx,68,PressScale,{item.name},"key={item.id} | onPress={() => toggle(liked, item.name, setLiked)} | style={[styles.chip, { borderColor: liked.includes(item.name) ? LousaPalette.berry : colors.outlineVariant, backgroundColor: liked.includes(item.name) ? (isDark ? 'rgba(217,133,165,0.18)","Действие соответствует подписи, не дублируется, имеет loading/error/disabled где требуется и не теряет данные.",Статически проиндексировано; route/touch/type/lint guards пройдены. Физическое касание на Android не выполнялось.,"Static 48dp/accessibility guards применены; TalkBack, focus order и реальная hit area требуют Device QA.",STATIC_PASS_DEVICE_QA_REQUIRED,verify:route-integrity; verify:touch-targets; typecheck; lint,YES
app/screens/box-feedback.tsx,71,PressScale,{item.name},"key={item.id} | onPress={() => toggle(remove, item.name, setRemove)} | style={[styles.chip, { borderColor: remove.includes(item.name) ? LousaPalette.danger : colors.outlineVariant, backgroundColor: remove.includes(item.name) ? 'rgba(185,79,98,0.08)' : 'tran","Действие соответствует подписи, не дублируется, имеет loading/error/disabled где требуется и не теряет данные.",Статически проиндексировано; route/touch/type/lint guards пройдены. Физическое касание на Android не выполнялось.,"Static 48dp/accessibility guards применены; TalkBack, focus order и реальная hit area требуют Device QA.",STATIC_PASS_DEVICE_QA_REQUIRED,verify:route-integrity; verify:touch-targets; typecheck; lint,YES
app/screens/box-feedback.tsx,82,TextInput,,"value={note} | onChangeText={setNote} | placeholder={copy.placeholder} | placeholderTextColor={colors.outline} | multiline | style={[styles.input, { color: colors.onSurface, borderColor: colors.outlineVariant, backgroundColor: isDark ? 'rgba(255,255,255,0.04)' : '#FCF8FA' }]}","Действие соответствует подписи, не дублируется, имеет loading/error/disabled где требуется и не теряет данные.",Статически проиндексировано; route/touch/type/lint guards пройдены. Физическое касание на Android не выполнялось.,"Static 48dp/accessibility guards применены; TalkBack, focus order и реальная hit area требуют Device QA.",STATIC_PASS_DEVICE_QA_REQUIRED,verify:route-integrity; verify:touch-targets; typecheck; lint,YES
app/screens/box-feedback.tsx,84,PrimaryAction,,"label={copy.save} | icon=""check"" | onPress={save}","Действие соответствует подписи, не дублируется, имеет loading/error/disabled где требуется и не теряет данные.",Статически проиндексировано; route/touch/type/lint guards пройдены. Физическое касание на Android не выполнялось.,"Static 48dp/accessibility guards применены; TalkBack, focus order и реальная hit area требуют Device QA.",STATIC_PASS_DEVICE_QA_REQUIRED,verify:route-integrity; verify:touch-targets; typecheck; lint,YES
app/screens/box-feedback.tsx,91,PressScale,,key={item} | onPress={() => onChange(item)} | style={styles.star},"Действие соответствует подписи, не дублируется, имеет loading/error/disabled где требуется и не теряет данные.",Статически проиндексировано; route/touch/type/lint guards пройдены. Физическое касание на Android не выполнялось.,"Static 48dp/accessibility guards применены; TalkBack, focus order и реальная hit area требуют Device QA.",STATIC_PASS_DEVICE_QA_REQUIRED,verify:route-integrity; verify:touch-targets; typecheck; lint,YES
app/screens/log-state.tsx,140,PressScale,{moodLabels[item.id]},"key={item.id} | onPress={() => setMood(item.id)} | style={[styles.moodCard, compactWidth && styles.moodCardCompact, cardState(selected, isDark)]}","Действие соответствует подписи, не дублируется, имеет loading/error/disabled где требуется и не теряет данные.",Статически проиндексировано; route/touch/type/lint guards пройдены. Физическое касание на Android не выполнялось.,"Static 48dp/accessibility guards применены; TalkBack, focus order и реальная hit area требуют Device QA.",STATIC_PASS_DEVICE_QA_REQUIRED,verify:route-integrity; verify:touch-targets; typecheck; lint,YES
app/screens/log-state.tsx,154,PressScale,{value},"key={value} | onPress={() => setEnergy(value)} | style={[styles.energyCircle, selected && styles.energyCircleSelected, { borderColor: selected ? LousaPalette.berry : colors.outlineVariant }]}","Действие соответствует подписи, не дублируется, имеет loading/error/disabled где требуется и не теряет данные.",Статически проиндексировано; route/touch/type/lint guards пройдены. Физическое касание на Android не выполнялось.,"Static 48dp/accessibility guards применены; TalkBack, focus order и реальная hit area требуют Device QA.",STATIC_PASS_DEVICE_QA_REQUIRED,verify:route-integrity; verify:touch-targets; typecheck; lint,YES
app/screens/log-state.tsx,169,PressScale,{symptomLabels[item.id]},"key={item.id} | onPress={() => toggleSymptom(item.id)} | style={[styles.symptomChip, cardState(selected, isDark)]}","Действие соответствует подписи, не дублируется, имеет loading/error/disabled где требуется и не теряет данные.",Статически проиндексировано; route/touch/type/lint guards пройдены. Физическое касание на Android не выполнялось.,"Static 48dp/accessibility guards применены; TalkBack, focus order и реальная hit area требуют Device QA.",STATIC_PASS_DEVICE_QA_REQUIRED,verify:route-integrity; verify:touch-targets; typecheck; lint,YES
app/screens/log-state.tsx,182,Choice,,label={copy.none} | selected={flow === null} | onPress={() => setFlow(null)},"Действие соответствует подписи, не дублируется, имеет loading/error/disabled где требуется и не теряет данные.",Статически проиндексировано; route/touch/type/lint guards пройдены. Физическое касание на Android не выполнялось.,"Static 48dp/accessibility guards применены; TalkBack, focus order и реальная hit area требуют Device QA.",STATIC_PASS_DEVICE_QA_REQUIRED,verify:route-integrity; verify:touch-targets; typecheck; lint,YES
app/screens/log-state.tsx,183,Choice,,key={value} | label={copy.flowLabels[value]} | selected={flow === value} | onPress={() => setFlow(value)},"Действие соответствует подписи, не дублируется, имеет loading/error/disabled где требуется и не теряет данные.",Статически проиндексировано; route/touch/type/lint guards пройдены. Физическое касание на Android не выполнялось.,"Static 48dp/accessibility guards применены; TalkBack, focus order и реальная hit area требуют Device QA.",STATIC_PASS_DEVICE_QA_REQUIRED,verify:route-integrity; verify:touch-targets; typecheck; lint,YES
app/screens/log-state.tsx,187,Choice,,key={value} | label={String(value)} | selected={painLevel === value} | onPress={() => setPainLevel(value)} | compact,"Действие соответствует подписи, не дублируется, имеет loading/error/disabled где требуется и не теряет данные.",Статически проиндексировано; route/touch/type/lint guards пройдены. Физическое касание на Android не выполнялось.,"Static 48dp/accessibility guards применены; TalkBack, focus order и реальная hit area требуют Device QA.",STATIC_PASS_DEVICE_QA_REQUIRED,verify:route-integrity; verify:touch-targets; typecheck; lint,YES
app/screens/log-state.tsx,193,Choice,,label={copy.no} | selected={!nightLeak} | onPress={() => setNightLeak(false)},"Действие соответствует подписи, не дублируется, имеет loading/error/disabled где требуется и не теряет данные.",Статически проиндексировано; route/touch/type/lint guards пройдены. Физическое касание на Android не выполнялось.,"Static 48dp/accessibility guards применены; TalkBack, focus order и реальная hit area требуют Device QA.",STATIC_PASS_DEVICE_QA_REQUIRED,verify:route-integrity; verify:touch-targets; typecheck; lint,YES
app/screens/log-state.tsx,193,Choice,,label={copy.yes} | selected={nightLeak} | onPress={() => setNightLeak(true)},"Действие соответствует подписи, не дублируется, имеет loading/error/disabled где требуется и не теряет данные.",Статически проиндексировано; route/touch/type/lint guards пройдены. Физическое касание на Android не выполнялось.,"Static 48dp/accessibility guards применены; TalkBack, focus order и реальная hit area требуют Device QA.",STATIC_PASS_DEVICE_QA_REQUIRED,verify:route-integrity; verify:touch-targets; typecheck; lint,YES
app/screens/log-state.tsx,204,TextInput,,"value={basalTemperature} | onChangeText={(value) => setBasalTemperature(value.replace(/[^0-9.,]/g, '').slice(0, 5))} | keyboardType=""decimal-pad"" | placeholder=""36.6 °C"" | placeholderTextColor={colors.outline} | style={[styles.temperatureInput, { color: colors.onSurface, borderColor: colors.outlineVariant, backgroundColor: isDark ? 'rgba(255,255,255,0.04)' : '#FCF8FA' }]}","Действие соответствует подписи, не дублируется, имеет loading/error/disabled где требуется и не теряет данные.",Статически проиндексировано; route/touch/type/lint guards пройдены. Физическое касание на Android не выполнялось.,"Static 48dp/accessibility guards применены; TalkBack, focus order и реальная hit area требуют Device QA.",STATIC_PASS_DEVICE_QA_REQUIRED,verify:route-integrity; verify:touch-targets; typecheck; lint,YES
app/screens/log-state.tsx,215,Choice,,label={copy.none} | selected={cervicalMucus === null} | onPress={() => setCervicalMucus(null)},"Действие соответствует подписи, не дублируется, имеет loading/error/disabled где требуется и не теряет данные.",Статически проиндексировано; route/touch/type/lint guards пройдены. Физическое касание на Android не выполнялось.,"Static 48dp/accessibility guards применены; TalkBack, focus order и реальная hit area требуют Device QA.",STATIC_PASS_DEVICE_QA_REQUIRED,verify:route-integrity; verify:touch-targets; typecheck; lint,YES
app/screens/log-state.tsx,218,Choice,,key={value} | label={label} | selected={cervicalMucus === value} | onPress={() => setCervicalMucus(value)},"Действие соответствует подписи, не дублируется, имеет loading/error/disabled где требуется и не теряет данные.",Статически проиндексировано; route/touch/type/lint guards пройдены. Физическое касание на Android не выполнялось.,"Static 48dp/accessibility guards применены; TalkBack, focus order и реальная hit area требуют Device QA.",STATIC_PASS_DEVICE_QA_REQUIRED,verify:route-integrity; verify:touch-targets; typecheck; lint,YES
app/screens/log-state.tsx,223,Choice,,label={copy.none} | selected={lhTest === null} | onPress={() => setLhTest(null)},"Действие соответствует подписи, не дублируется, имеет loading/error/disabled где требуется и не теряет данные.",Статически проиндексировано; route/touch/type/lint guards пройдены. Физическое касание на Android не выполнялось.,"Static 48dp/accessibility guards применены; TalkBack, focus order и реальная hit area требуют Device QA.",STATIC_PASS_DEVICE_QA_REQUIRED,verify:route-integrity; verify:touch-targets; typecheck; lint,YES
app/screens/log-state.tsx,224,Choice,,label={copy.negative} | selected={lhTest === 'negative'} | onPress={() => setLhTest('negative')},"Действие соответствует подписи, не дублируется, имеет loading/error/disabled где требуется и не теряет данные.",Статически проиндексировано; route/touch/type/lint guards пройдены. Физическое касание на Android не выполнялось.,"Static 48dp/accessibility guards применены; TalkBack, focus order и реальная hit area требуют Device QA.",STATIC_PASS_DEVICE_QA_REQUIRED,verify:route-integrity; verify:touch-targets; typecheck; lint,YES
app/screens/log-state.tsx,225,Choice,,label={copy.positive} | selected={lhTest === 'peak'} | onPress={() => setLhTest('peak')},"Действие соответствует подписи, не дублируется, имеет loading/error/disabled где требуется и не теряет данные.",Статически проиндексировано; route/touch/type/lint guards пройдены. Физическое касание на Android не выполнялось.,"Static 48dp/accessibility guards применены; TalkBack, focus order и реальная hit area требуют Device QA.",STATIC_PASS_DEVICE_QA_REQUIRED,verify:route-integrity; verify:touch-targets; typecheck; lint,YES
app/screens/log-state.tsx,237,TextInput,,"value={notes} | onChangeText={setNotes} | placeholder={copy.placeholder} | placeholderTextColor={colors.outline} | multiline | style={[styles.notes, { color: colors.onSurface, borderColor: colors.outlineVariant, backgroundColor: isDark ? 'rgba(255,255,255,0.04)' : '#FCF8FA' }]}","Действие соответствует подписи, не дублируется, имеет loading/error/disabled где требуется и не теряет данные.",Статически проиндексировано; route/touch/type/lint guards пройдены. Физическое касание на Android не выполнялось.,"Static 48dp/accessibility guards применены; TalkBack, focus order и реальная hit area требуют Device QA.",STATIC_PASS_DEVICE_QA_REQUIRED,verify:route-integrity; verify:touch-targets; typecheck; lint,YES
app/screens/log-state.tsx,242,PrimaryAction,,"label={saving ? `${copy.save}…` : copy.save} | icon=""check"" | onPress={save} | disabled={saving}","Действие соответствует подписи, не дублируется, имеет loading/error/disabled где требуется и не теряет данные.",Статически проиндексировано; route/touch/type/lint guards пройдены. Физическое касание на Android не выполнялось.,"Static 48dp/accessibility guards применены; TalkBack, focus order и реальная hit area требуют Device QA.",STATIC_PASS_DEVICE_QA_REQUIRED,verify:route-integrity; verify:touch-targets; typecheck; lint,YES
app/screens/log-state.tsx,258,PressScale,{label},"onPress={onPress} | style={[styles.choice, compact && styles.choiceCompact, cardState(selected, isDark)]}","Действие соответствует подписи, не дублируется, имеет loading/error/disabled где требуется и не теряет данные.",Статически проиндексировано; route/touch/type/lint guards пройдены. Физическое касание на Android не выполнялось.,"Static 48dp/accessibility guards применены; TalkBack, focus order и реальная hit area требуют Device QA.",STATIC_PASS_DEVICE_QA_REQUIRED,verify:route-integrity; verify:touch-targets; typecheck; lint,YES
app/screens/log-state.tsx,263,PressScale,,"onPress={onMinus} | style={[styles.roundButton, { borderColor: colors.outlineVariant }]}","Действие соответствует подписи, не дублируется, имеет loading/error/disabled где требуется и не теряет данные.",Статически проиндексировано; route/touch/type/lint guards пройдены. Физическое касание на Android не выполнялось.,"Static 48dp/accessibility guards применены; TalkBack, focus order и реальная hit area требуют Device QA.",STATIC_PASS_DEVICE_QA_REQUIRED,verify:route-integrity; verify:touch-targets; typecheck; lint,YES
app/screens/log-state.tsx,263,PressScale,,"onPress={onPlus} | style={[styles.roundButton, styles.roundButtonActive]}","Действие соответствует подписи, не дублируется, имеет loading/error/disabled где требуется и не теряет данные.",Статически проиндексировано; route/touch/type/lint guards пройдены. Физическое касание на Android не выполнялось.,"Static 48dp/accessibility guards применены; TalkBack, focus order и реальная hit area требуют Device QA.",STATIC_PASS_DEVICE_QA_REQUIRED,verify:route-integrity; verify:touch-targets; typecheck; lint,YES
app/screens/notifications.tsx,66,PressScale,,"disabled={disabled} | onPress={onPress} | style={[styles.switchTrack, value && styles.switchTrackOn, disabled && styles.disabled]}","Действие соответствует подписи, не дублируется, имеет loading/error/disabled где требуется и не теряет данные.",Статически проиндексировано; route/touch/type/lint guards пройдены. Физическое касание на Android не выполнялось.,"Static 48dp/accessibility guards применены; TalkBack, focus order и реальная hit area требуют Device QA.",STATIC_PASS_DEVICE_QA_REQUIRED,verify:route-integrity; verify:touch-targets; typecheck; lint,YES
app/screens/notifications.tsx,93,PressScale,{item.label},"key={item.id} | onPress={() => onSelect(item.id)} | style={[styles.chip, { borderColor: active ? LousaPalette.berry : colors.outlineVariant, backgroundColor: active ? (isDark ? 'rgba(217,133,165,0.18)' : '#F8E7ED') : 'transparent' }]}","Действие соответствует подписи, не дублируется, имеет loading/error/disabled где требуется и не теряет данные.",Статически проиндексировано; route/touch/type/lint guards пройдены. Физическое касание на Android не выполнялось.,"Static 48dp/accessibility guards применены; TalkBack, focus order и реальная hit area требуют Device QA.",STATIC_PASS_DEVICE_QA_REQUIRED,verify:route-integrity; verify:touch-targets; typecheck; lint,YES
app/screens/notifications.tsx,178,PressScale,{copy.markAll},onPress={() => { store.markAllRead(); apiNotificationService.markAllRead?.().catch(() => {}); }} | style={styles.textAction},"Действие соответствует подписи, не дублируется, имеет loading/error/disabled где требуется и не теряет данные.",Статически проиндексировано; route/touch/type/lint guards пройдены. Физическое касание на Android не выполнялось.,"Static 48dp/accessibility guards применены; TalkBack, focus order и реальная hit area требуют Device QA.",STATIC_PASS_DEVICE_QA_REQUIRED,verify:route-integrity; verify:touch-targets; typecheck; lint,YES
app/screens/notifications.tsx,179,PressScale,{copy.syncInbox},onPress={() => refreshRemoteInbox().catch(() => {})} | style={styles.textAction},"Действие соответствует подписи, не дублируется, имеет loading/error/disabled где требуется и не теряет данные.",Статически проиндексировано; route/touch/type/lint guards пройдены. Физическое касание на Android не выполнялось.,"Static 48dp/accessibility guards применены; TalkBack, focus order и реальная hit area требуют Device QA.",STATIC_PASS_DEVICE_QA_REQUIRED,verify:route-integrity; verify:touch-targets; typecheck; lint,YES
app/screens/notifications.tsx,180,PressScale,{copy.clear},onPress={store.clearInbox} | style={styles.textAction},"Действие соответствует подписи, не дублируется, имеет loading/error/disabled где требуется и не теряет данные.",Статически проиндексировано; route/touch/type/lint guards пройдены. Физическое касание на Android не выполнялось.,"Static 48dp/accessibility guards применены; TalkBack, focus order и реальная hit area требуют Device QA.",STATIC_PASS_DEVICE_QA_REQUIRED,verify:route-integrity; verify:touch-targets; typecheck; lint,YES
app/screens/notifications.tsx,188,PressScale,,onPress={() => { store.markInboxRead(item.id); apiNotificationService.markRead(item.remoteId || item.id).catch(() => {}); if (item.route) router.push(item.route as never); }} | style={styles.inboxRow},"Действие соответствует подписи, не дублируется, имеет loading/error/disabled где требуется и не теряет данные.",Статически проиндексировано; route/touch/type/lint guards пройдены. Физическое касание на Android не выполнялось.,"Static 48dp/accessibility guards применены; TalkBack, focus order и реальная hit area требуют Device QA.",STATIC_PASS_DEVICE_QA_REQUIRED,verify:route-integrity; verify:touch-targets; typecheck; lint,YES
app/screens/notifications.tsx,205,LousaSwitch,,value={store.enabled && store.permissionStatus === 'granted'} | onPress={toggleMaster} | disabled={busy},"Действие соответствует подписи, не дублируется, имеет loading/error/disabled где требуется и не теряет данные.",Статически проиндексировано; route/touch/type/lint guards пройдены. Физическое касание на Android не выполнялось.,"Static 48dp/accessibility guards применены; TalkBack, focus order и реальная hit area требуют Device QA.",STATIC_PASS_DEVICE_QA_REQUIRED,verify:route-integrity; verify:touch-targets; typecheck; lint,YES
app/screens/notifications.tsx,210,PressScale,{copy.openSettings},onPress={() => openSystemNotificationSettings().catch(() => {})} | style={styles.linkButton},"Действие соответствует подписи, не дублируется, имеет loading/error/disabled где требуется и не теряет данные.",Статически проиндексировано; route/touch/type/lint guards пройдены. Физическое касание на Android не выполнялось.,"Static 48dp/accessibility guards применены; TalkBack, focus order и реальная hit area требуют Device QA.",STATIC_PASS_DEVICE_QA_REQUIRED,verify:route-integrity; verify:touch-targets; typecheck; lint,YES
app/screens/notifications.tsx,231,LousaSwitch,,"disabled={disabled} | value={store[key]} | onPress={() => { store.setCategory(key, !store[key]); setTimeout(() => sync().catch(() => {}), 0); }}","Действие соответствует подписи, не дублируется, имеет loading/error/disabled где требуется и не теряет данные.",Статически проиндексировано; route/touch/type/lint guards пройдены. Физическое касание на Android не выполнялось.,"Static 48dp/accessibility guards применены; TalkBack, focus order и реальная hit area требуют Device QA.",STATIC_PASS_DEVICE_QA_REQUIRED,verify:route-integrity; verify:touch-targets; typecheck; lint,YES
app/screens/notifications.tsx,248,LousaSwitch,,"disabled={disabled} | value={store.quietHoursEnabled} | onPress={() => { store.setQuietHoursEnabled(!store.quietHoursEnabled); setTimeout(() => sync().catch(() => {}), 0); }}","Действие соответствует подписи, не дублируется, имеет loading/error/disabled где требуется и не теряет данные.",Статически проиндексировано; route/touch/type/lint guards пройдены. Физическое касание на Android не выполнялось.,"Static 48dp/accessibility guards применены; TalkBack, focus order и реальная hit area требуют Device QA.",STATIC_PASS_DEVICE_QA_REQUIRED,verify:route-integrity; verify:touch-targets; typecheck; lint,YES
app/screens/notifications.tsx,255,LousaSwitch,,"value={store.privateMode} | onPress={() => { store.setPrivateMode(!store.privateMode); setTimeout(() => sync().catch(() => {}), 0); }}","Действие соответствует подписи, не дублируется, имеет loading/error/disabled где требуется и не теряет данные.",Статически проиндексировано; route/touch/type/lint guards пройдены. Физическое касание на Android не выполнялось.,"Static 48dp/accessibility guards применены; TalkBack, focus order и реальная hit area требуют Device QA.",STATIC_PASS_DEVICE_QA_REQUIRED,verify:route-integrity; verify:touch-targets; typecheck; lint,YES
app/screens/notifications.tsx,262,LousaSwitch,,"disabled={disabled} | value={store.gentleSound} | onPress={() => { store.setGentleSound(!store.gentleSound); setTimeout(() => sync().catch(() => {}), 0); }}","Действие соответствует подписи, не дублируется, имеет loading/error/disabled где требуется и не теряет данные.",Статически проиндексировано; route/touch/type/lint guards пройдены. Физическое касание на Android не выполнялось.,"Static 48dp/accessibility guards применены; TalkBack, focus order и реальная hit area требуют Device QA.",STATIC_PASS_DEVICE_QA_REQUIRED,verify:route-integrity; verify:touch-targets; typecheck; lint,YES
app/screens/notifications.tsx,264,LousaSwitch,,"disabled={disabled} | value={store.deliverySound} | onPress={() => { store.setDeliverySound(!store.deliverySound); setTimeout(() => sync().catch(() => {}), 0); }}","Действие соответствует подписи, не дублируется, имеет loading/error/disabled где требуется и не теряет данные.",Статически проиндексировано; route/touch/type/lint guards пройдены. Физическое касание на Android не выполнялось.,"Static 48dp/accessibility guards применены; TalkBack, focus order и реальная hit area требуют Device QA.",STATIC_PASS_DEVICE_QA_REQUIRED,verify:route-integrity; verify:touch-targets; typecheck; lint,YES
app/screens/notifications.tsx,271,PressScale,{copy.testButton},"disabled={disabled || Platform.OS === 'web'} | onPress={async () => { await scheduleTestNotification().catch(() => {}); Haptics.notificationAsync(Haptics.NotificationFeedbackType.Success).catch(() => {}); }} | style={[styles.testButton, (disabled || Platform.OS === 'web') && styles.disabled]}","Действие соответствует подписи, не дублируется, имеет loading/error/disabled где требуется и не теряет данные.",Статически проиндексировано; route/touch/type/lint guards пройдены. Физическое касание на Android не выполнялось.,"Static 48dp/accessibility guards применены; TalkBack, focus order и реальная hit area требуют Device QA.",STATIC_PASS_DEVICE_QA_REQUIRED,verify:route-integrity; verify:touch-targets; typecheck; lint,YES
app/screens/period-editor.tsx,96,PressScale,{copy.noEnd},"onPress={() => setEndDate(null)} | style={[styles.ongoing, { borderColor: endDate === null ? LousaPalette.berry : colors.outlineVariant, backgroundColor: endDate === null ? (isDark ? 'rgba(166,77,114,0.18)' : '#F8E7ED') :","Действие соответствует подписи, не дублируется, имеет loading/error/disabled где требуется и не теряет данные.",Статически проиндексировано; route/touch/type/lint guards пройдены. Физическое касание на Android не выполнялось.,"Static 48dp/accessibility guards применены; TalkBack, focus order и реальная hit area требуют Device QA.",STATIC_PASS_DEVICE_QA_REQUIRED,verify:route-integrity; verify:touch-targets; typecheck; lint,YES
app/screens/period-editor.tsx,102,PressScale,{copy.end},"onPress={() => setEndDate(startDate)} | style={[styles.chooseEnd, { borderColor: colors.outlineVariant }]}","Действие соответствует подписи, не дублируется, имеет loading/error/disabled где требуется и не теряет данные.",Статически проиндексировано; route/touch/type/lint guards пройдены. Физическое касание на Android не выполнялось.,"Static 48dp/accessibility guards применены; TalkBack, focus order и реальная hit area требуют Device QA.",STATIC_PASS_DEVICE_QA_REQUIRED,verify:route-integrity; verify:touch-targets; typecheck; lint,YES
app/screens/period-editor.tsx,113,PressScale,{copy.flows[flow]},"key={flow} | onPress={() => setFlowByDay((current) => ({ ...current, [date]: flow }))} | style={[styles.flowChip, { borderColor: flowByDay[date] === flow ? LousaPalette.berry : colors.outlineVariant, backgroundColor: flowByDay[date] === flow ? (isDark ? 'rgba(166,77,114,0.18","Действие соответствует подписи, не дублируется, имеет loading/error/disabled где требуется и не теряет данные.",Статически проиндексировано; route/touch/type/lint guards пройдены. Физическое касание на Android не выполнялось.,"Static 48dp/accessibility guards применены; TalkBack, focus order и реальная hit area требуют Device QA.",STATIC_PASS_DEVICE_QA_REQUIRED,verify:route-integrity; verify:touch-targets; typecheck; lint,YES
app/screens/period-editor.tsx,125,PressScale,{value ? copy.yes : copy.no},"key={String(value)} | onPress={() => setNightLeakageByDay((current) => ({ ...current, [date]: value }))} | style={[styles.booleanChoice, { borderColor: nightLeakageByDay[date] === value ? LousaPalette.berry : colors.outlineVariant }]}","Действие соответствует подписи, не дублируется, имеет loading/error/disabled где требуется и не теряет данные.",Статически проиндексировано; route/touch/type/lint guards пройдены. Физическое касание на Android не выполнялось.,"Static 48dp/accessibility guards применены; TalkBack, focus order и реальная hit area требуют Device QA.",STATIC_PASS_DEVICE_QA_REQUIRED,verify:route-integrity; verify:touch-targets; typecheck; lint,YES
app/screens/period-editor.tsx,130,TextInput,,"value={notesByDay[date] || ''} | onChangeText={(value) => setNotesByDay((current) => ({ ...current, [date]: value }))} | placeholder={copy.note} | placeholderTextColor={colors.outline} | style={[styles.noteInput, { color: colors.onSurface, borderColor: colors.outlineVariant, backgroundColor: isDark ? 'rgba(255,255,255,0.04)' : '#FCF8FA' }]}","Действие соответствует подписи, не дублируется, имеет loading/error/disabled где требуется и не теряет данные.",Статически проиндексировано; route/touch/type/lint guards пройдены. Физическое касание на Android не выполнялось.,"Static 48dp/accessibility guards применены; TalkBack, focus order и реальная hit area требуют Device QA.",STATIC_PASS_DEVICE_QA_REQUIRED,verify:route-integrity; verify:touch-targets; typecheck; lint,YES
app/screens/period-editor.tsx,140,PrimaryAction,,"label={copy.save} | icon=""check"" | onPress={save}","Действие соответствует подписи, не дублируется, имеет loading/error/disabled где требуется и не теряет данные.",Статически проиндексировано; route/touch/type/lint guards пройдены. Физическое касание на Android не выполнялось.,"Static 48dp/accessibility guards применены; TalkBack, focus order и реальная hit area требуют Device QA.",STATIC_PASS_DEVICE_QA_REQUIRED,verify:route-integrity; verify:touch-targets; typecheck; lint,YES
app/screens/period-editor.tsx,142,PressScale,{copy.delete},onPress={remove} | style={styles.deleteButton},"Действие соответствует подписи, не дублируется, имеет loading/error/disabled где требуется и не теряет данные.",Статически проиндексировано; route/touch/type/lint guards пройдены. Физическое касание на Android не выполнялось.,"Static 48dp/accessibility guards применены; TalkBack, focus order и реальная hit area требуют Device QA.",STATIC_PASS_DEVICE_QA_REQUIRED,verify:route-integrity; verify:touch-targets; typecheck; lint,YES
app/screens/period-editor.tsx,158,PressScale,−,"onPress={() => onChange(Math.max(0, value - 1))} | style={styles.counterButton}","Действие соответствует подписи, не дублируется, имеет loading/error/disabled где требуется и не теряет данные.",Статически проиндексировано; route/touch/type/lint guards пройдены. Физическое касание на Android не выполнялось.,"Static 48dp/accessibility guards применены; TalkBack, focus order и реальная hit area требуют Device QA.",STATIC_PASS_DEVICE_QA_REQUIRED,verify:route-integrity; verify:touch-targets; typecheck; lint,YES
app/screens/period-editor.tsx,160,PressScale,+,"onPress={() => onChange(Math.min(max, value + 1))} | style={styles.counterButton}","Действие соответствует подписи, не дублируется, имеет loading/error/disabled где требуется и не теряет данные.",Статически проиндексировано; route/touch/type/lint guards пройдены. Физическое касание на Android не выполнялось.,"Static 48dp/accessibility guards применены; TalkBack, focus order и реальная hit area требуют Device QA.",STATIC_PASS_DEVICE_QA_REQUIRED,verify:route-integrity; verify:touch-targets; typecheck; lint,YES
app/screens/period-review.tsx,73,PressScale,{copy.confirm},"onPress={() => store.confirmPeriodRecord(record.id)} | style={[styles.actionButton, styles.primaryButton]}","Действие соответствует подписи, не дублируется, имеет loading/error/disabled где требуется и не теряет данные.",Статически проиндексировано; route/touch/type/lint guards пройдены. Физическое касание на Android не выполнялось.,"Static 48dp/accessibility guards применены; TalkBack, focus order и реальная hit area требуют Device QA.",STATIC_PASS_DEVICE_QA_REQUIRED,verify:route-integrity; verify:touch-targets; typecheck; lint,YES
app/screens/period-review.tsx,76,PressScale,{copy.edit},"onPress={() => router.push({ pathname: '/screens/period-editor', params: { id: record.id } })} | style={[styles.actionButton, { borderColor: colors.outlineVariant }]}","Действие соответствует подписи, не дублируется, имеет loading/error/disabled где требуется и не теряет данные.",Статически проиндексировано; route/touch/type/lint guards пройдены. Физическое касание на Android не выполнялось.,"Static 48dp/accessibility guards применены; TalkBack, focus order и реальная hit area требуют Device QA.",STATIC_PASS_DEVICE_QA_REQUIRED,verify:route-integrity; verify:touch-targets; typecheck; lint,YES
app/screens/period-review.tsx,79,PressScale,,onPress={() => remove(record.id)} | style={styles.iconButton},"Действие соответствует подписи, не дублируется, имеет loading/error/disabled где требуется и не теряет данные.",Статически проиндексировано; route/touch/type/lint guards пройдены. Физическое касание на Android не выполнялось.,"Static 48dp/accessibility guards применены; TalkBack, focus order и реальная hit area требуют Device QA.",STATIC_PASS_DEVICE_QA_REQUIRED,verify:route-integrity; verify:touch-targets; typecheck; lint,YES
app/screens/period-review.tsx,93,PrimaryAction,,"label={copy.done} | icon=""check"" | onPress={() => { store.completeMigrationReview(); router.back(); }}","Действие соответствует подписи, не дублируется, имеет loading/error/disabled где требуется и не теряет данные.",Статически проиндексировано; route/touch/type/lint guards пройдены. Физическое касание на Android не выполнялось.,"Static 48dp/accessibility guards применены; TalkBack, focus order и реальная hit area требуют Device QA.",STATIC_PASS_DEVICE_QA_REQUIRED,verify:route-integrity; verify:touch-targets; typecheck; lint,YES
app/screens/profile.tsx,47,PressScale,,onPress={onPress} | style={styles.menuRow} | accessibilityLabel={label},"Действие соответствует подписи, не дублируется, имеет loading/error/disabled где требуется и не теряет данные.",Статически проиндексировано; route/touch/type/lint guards пройдены. Физическое касание на Android не выполнялось.,"Static 48dp/accessibility guards применены; TalkBack, focus order и реальная hit area требуют Device QA.",STATIC_PASS_DEVICE_QA_REQUIRED,verify:route-integrity; verify:touch-targets; typecheck; lint,YES
app/screens/profile.tsx,122,PressScale,,onPress={() => setPhotoActions(true)} | style={styles.avatarPress} | accessibilityLabel={copy.editPhoto},"Действие соответствует подписи, не дублируется, имеет loading/error/disabled где требуется и не теряет данные.",Статически проиндексировано; route/touch/type/lint guards пройдены. Физическое касание на Android не выполнялось.,"Static 48dp/accessibility guards применены; TalkBack, focus order и реальная hit area требуют Device QA.",STATIC_PASS_DEVICE_QA_REQUIRED,verify:route-integrity; verify:touch-targets; typecheck; lint,YES
app/screens/profile.tsx,135,TextInput,,"value={draftName} | onChangeText={setDraftName} | placeholder={copy.namePlaceholder} | placeholderTextColor={colors.onSurfaceVariant} | style={[styles.nameInput, { color: colors.onBackground, borderColor: colors.outlineVariant }]} | autoFocus | returnKeyType=""done"" | onSubmitEditing={saveName}","Действие соответствует подписи, не дублируется, имеет loading/error/disabled где требуется и не теряет данные.",Статически проиндексировано; route/touch/type/lint guards пройдены. Физическое касание на Android не выполнялось.,"Static 48dp/accessibility guards применены; TalkBack, focus order и реальная hit area требуют Device QA.",STATIC_PASS_DEVICE_QA_REQUIRED,verify:route-integrity; verify:touch-targets; typecheck; lint,YES
app/screens/profile.tsx,145,PressScale,,onPress={saveName} | style={styles.inlineIcon},"Действие соответствует подписи, не дублируется, имеет loading/error/disabled где требуется и не теряет данные.",Статически проиндексировано; route/touch/type/lint guards пройдены. Физическое касание на Android не выполнялось.,"Static 48dp/accessibility guards применены; TalkBack, focus order и реальная hit area требуют Device QA.",STATIC_PASS_DEVICE_QA_REQUIRED,verify:route-integrity; verify:touch-targets; typecheck; lint,YES
app/screens/profile.tsx,150,PressScale,,onPress={() => { setDraftName(name); setEditing(true); }} | style={styles.smallEdit} | accessibilityLabel={copy.edit},"Действие соответствует подписи, не дублируется, имеет loading/error/disabled где требуется и не теряет данные.",Статически проиндексировано; route/touch/type/lint guards пройдены. Физическое касание на Android не выполнялось.,"Static 48dp/accessibility guards применены; TalkBack, focus order и реальная hit area требуют Device QA.",STATIC_PASS_DEVICE_QA_REQUIRED,verify:route-integrity; verify:touch-targets; typecheck; lint,YES
app/screens/profile.tsx,177,MenuRow,,"icon=""calendar_month"" | label={copy.cycleData} | value={`${prediction.completedCyclesCount} · ${copy.confidenceLabels[prediction.confidence]}`} | onPress={() => router.push('/(tabs)/cycle')}","Действие соответствует подписи, не дублируется, имеет loading/error/disabled где требуется и не теряет данные.",Статически проиндексировано; route/touch/type/lint guards пройдены. Физическое касание на Android не выполнялось.,"Static 48dp/accessibility guards применены; TalkBack, focus order и реальная hit area требуют Device QA.",STATIC_PASS_DEVICE_QA_REQUIRED,verify:route-integrity; verify:touch-targets; typecheck; lint,YES
app/screens/profile.tsx,180,MenuRow,,"icon=""priority_high"" | label={copy.reviewImported} | value={`${periodRecords.filter((item) => item.needsReview || (item.source === 'legacy' && !item.confirmed)).length}`} | onPress={() => router.push('/screens/period-review')}","Действие соответствует подписи, не дублируется, имеет loading/error/disabled где требуется и не теряет данные.",Статически проиндексировано; route/touch/type/lint guards пройдены. Физическое касание на Android не выполнялось.,"Static 48dp/accessibility guards применены; TalkBack, focus order и реальная hit area требуют Device QA.",STATIC_PASS_DEVICE_QA_REQUIRED,verify:route-integrity; verify:touch-targets; typecheck; lint,YES
app/screens/profile.tsx,183,MenuRow,,"icon=""monitoring"" | label={copy.analytics} | onPress={() => router.push('/screens/analytics')}","Действие соответствует подписи, не дублируется, имеет loading/error/disabled где требуется и не теряет данные.",Статически проиндексировано; route/touch/type/lint guards пройдены. Физическое касание на Android не выполнялось.,"Static 48dp/accessibility guards применены; TalkBack, focus order и реальная hit area требуют Device QA.",STATIC_PASS_DEVICE_QA_REQUIRED,verify:route-integrity; verify:touch-targets; typecheck; lint,YES
app/screens/profile.tsx,185,MenuRow,,"icon=""location_on"" | label={copy.deliveryAddress} | value={deliveryAddress?.formattedAddress || copy.noAddress} | onPress={() => router.push('/screens/address-map')}","Действие соответствует подписи, не дублируется, имеет loading/error/disabled где требуется и не теряет данные.",Статически проиндексировано; route/touch/type/lint guards пройдены. Физическое касание на Android не выполнялось.,"Static 48dp/accessibility guards применены; TalkBack, focus order и реальная hit area требуют Device QA.",STATIC_PASS_DEVICE_QA_REQUIRED,verify:route-integrity; verify:touch-targets; typecheck; lint,YES
app/screens/profile.tsx,187,MenuRow,,"icon=""inventory_2"" | label={copy.box} | value={isSubscribed ? copy.activeBox : copy.noBox} | onPress={() => router.push('/(tabs)/box')}","Действие соответствует подписи, не дублируется, имеет loading/error/disabled где требуется и не теряет данные.",Статически проиндексировано; route/touch/type/lint guards пройдены. Физическое касание на Android не выполнялось.,"Static 48dp/accessibility guards применены; TalkBack, focus order и реальная hit area требуют Device QA.",STATIC_PASS_DEVICE_QA_REQUIRED,verify:route-integrity; verify:touch-targets; typecheck; lint,YES
app/screens/profile.tsx,189,MenuRow,,"icon=""shield"" | label={copy.privacy} | onPress={() => router.push('/screens/settings')}","Действие соответствует подписи, не дублируется, имеет loading/error/disabled где требуется и не теряет данные.",Статически проиндексировано; route/touch/type/lint guards пройдены. Физическое касание на Android не выполнялось.,"Static 48dp/accessibility guards применены; TalkBack, focus order и реальная hit area требуют Device QA.",STATIC_PASS_DEVICE_QA_REQUIRED,verify:route-integrity; verify:touch-targets; typecheck; lint,YES
app/screens/profile.tsx,191,MenuRow,,"icon=""settings"" | label={copy.settings} | onPress={() => router.push('/screens/settings')}","Действие соответствует подписи, не дублируется, имеет loading/error/disabled где требуется и не теряет данные.",Статически проиндексировано; route/touch/type/lint guards пройдены. Физическое касание на Android не выполнялось.,"Static 48dp/accessibility guards применены; TalkBack, focus order и реальная hit area требуют Device QA.",STATIC_PASS_DEVICE_QA_REQUIRED,verify:route-integrity; verify:touch-targets; typecheck; lint,YES
app/screens/profile.tsx,195,PressScale,{copy.logout},onPress={logout} | style={styles.logoutButton} | accessibilityLabel={copy.logout},"Действие соответствует подписи, не дублируется, имеет loading/error/disabled где требуется и не теряет данные.",Статически проиндексировано; route/touch/type/lint guards пройдены. Физическое касание на Android не выполнялось.,"Static 48dp/accessibility guards применены; TalkBack, focus order и реальная hit area требуют Device QA.",STATIC_PASS_DEVICE_QA_REQUIRED,verify:route-integrity; verify:touch-targets; typecheck; lint,YES
app/screens/profile.tsx,203,PressScale,,onPress={() => setPhotoActions(false)} | style={StyleSheet.absoluteFill} | haptic={false},"Действие соответствует подписи, не дублируется, имеет loading/error/disabled где требуется и не теряет данные.",Статически проиндексировано; route/touch/type/lint guards пройдены. Физическое касание на Android не выполнялось.,"Static 48dp/accessibility guards применены; TalkBack, focus order и реальная hit area требуют Device QA.",STATIC_PASS_DEVICE_QA_REQUIRED,verify:route-integrity; verify:touch-targets; typecheck; lint,YES
app/screens/profile.tsx,206,PrimaryAction,,"label={copy.editPhoto} | icon=""photo_library"" | onPress={pickImage}","Действие соответствует подписи, не дублируется, имеет loading/error/disabled где требуется и не теряет данные.",Статически проиндексировано; route/touch/type/lint guards пройдены. Физическое касание на Android не выполнялось.,"Static 48dp/accessibility guards применены; TalkBack, focus order и реальная hit area требуют Device QA.",STATIC_PASS_DEVICE_QA_REQUIRED,verify:route-integrity; verify:touch-targets; typecheck; lint,YES
app/screens/profile.tsx,208,PressScale,{copy.removePhoto},onPress={() => { deleteStoredAvatar(avatarUri).finally(() => setAvatar(null)); setPhotoActions(false); }} | style={styles.sheetSecondary},"Действие соответствует подписи, не дублируется, имеет loading/error/disabled где требуется и не теряет данные.",Статически проиндексировано; route/touch/type/lint guards пройдены. Физическое касание на Android не выполнялось.,"Static 48dp/accessibility guards применены; TalkBack, focus order и реальная hit area требуют Device QA.",STATIC_PASS_DEVICE_QA_REQUIRED,verify:route-integrity; verify:touch-targets; typecheck; lint,YES
app/screens/profile.tsx,213,PressScale,{copy.close},onPress={() => setPhotoActions(false)} | style={styles.sheetSecondary},"Действие соответствует подписи, не дублируется, имеет loading/error/disabled где требуется и не теряет данные.",Статически проиндексировано; route/touch/type/lint guards пройдены. Физическое касание на Android не выполнялось.,"Static 48dp/accessibility guards применены; TalkBack, focus order и реальная hit area требуют Device QA.",STATIC_PASS_DEVICE_QA_REQUIRED,verify:route-integrity; verify:touch-targets; typecheck; lint,YES
app/screens/settings.tsx,59,PressScale,{content},onPress={onPress},"Действие соответствует подписи, не дублируется, имеет loading/error/disabled где требуется и не теряет данные.",Статически проиндексировано; route/touch/type/lint guards пройдены. Физическое касание на Android не выполнялось.,"Static 48dp/accessibility guards применены; TalkBack, focus order и реальная hit area требуют Device QA.",STATIC_PASS_DEVICE_QA_REQUIRED,verify:route-integrity; verify:touch-targets; typecheck; lint,YES
app/screens/settings.tsx,116,PressScale,"{theme.label} {selected ? <View style={styles.selectedBadge}><MaterialSymbol name=""check"" size={15} color=""#fff"" /></View> : null}","key={theme.id} | onPress={() => chooseTheme(theme.id)} | style={[styles.themeCard, compactWidth && styles.themeCardCompact, selected && styles.themeCardSelected, { backgroundColor: theme.bg }]}","Действие соответствует подписи, не дублируется, имеет loading/error/disabled где требуется и не теряет данные.",Статически проиндексировано; route/touch/type/lint guards пройдены. Физическое касание на Android не выполнялось.,"Static 48dp/accessibility guards применены; TalkBack, focus order и реальная hit area требуют Device QA.",STATIC_PASS_DEVICE_QA_REQUIRED,verify:route-integrity; verify:touch-targets; typecheck; lint,YES
app/screens/settings.tsx,131,PressScale,{item === 'hy' ? 'HY' : item.toUpperCase()},"key={item} | onPress={() => setLanguage(item)} | style={[styles.languageButton, language === item && styles.languageButtonActive]}","Действие соответствует подписи, не дублируется, имеет loading/error/disabled где требуется и не теряет данные.",Статически проиндексировано; route/touch/type/lint guards пройдены. Физическое касание на Android не выполнялось.,"Static 48dp/accessibility guards применены; TalkBack, focus order и реальная hit area требуют Device QA.",STATIC_PASS_DEVICE_QA_REQUIRED,verify:route-integrity; verify:touch-targets; typecheck; lint,YES
app/screens/settings.tsx,145,PressScale,{copy.tones[item]},"key={item} | onPress={() => setCommunicationStyle(item)} | style={[styles.languageButton, communicationStyle === item && styles.languageButtonActive]}","Действие соответствует подписи, не дублируется, имеет loading/error/disabled где требуется и не теряет данные.",Статически проиндексировано; route/touch/type/lint guards пройдены. Физическое касание на Android не выполнялось.,"Static 48dp/accessibility guards применены; TalkBack, focus order и реальная hit area требуют Device QA.",STATIC_PASS_DEVICE_QA_REQUIRED,verify:route-integrity; verify:touch-targets; typecheck; lint,YES
app/screens/settings.tsx,156,SettingRow,,"icon=""notifications"" | title={copy.notifications} | description={copy.notificationsDesc} | onPress={() => router.push('/screens/notifications')} | right={<StatusPill label={notifications && notificationPermission === 'granted' ? copy.notificationsOn : copy.notificationsOff} tone={notifications && notificationPermission === 'granted","Действие соответствует подписи, не дублируется, имеет loading/error/disabled где требуется и не теряет данные.",Статически проиндексировано; route/touch/type/lint guards пройдены. Физическое касание на Android не выполнялось.,"Static 48dp/accessibility guards применены; TalkBack, focus order и реальная hit area требуют Device QA.",STATIC_PASS_DEVICE_QA_REQUIRED,verify:route-integrity; verify:touch-targets; typecheck; lint,YES
app/screens/settings.tsx,182,SettingRow,,"icon=""support_agent"" | title={copy.support} | description={copy.supportDesc} | onPress={() => router.push('/screens/support')}","Действие соответствует подписи, не дублируется, имеет loading/error/disabled где требуется и не теряет данные.",Статически проиндексировано; route/touch/type/lint guards пройдены. Физическое касание на Android не выполнялось.,"Static 48dp/accessibility guards применены; TalkBack, focus order и реальная hit area требуют Device QA.",STATIC_PASS_DEVICE_QA_REQUIRED,verify:route-integrity; verify:touch-targets; typecheck; lint,YES
app/screens/settings.tsx,184,SettingRow,,"icon=""privacy_tip"" | title={copy.privacy} | onPress={() => router.push('/screens/legal?document=privacy')}","Действие соответствует подписи, не дублируется, имеет loading/error/disabled где требуется и не теряет данные.",Статически проиндексировано; route/touch/type/lint guards пройдены. Физическое касание на Android не выполнялось.,"Static 48dp/accessibility guards применены; TalkBack, focus order и реальная hit area требуют Device QA.",STATIC_PASS_DEVICE_QA_REQUIRED,verify:route-integrity; verify:touch-targets; typecheck; lint,YES
app/screens/settings.tsx,186,SettingRow,,"icon=""description"" | title={copy.terms} | onPress={() => router.push('/screens/legal?document=terms')}","Действие соответствует подписи, не дублируется, имеет loading/error/disabled где требуется и не теряет данные.",Статически проиндексировано; route/touch/type/lint guards пройдены. Физическое касание на Android не выполнялось.,"Static 48dp/accessibility guards применены; TalkBack, focus order и реальная hit area требуют Device QA.",STATIC_PASS_DEVICE_QA_REQUIRED,verify:route-integrity; verify:touch-targets; typecheck; lint,YES
app/screens/settings.tsx,188,SettingRow,,"icon=""download"" | title={copy.export} | description={copy.exportDesc} | onPress={shareExport}","Действие соответствует подписи, не дублируется, имеет loading/error/disabled где требуется и не теряет данные.",Статически проиндексировано; route/touch/type/lint guards пройдены. Физическое касание на Android не выполнялось.,"Static 48dp/accessibility guards применены; TalkBack, focus order и реальная hit area требуют Device QA.",STATIC_PASS_DEVICE_QA_REQUIRED,verify:route-integrity; verify:touch-targets; typecheck; lint,YES
app/screens/settings.tsx,190,SettingRow,,"icon=""delete_forever"" | title={copy.delete} | onPress={deleteData}","Действие соответствует подписи, не дублируется, имеет loading/error/disabled где требуется и не теряет данные.",Статически проиндексировано; route/touch/type/lint guards пройдены. Физическое касание на Android не выполнялось.,"Static 48dp/accessibility guards применены; TalkBack, focus order и реальная hit area требуют Device QA.",STATIC_PASS_DEVICE_QA_REQUIRED,verify:route-integrity; verify:touch-targets; typecheck; lint,YES
app/screens/subscription.tsx,65,PressScale,"{selected ? <MaterialSymbol name=""check"" size={16} color={LousaPalette.berry} /> : null} {label}","onPress={onPress} | style={[styles.chip, { backgroundColor: selected ? (isDark ? 'rgba(217,133,165,0.18)' : '#F8E7ED') : (isDark ? 'rgba(255,255,255,0.05)' : '#FFFDFE'), borderColor: selected ? LousaPalette","Действие соответствует подписи, не дублируется, имеет loading/error/disabled где требуется и не теряет данные.",Статически проиндексировано; route/touch/type/lint guards пройдены. Физическое касание на Android не выполнялось.,"Static 48dp/accessibility guards применены; TalkBack, focus order и реальная hit area требуют Device QA.",STATIC_PASS_DEVICE_QA_REQUIRED,verify:route-integrity; verify:touch-targets; typecheck; lint,YES
app/screens/subscription.tsx,70,PressScale,{label},onPress={onPress} | style={styles.toggleRow},"Действие соответствует подписи, не дублируется, имеет loading/error/disabled где требуется и не теряет данные.",Статически проиндексировано; route/touch/type/lint guards пройдены. Физическое касание на Android не выполнялось.,"Static 48dp/accessibility guards применены; TalkBack, focus order и реальная hit area требуют Device QA.",STATIC_PASS_DEVICE_QA_REQUIRED,verify:route-integrity; verify:touch-targets; typecheck; lint,YES
app/screens/subscription.tsx,212,PressScale,,key={plan.id} | onPress={() => setPlanId(plan.id)} | style={styles.planPress},"Действие соответствует подписи, не дублируется, имеет loading/error/disabled где требуется и не теряет данные.",Статически проиндексировано; route/touch/type/lint guards пройдены. Физическое касание на Android не выполнялось.,"Static 48dp/accessibility guards применены; TalkBack, focus order и реальная hit area требуют Device QA.",STATIC_PASS_DEVICE_QA_REQUIRED,verify:route-integrity; verify:touch-targets; typecheck; lint,YES
app/screens/subscription.tsx,214,ChoiceChip,,key={item} | label={productLabels[item]} | selected={productType === item} | onPress={() => setProductType(item)},"Действие соответствует подписи, не дублируется, имеет loading/error/disabled где требуется и не теряет данные.",Статически проиндексировано; route/touch/type/lint guards пройдены. Физическое касание на Android не выполнялось.,"Static 48dp/accessibility guards применены; TalkBack, focus order и реальная hit area требуют Device QA.",STATIC_PASS_DEVICE_QA_REQUIRED,verify:route-integrity; verify:touch-targets; typecheck; lint,YES
app/screens/subscription.tsx,215,ChoiceChip,,label={copy.withApplicator} | selected={applicatorPreference === 'applicator'} | onPress={() => setApplicatorPreference('applicator')},"Действие соответствует подписи, не дублируется, имеет loading/error/disabled где требуется и не теряет данные.",Статически проиндексировано; route/touch/type/lint guards пройдены. Физическое касание на Android не выполнялось.,"Static 48dp/accessibility guards применены; TalkBack, focus order и реальная hit area требуют Device QA.",STATIC_PASS_DEVICE_QA_REQUIRED,verify:route-integrity; verify:touch-targets; typecheck; lint,YES
app/screens/subscription.tsx,215,ChoiceChip,,label={copy.withoutApplicator} | selected={applicatorPreference === 'non_applicator'} | onPress={() => setApplicatorPreference('non_applicator')},"Действие соответствует подписи, не дублируется, имеет loading/error/disabled где требуется и не теряет данные.",Статически проиндексировано; route/touch/type/lint guards пройдены. Физическое касание на Android не выполнялось.,"Static 48dp/accessibility guards применены; TalkBack, focus order и реальная hit area требуют Device QA.",STATIC_PASS_DEVICE_QA_REQUIRED,verify:route-integrity; verify:touch-targets; typecheck; lint,YES
app/screens/subscription.tsx,215,ChoiceChip,,label={copy.noPreference} | selected={applicatorPreference === 'no_preference'} | onPress={() => setApplicatorPreference('no_preference')},"Действие соответствует подписи, не дублируется, имеет loading/error/disabled где требуется и не теряет данные.",Статически проиндексировано; route/touch/type/lint guards пройдены. Физическое касание на Android не выполнялось.,"Static 48dp/accessibility guards применены; TalkBack, focus order и реальная hit area требуют Device QA.",STATIC_PASS_DEVICE_QA_REQUIRED,verify:route-integrity; verify:touch-targets; typecheck; lint,YES
app/screens/subscription.tsx,222,PressScale,{copy.keepIncluded},"onPress={() => setCycleUnits(selectedPlan.includedUnits)} | style={[styles.smallAction, cycleUnits === selectedPlan.includedUnits && styles.smallActionActive]}","Действие соответствует подписи, не дублируется, имеет loading/error/disabled где требуется и не теряет данные.",Статически проиндексировано; route/touch/type/lint guards пройдены. Физическое касание на Android не выполнялось.,"Static 48dp/accessibility guards применены; TalkBack, focus order и реальная hit area требуют Device QA.",STATIC_PASS_DEVICE_QA_REQUIRED,verify:route-integrity; verify:touch-targets; typecheck; lint,YES
app/screens/subscription.tsx,222,PressScale,{copy.addRecommended},"onPress={() => setCycleUnits(recommendedUnits)} | style={[styles.smallAction, cycleUnits >= recommendedUnits && styles.smallActionActive]}","Действие соответствует подписи, не дублируется, имеет loading/error/disabled где требуется и не теряет данные.",Статически проиндексировано; route/touch/type/lint guards пройдены. Физическое касание на Android не выполнялось.,"Static 48dp/accessibility guards применены; TalkBack, focus order и реальная hit area требуют Device QA.",STATIC_PASS_DEVICE_QA_REQUIRED,verify:route-integrity; verify:touch-targets; typecheck; lint,YES
app/screens/subscription.tsx,227,ToggleRow,,label={copy.night} | value={nightProtection} | onPress={() => setNightProtection((value) => !value)},"Действие соответствует подписи, не дублируется, имеет loading/error/disabled где требуется и не теряет данные.",Статически проиндексировано; route/touch/type/lint guards пройдены. Физическое касание на Android не выполнялось.,"Static 48dp/accessibility guards применены; TalkBack, focus order и реальная hit area требуют Device QA.",STATIC_PASS_DEVICE_QA_REQUIRED,verify:route-integrity; verify:touch-targets; typecheck; lint,YES
app/screens/subscription.tsx,227,ToggleRow,,label={copy.fragrance} | value={fragranceFree} | onPress={() => setFragranceFree((value) => !value)},"Действие соответствует подписи, не дублируется, имеет loading/error/disabled где требуется и не теряет данные.",Статически проиндексировано; route/touch/type/lint guards пройдены. Физическое касание на Android не выполнялось.,"Static 48dp/accessibility guards применены; TalkBack, focus order и реальная hit area требуют Device QA.",STATIC_PASS_DEVICE_QA_REQUIRED,verify:route-integrity; verify:touch-targets; typecheck; lint,YES
app/screens/subscription.tsx,227,ToggleRow,,label={copy.sensitive} | value={skinSensitivity} | onPress={() => setSkinSensitivity((value) => !value)},"Действие соответствует подписи, не дублируется, имеет loading/error/disabled где требуется и не теряет данные.",Статически проиндексировано; route/touch/type/lint guards пройдены. Физическое касание на Android не выполнялось.,"Static 48dp/accessibility guards применены; TalkBack, focus order и реальная hit area требуют Device QA.",STATIC_PASS_DEVICE_QA_REQUIRED,verify:route-integrity; verify:touch-targets; typecheck; lint,YES
app/screens/subscription.tsx,227,ToggleRow,,label={copy.wings} | value={wingPreference} | onPress={() => setWingPreference((value) => !value)},"Действие соответствует подписи, не дублируется, имеет loading/error/disabled где требуется и не теряет данные.",Статически проиндексировано; route/touch/type/lint guards пройдены. Физическое касание на Android не выполнялось.,"Static 48dp/accessibility guards применены; TalkBack, focus order и реальная hit area требуют Device QA.",STATIC_PASS_DEVICE_QA_REQUIRED,verify:route-integrity; verify:touch-targets; typecheck; lint,YES
app/screens/subscription.tsx,229,ToggleRow,,label={copy.reusable} | value={reusableProducts} | onPress={() => setReusableProducts((value) => !value)},"Действие соответствует подписи, не дублируется, имеет loading/error/disabled где требуется и не теряет данные.",Статически проиндексировано; route/touch/type/lint guards пройдены. Физическое касание на Android не выполнялось.,"Static 48dp/accessibility guards применены; TalkBack, focus order и реальная hit area требуют Device QA.",STATIC_PASS_DEVICE_QA_REQUIRED,verify:route-integrity; verify:touch-targets; typecheck; lint,YES
app/screens/subscription.tsx,229,ToggleRow,,label={copy.heat} | value={heatPad} | onPress={() => setHeatPad((value) => !value)},"Действие соответствует подписи, не дублируется, имеет loading/error/disabled где требуется и не теряет данные.",Статически проиндексировано; route/touch/type/lint guards пройдены. Физическое касание на Android не выполнялось.,"Static 48dp/accessibility guards применены; TalkBack, focus order и реальная hit area требуют Device QA.",STATIC_PASS_DEVICE_QA_REQUIRED,verify:route-integrity; verify:touch-targets; typecheck; lint,YES
app/screens/subscription.tsx,229,ToggleRow,,label={copy.tea} | value={tea} | onPress={() => setTea((value) => !value)},"Действие соответствует подписи, не дублируется, имеет loading/error/disabled где требуется и не теряет данные.",Статически проиндексировано; route/touch/type/lint guards пройдены. Физическое касание на Android не выполнялось.,"Static 48dp/accessibility guards применены; TalkBack, focus order и реальная hit area требуют Device QA.",STATIC_PASS_DEVICE_QA_REQUIRED,verify:route-integrity; verify:touch-targets; typecheck; lint,YES
app/screens/subscription.tsx,229,ToggleRow,,label={copy.chocolate} | value={chocolate} | onPress={() => setChocolate((value) => !value)},"Действие соответствует подписи, не дублируется, имеет loading/error/disabled где требуется и не теряет данные.",Статически проиндексировано; route/touch/type/lint guards пройдены. Физическое касание на Android не выполнялось.,"Static 48dp/accessibility guards применены; TalkBack, focus order и реальная hit area требуют Device QA.",STATIC_PASS_DEVICE_QA_REQUIRED,verify:route-integrity; verify:touch-targets; typecheck; lint,YES
app/screens/subscription.tsx,230,TextInput,,"value={allergies} | onChangeText={setAllergies} | placeholder={copy.allergiesPlaceholder} | placeholderTextColor={colors.outline} | multiline | style={[styles.input, styles.textArea, { color: colors.onSurface, borderColor: colors.outlineVariant, backgroundColor: isDark ? 'rgba(255,255,255,0.04)' : '#FCF8FA' }]}","Действие соответствует подписи, не дублируется, имеет loading/error/disabled где требуется и не теряет данные.",Статически проиндексировано; route/touch/type/lint guards пройдены. Физическое касание на Android не выполнялось.,"Static 48dp/accessibility guards применены; TalkBack, focus order и реальная hit area требуют Device QA.",STATIC_PASS_DEVICE_QA_REQUIRED,verify:route-integrity; verify:touch-targets; typecheck; lint,YES
app/screens/subscription.tsx,231,TextInput,,"value={cosmeticAllergies} | onChangeText={setCosmeticAllergies} | placeholder={copy.cosmeticPlaceholder} | placeholderTextColor={colors.outline} | multiline | style={[styles.input, styles.textArea, { color: colors.onSurface, borderColor: colors.outlineVariant, backgroundColor: isDark ? 'rgba(255,255,255,0.04)' : '#FCF8FA' }]}","Действие соответствует подписи, не дублируется, имеет loading/error/disabled где требуется и не теряет данные.",Статически проиндексировано; route/touch/type/lint guards пройдены. Физическое касание на Android не выполнялось.,"Static 48dp/accessibility guards применены; TalkBack, focus order и реальная hit area требуют Device QA.",STATIC_PASS_DEVICE_QA_REQUIRED,verify:route-integrity; verify:touch-targets; typecheck; lint,YES
app/screens/subscription.tsx,232,TextInput,,"value={dislikedItems} | onChangeText={setDislikedItems} | placeholder={copy.dislikedPlaceholder} | placeholderTextColor={colors.outline} | multiline | style={[styles.input, styles.textArea, { color: colors.onSurface, borderColor: colors.outlineVariant, backgroundColor: isDark ? 'rgba(255,255,255,0.04)' : '#FCF8FA' }]}","Действие соответствует подписи, не дублируется, имеет loading/error/disabled где требуется и не теряет данные.",Статически проиндексировано; route/touch/type/lint guards пройдены. Физическое касание на Android не выполнялось.,"Static 48dp/accessibility guards применены; TalkBack, focus order и реальная hit area требуют Device QA.",STATIC_PASS_DEVICE_QA_REQUIRED,verify:route-integrity; verify:touch-targets; typecheck; lint,YES
app/screens/subscription.tsx,237,PressScale,,"onPress={() => router.push('/screens/address-map')} | style={[styles.mapAddressCard, { borderColor: box.deliveryAddress?.validationStatus === 'verified' ? LousaPalette.rose : colors.outlineVariant, backgroundColor: isDark ? 'rgba(255,255,25","Действие соответствует подписи, не дублируется, имеет loading/error/disabled где требуется и не теряет данные.",Статически проиндексировано; route/touch/type/lint guards пройдены. Физическое касание на Android не выполнялось.,"Static 48dp/accessibility guards применены; TalkBack, focus order и реальная hit area требуют Device QA.",STATIC_PASS_DEVICE_QA_REQUIRED,verify:route-integrity; verify:touch-targets; typecheck; lint,YES
app/screens/subscription.tsx,246,TextInput,,"value={phone} | onChangeText={setPhone} | placeholder={copy.phonePlaceholder} | keyboardType=""phone-pad"" | placeholderTextColor={colors.outline} | style={[styles.input, { color: colors.onSurface, borderColor: colors.outlineVariant, backgroundColor: isDark ? 'rgba(255,255,255,0.04)' : '#FCF8FA' }]}","Действие соответствует подписи, не дублируется, имеет loading/error/disabled где требуется и не теряет данные.",Статически проиндексировано; route/touch/type/lint guards пройдены. Физическое касание на Android не выполнялось.,"Static 48dp/accessibility guards применены; TalkBack, focus order и реальная hit area требуют Device QA.",STATIC_PASS_DEVICE_QA_REQUIRED,verify:route-integrity; verify:touch-targets; typecheck; lint,YES
app/screens/subscription.tsx,247,ChoiceChip,,key={item} | label={item} | selected={deliveryWindow === item} | onPress={() => setDeliveryWindow(item)},"Действие соответствует подписи, не дублируется, имеет loading/error/disabled где требуется и не теряет данные.",Статически проиндексировано; route/touch/type/lint guards пройдены. Физическое касание на Android не выполнялось.,"Static 48dp/accessibility guards применены; TalkBack, focus order и реальная hit area требуют Device QA.",STATIC_PASS_DEVICE_QA_REQUIRED,verify:route-integrity; verify:touch-targets; typecheck; lint,YES
app/screens/subscription.tsx,248,TextInput,,"value={note} | onChangeText={setNote} | placeholder={copy.notePlaceholder} | placeholderTextColor={colors.outline} | multiline | style={[styles.input, styles.textArea, { color: colors.onSurface, borderColor: colors.outlineVariant, backgroundColor: isDark ? 'rgba(255,255,255,0.04)' : '#FCF8FA' }]}","Действие соответствует подписи, не дублируется, имеет loading/error/disabled где требуется и не теряет данные.",Статически проиндексировано; route/touch/type/lint guards пройдены. Физическое касание на Android не выполнялось.,"Static 48dp/accessibility guards применены; TalkBack, focus order и реальная hit area требуют Device QA.",STATIC_PASS_DEVICE_QA_REQUIRED,verify:route-integrity; verify:touch-targets; typecheck; lint,YES
app/screens/subscription.tsx,251,PressScale,{copy.subscriptionConsent},onPress={() => setSubscriptionConsent((value) => !value)} | style={styles.consentRow},"Действие соответствует подписи, не дублируется, имеет loading/error/disabled где требуется и не теряет данные.",Статически проиндексировано; route/touch/type/lint guards пройдены. Физическое касание на Android не выполнялось.,"Static 48dp/accessibility guards применены; TalkBack, focus order и реальная hit area требуют Device QA.",STATIC_PASS_DEVICE_QA_REQUIRED,verify:route-integrity; verify:touch-targets; typecheck; lint,YES
app/screens/subscription.tsx,254,PressScale,{copy.back},"onPress={() => { setError(''); setStep((value) => value - 1); }} | style={[styles.backButton, { borderColor: colors.outlineVariant }]}","Действие соответствует подписи, не дублируется, имеет loading/error/disabled где требуется и не теряет данные.",Статически проиндексировано; route/touch/type/lint guards пройдены. Физическое касание на Android не выполнялось.,"Static 48dp/accessibility guards применены; TalkBack, focus order и реальная hit area требуют Device QA.",STATIC_PASS_DEVICE_QA_REQUIRED,verify:route-integrity; verify:touch-targets; typecheck; lint,YES
app/screens/subscription.tsx,254,PrimaryAction,,label={processing ? `${step === 3 ? (box.isSubscribed ? copy.save : copy.activate) : copy.continue}…` : `${step === 3 ? (box.isSubscribed ? copy.save : copy.activate) : copy.continue} ·  | icon={step === 3 ? 'check' : 'arrow_forward'} | onPress={step === 3 ? activate : next},"Действие соответствует подписи, не дублируется, имеет loading/error/disabled где требуется и не теряет данные.",Статически проиндексировано; route/touch/type/lint guards пройдены. Физическое касание на Android не выполнялось.,"Static 48dp/accessibility guards применены; TalkBack, focus order и реальная hit area требуют Device QA.",STATIC_PASS_DEVICE_QA_REQUIRED,verify:route-integrity; verify:touch-targets; typecheck; lint,YES
app/screens/subscription.tsx,254,PressScale,{copy.cancel},"onPress={() => Alert.alert(copy.cancelTitle, copy.cancelBody, [{ text: copy.keep, style: 'cancel' }, { text: copy.confirmCancel, style: 'destructive', onPress: () => { box.cancel(); setPre | style={styles.cancelButton}","Действие соответствует подписи, не дублируется, имеет loading/error/disabled где требуется и не теряет данные.",Статически проиндексировано; route/touch/type/lint guards пройдены. Физическое касание на Android не выполнялось.,"Static 48dp/accessibility guards применены; TalkBack, focus order и реальная hit area требуют Device QA.",STATIC_PASS_DEVICE_QA_REQUIRED,verify:route-integrity; verify:touch-targets; typecheck; lint,YES
app/screens/support.tsx,187,PressScale,{copy.refresh},"onPress={() => refresh().catch(() => Alert.alert(copy.appBar, copy.error))} | style={styles.refreshButton}","Действие соответствует подписи, не дублируется, имеет loading/error/disabled где требуется и не теряет данные.",Статически проиндексировано; route/touch/type/lint guards пройдены. Физическое касание на Android не выполнялось.,"Static 48dp/accessibility guards применены; TalkBack, focus order и реальная hit area требуют Device QA.",STATIC_PASS_DEVICE_QA_REQUIRED,verify:route-integrity; verify:touch-targets; typecheck; lint,YES
app/screens/support.tsx,212,PressScale,"{orderLabel(order)} {active ? <MaterialSymbol name=""check"" size={18} color={LousaPalette.berry} /> : null}","key={order.id} | onPress={() => setSelectedOrderId(order.id)} | style={[styles.orderRow, active && styles.orderRowActive, active && isDark && styles.orderRowActiveDark]}","Действие соответствует подписи, не дублируется, имеет loading/error/disabled где требуется и не теряет данные.",Статически проиндексировано; route/touch/type/lint guards пройдены. Физическое касание на Android не выполнялось.,"Static 48dp/accessibility guards применены; TalkBack, focus order и реальная hit area требуют Device QA.",STATIC_PASS_DEVICE_QA_REQUIRED,verify:route-integrity; verify:touch-targets; typecheck; lint,YES
app/screens/support.tsx,234,PressScale,{copy.callCourier},onPress={callCourier} | style={styles.primaryAction},"Действие соответствует подписи, не дублируется, имеет loading/error/disabled где требуется и не теряет данные.",Статически проиндексировано; route/touch/type/lint guards пройдены. Физическое касание на Android не выполнялось.,"Static 48dp/accessibility guards применены; TalkBack, focus order и реальная hit area требуют Device QA.",STATIC_PASS_DEVICE_QA_REQUIRED,verify:route-integrity; verify:touch-targets; typecheck; lint,YES
app/screens/support.tsx,237,TextInput,,"value={courierMessage} | onChangeText={setCourierMessage} | multiline | placeholder={copy.courierMessageHint} | placeholderTextColor={colors.onSurfaceVariant} | style={[styles.textArea, { color: colors.onBackground, borderColor: colors.outlineVariant }]}","Действие соответствует подписи, не дублируется, имеет loading/error/disabled где требуется и не теряет данные.",Статически проиндексировано; route/touch/type/lint guards пройдены. Физическое касание на Android не выполнялось.,"Static 48dp/accessibility guards применены; TalkBack, focus order и реальная hit area требуют Device QA.",STATIC_PASS_DEVICE_QA_REQUIRED,verify:route-integrity; verify:touch-targets; typecheck; lint,YES
app/screens/support.tsx,238,PressScale,{copy.send},"disabled={busy || !courierMessage.trim()} | onPress={sendCourier} | style={[styles.primaryWide, (!courierMessage.trim() || busy) && styles.disabled]}","Действие соответствует подписи, не дублируется, имеет loading/error/disabled где требуется и не теряет данные.",Статически проиндексировано; route/touch/type/lint guards пройдены. Физическое касание на Android не выполнялось.,"Static 48dp/accessibility guards применены; TalkBack, focus order и реальная hit area требуют Device QA.",STATIC_PASS_DEVICE_QA_REQUIRED,verify:route-integrity; verify:touch-targets; typecheck; lint,YES
app/screens/support.tsx,251,PressScale,,key={ticket.id} | onPress={() => setSelectedTicketId(ticket.id)},"Действие соответствует подписи, не дублируется, имеет loading/error/disabled где требуется и не теряет данные.",Статически проиндексировано; route/touch/type/lint guards пройдены. Физическое касание на Android не выполнялось.,"Static 48dp/accessibility guards применены; TalkBack, focus order и реальная hit area требуют Device QA.",STATIC_PASS_DEVICE_QA_REQUIRED,verify:route-integrity; verify:touch-targets; typecheck; lint,YES
app/screens/support.tsx,277,TextInput,,"value={replyText} | onChangeText={setReplyText} | multiline | placeholder={copy.replyPlaceholder} | placeholderTextColor={colors.onSurfaceVariant} | style={[styles.textArea, styles.replyArea, { color: colors.onBackground, borderColor: colors.outlineVariant }]}","Действие соответствует подписи, не дублируется, имеет loading/error/disabled где требуется и не теряет данные.",Статически проиндексировано; route/touch/type/lint guards пройдены. Физическое касание на Android не выполнялось.,"Static 48dp/accessibility guards применены; TalkBack, focus order и реальная hit area требуют Device QA.",STATIC_PASS_DEVICE_QA_REQUIRED,verify:route-integrity; verify:touch-targets; typecheck; lint,YES
app/screens/support.tsx,278,PressScale,{copy.reply},"disabled={busy || !replyText.trim()} | onPress={replyToTicket} | style={[styles.primaryWide, (!replyText.trim() || busy) && styles.disabled]}","Действие соответствует подписи, не дублируется, имеет loading/error/disabled где требуется и не теряет данные.",Статически проиндексировано; route/touch/type/lint guards пройдены. Физическое касание на Android не выполнялось.,"Static 48dp/accessibility guards применены; TalkBack, focus order и реальная hit area требуют Device QA.",STATIC_PASS_DEVICE_QA_REQUIRED,verify:route-integrity; verify:touch-targets; typecheck; lint,YES
app/screens/support.tsx,289,TextInput,,"value={subject} | onChangeText={setSubject} | placeholder={copy.subject} | placeholderTextColor={colors.onSurfaceVariant} | style={[styles.input, { color: colors.onBackground, borderColor: colors.outlineVariant }]}","Действие соответствует подписи, не дублируется, имеет loading/error/disabled где требуется и не теряет данные.",Статически проиндексировано; route/touch/type/lint guards пройдены. Физическое касание на Android не выполнялось.,"Static 48dp/accessibility guards применены; TalkBack, focus order и реальная hit area требуют Device QA.",STATIC_PASS_DEVICE_QA_REQUIRED,verify:route-integrity; verify:touch-targets; typecheck; lint,YES
app/screens/support.tsx,291,TextInput,,"value={message} | onChangeText={setMessage} | multiline | placeholder={copy.message} | placeholderTextColor={colors.onSurfaceVariant} | style={[styles.textArea, { color: colors.onBackground, borderColor: colors.outlineVariant }]}","Действие соответствует подписи, не дублируется, имеет loading/error/disabled где требуется и не теряет данные.",Статически проиндексировано; route/touch/type/lint guards пройдены. Физическое касание на Android не выполнялось.,"Static 48dp/accessibility guards применены; TalkBack, focus order и реальная hit area требуют Device QA.",STATIC_PASS_DEVICE_QA_REQUIRED,verify:route-integrity; verify:touch-targets; typecheck; lint,YES
app/screens/support.tsx,292,PressScale,{copy.send},"disabled={busy || !message.trim()} | onPress={sendTicket} | style={[styles.primaryWide, (!message.trim() || busy) && styles.disabled]}","Действие соответствует подписи, не дублируется, имеет loading/error/disabled где требуется и не теряет данные.",Статически проиндексировано; route/touch/type/lint guards пройдены. Физическое касание на Android не выполнялось.,"Static 48dp/accessibility guards применены; TalkBack, focus order и реальная hit area требуют Device QA.",STATIC_PASS_DEVICE_QA_REQUIRED,verify:route-integrity; verify:touch-targets; typecheck; lint,YES
app/screens/ux-lab.tsx,24,PressScale,,key={persona.id} | onPress={() => { applyUxTestPersona(persona.id); router.replace('/(tabs)'); }},"Действие соответствует подписи, не дублируется, имеет loading/error/disabled где требуется и не теряет данные.","Удалено из production route; AI заменён честным справочником, UX Lab вынесен в tools/internal.","Static 48dp/accessibility guards применены; TalkBack, focus order и реальная hit area требуют Device QA.",REMOVED_FROM_PRODUCTION,verify:route-integrity; verify:mobile-only-boundary,YES
src/bootstrap/AppShell.tsx,228,Stack.Screen,,"name=""(tabs)""","Действие соответствует подписи, не дублируется, имеет loading/error/disabled где требуется и не теряет данные.",Статически проиндексировано; route/touch/type/lint guards пройдены. Физическое касание на Android не выполнялось.,"Static 48dp/accessibility guards применены; TalkBack, focus order и реальная hit area требуют Device QA.",STATIC_PASS_DEVICE_QA_REQUIRED,verify:route-integrity; verify:touch-targets; typecheck; lint,YES
src/bootstrap/AppShell.tsx,229,Stack.Screen,,"name=""auth/login""","Действие соответствует подписи, не дублируется, имеет loading/error/disabled где требуется и не теряет данные.",Статически проиндексировано; route/touch/type/lint guards пройдены. Физическое касание на Android не выполнялось.,"Static 48dp/accessibility guards применены; TalkBack, focus order и реальная hit area требуют Device QA.",STATIC_PASS_DEVICE_QA_REQUIRED,verify:route-integrity; verify:touch-targets; typecheck; lint,YES
src/bootstrap/AppShell.tsx,230,Stack.Screen,,"name=""auth/onboarding""","Действие соответствует подписи, не дублируется, имеет loading/error/disabled где требуется и не теряет данные.",Статически проиндексировано; route/touch/type/lint guards пройдены. Физическое касание на Android не выполнялось.,"Static 48dp/accessibility guards применены; TalkBack, focus order и реальная hit area требуют Device QA.",STATIC_PASS_DEVICE_QA_REQUIRED,verify:route-integrity; verify:touch-targets; typecheck; lint,YES
src/bootstrap/AppShell.tsx,231,Stack.Screen,,"name=""screens/ai-chat"" | options={{ presentation: 'modal', animation: 'slide_from_bottom' }}","Действие соответствует подписи, не дублируется, имеет loading/error/disabled где требуется и не теряет данные.",Статически проиндексировано; route/touch/type/lint guards пройдены. Физическое касание на Android не выполнялось.,"Static 48dp/accessibility guards применены; TalkBack, focus order и реальная hit area требуют Device QA.",STATIC_PASS_DEVICE_QA_REQUIRED,verify:route-integrity; verify:touch-targets; typecheck; lint,YES
src/bootstrap/AppShell.tsx,232,Stack.Screen,,"name=""screens/profile"" | options={{ animation: 'slide_from_right' }}","Действие соответствует подписи, не дублируется, имеет loading/error/disabled где требуется и не теряет данные.",Статически проиндексировано; route/touch/type/lint guards пройдены. Физическое касание на Android не выполнялось.,"Static 48dp/accessibility guards применены; TalkBack, focus order и реальная hit area требуют Device QA.",STATIC_PASS_DEVICE_QA_REQUIRED,verify:route-integrity; verify:touch-targets; typecheck; lint,YES
src/bootstrap/AppShell.tsx,233,Stack.Screen,,"name=""screens/settings"" | options={{ animation: 'slide_from_right' }}","Действие соответствует подписи, не дублируется, имеет loading/error/disabled где требуется и не теряет данные.",Статически проиндексировано; route/touch/type/lint guards пройдены. Физическое касание на Android не выполнялось.,"Static 48dp/accessibility guards применены; TalkBack, focus order и реальная hit area требуют Device QA.",STATIC_PASS_DEVICE_QA_REQUIRED,verify:route-integrity; verify:touch-targets; typecheck; lint,YES
src/bootstrap/AppShell.tsx,234,Stack.Screen,,"name=""screens/notifications"" | options={{ animation: 'slide_from_right' }}","Действие соответствует подписи, не дублируется, имеет loading/error/disabled где требуется и не теряет данные.",Статически проиндексировано; route/touch/type/lint guards пройдены. Физическое касание на Android не выполнялось.,"Static 48dp/accessibility guards применены; TalkBack, focus order и реальная hit area требуют Device QA.",STATIC_PASS_DEVICE_QA_REQUIRED,verify:route-integrity; verify:touch-targets; typecheck; lint,YES
src/bootstrap/AppShell.tsx,235,Stack.Screen,,"name=""screens/log-state"" | options={{ presentation: 'modal', animation: 'slide_from_bottom' }}","Действие соответствует подписи, не дублируется, имеет loading/error/disabled где требуется и не теряет данные.",Статически проиндексировано; route/touch/type/lint guards пройдены. Физическое касание на Android не выполнялось.,"Static 48dp/accessibility guards применены; TalkBack, focus order и реальная hit area требуют Device QA.",STATIC_PASS_DEVICE_QA_REQUIRED,verify:route-integrity; verify:touch-targets; typecheck; lint,YES
src/bootstrap/AppShell.tsx,236,Stack.Screen,,"name=""screens/analytics"" | options={{ animation: 'slide_from_right' }}","Действие соответствует подписи, не дублируется, имеет loading/error/disabled где требуется и не теряет данные.",Статически проиндексировано; route/touch/type/lint guards пройдены. Физическое касание на Android не выполнялось.,"Static 48dp/accessibility guards применены; TalkBack, focus order и реальная hit area требуют Device QA.",STATIC_PASS_DEVICE_QA_REQUIRED,verify:route-integrity; verify:touch-targets; typecheck; lint,YES
src/bootstrap/AppShell.tsx,237,Stack.Screen,,"name=""screens/subscription"" | options={{ presentation: 'modal', animation: 'slide_from_bottom' }}","Действие соответствует подписи, не дублируется, имеет loading/error/disabled где требуется и не теряет данные.",Статически проиндексировано; route/touch/type/lint guards пройдены. Физическое касание на Android не выполнялось.,"Static 48dp/accessibility guards применены; TalkBack, focus order и реальная hit area требуют Device QA.",STATIC_PASS_DEVICE_QA_REQUIRED,verify:route-integrity; verify:touch-targets; typecheck; lint,YES
src/bootstrap/AppShell.tsx,238,Stack.Screen,,"name=""screens/box-feedback"" | options={{ presentation: 'modal', animation: 'slide_from_bottom' }}","Действие соответствует подписи, не дублируется, имеет loading/error/disabled где требуется и не теряет данные.",Статически проиндексировано; route/touch/type/lint guards пройдены. Физическое касание на Android не выполнялось.,"Static 48dp/accessibility guards применены; TalkBack, focus order и реальная hit area требуют Device QA.",STATIC_PASS_DEVICE_QA_REQUIRED,verify:route-integrity; verify:touch-targets; typecheck; lint,YES
src/bootstrap/AppShell.tsx,239,Stack.Screen,,"name=""screens/period-editor"" | options={{ presentation: 'modal', animation: 'slide_from_bottom' }}","Действие соответствует подписи, не дублируется, имеет loading/error/disabled где требуется и не теряет данные.",Статически проиндексировано; route/touch/type/lint guards пройдены. Физическое касание на Android не выполнялось.,"Static 48dp/accessibility guards применены; TalkBack, focus order и реальная hit area требуют Device QA.",STATIC_PASS_DEVICE_QA_REQUIRED,verify:route-integrity; verify:touch-targets; typecheck; lint,YES
src/bootstrap/AppShell.tsx,240,Stack.Screen,,"name=""screens/period-review"" | options={{ animation: 'slide_from_right' }}","Действие соответствует подписи, не дублируется, имеет loading/error/disabled где требуется и не теряет данные.",Статически проиндексировано; route/touch/type/lint guards пройдены. Физическое касание на Android не выполнялось.,"Static 48dp/accessibility guards применены; TalkBack, focus order и реальная hit area требуют Device QA.",STATIC_PASS_DEVICE_QA_REQUIRED,verify:route-integrity; verify:touch-targets; typecheck; lint,YES
src/bootstrap/AppShell.tsx,241,Stack.Screen,,"name=""screens/legal"" | options={{ animation: 'slide_from_right' }}","Действие соответствует подписи, не дублируется, имеет loading/error/disabled где требуется и не теряет данные.",Статически проиндексировано; route/touch/type/lint guards пройдены. Физическое касание на Android не выполнялось.,"Static 48dp/accessibility guards применены; TalkBack, focus order и реальная hit area требуют Device QA.",STATIC_PASS_DEVICE_QA_REQUIRED,verify:route-integrity; verify:touch-targets; typecheck; lint,YES
src/bootstrap/AppShell.tsx,242,Stack.Screen,,"name=""screens/address-map"" | options={{ animation: 'slide_from_right' }}","Действие соответствует подписи, не дублируется, имеет loading/error/disabled где требуется и не теряет данные.",Статически проиндексировано; route/touch/type/lint guards пройдены. Физическое касание на Android не выполнялось.,"Static 48dp/accessibility guards применены; TalkBack, focus order и реальная hit area требуют Device QA.",STATIC_PASS_DEVICE_QA_REQUIRED,verify:route-integrity; verify:touch-targets; typecheck; lint,YES
src/components/DateCalendarPicker.tsx,49,PressScale,,"accessibilityLabel=""Previous month"" | onPress={() => move(-1)} | style={styles.arrow}","Действие соответствует подписи, не дублируется, имеет loading/error/disabled где требуется и не теряет данные.",Статически проиндексировано; route/touch/type/lint guards пройдены. Физическое касание на Android не выполнялось.,"Static 48dp/accessibility guards применены; TalkBack, focus order и реальная hit area требуют Device QA.",STATIC_PASS_DEVICE_QA_REQUIRED,verify:route-integrity; verify:touch-targets; typecheck; lint,YES
src/components/DateCalendarPicker.tsx,55,PressScale,,"accessibilityLabel=""Next month"" | onPress={() => move(1)} | style={styles.arrow}","Действие соответствует подписи, не дублируется, имеет loading/error/disabled где требуется и не теряет данные.",Статически проиндексировано; route/touch/type/lint guards пройдены. Физическое касание на Android не выполнялось.,"Static 48dp/accessibility guards применены; TalkBack, focus order и реальная hit area требуют Device QA.",STATIC_PASS_DEVICE_QA_REQUIRED,verify:route-integrity; verify:touch-targets; typecheck; lint,YES
src/components/DateCalendarPicker.tsx,75,PressScale,{day},"disabled={disabled} | accessibilityLabel={date.toLocaleDateString(locale)} | onPress={() => onChange(dateString)} | style={[styles.dayButton, selected && styles.selectedDayButton, disabled && styles.disabledDayButton]}","Действие соответствует подписи, не дублируется, имеет loading/error/disabled где требуется и не теряет данные.",Статически проиндексировано; route/touch/type/lint guards пройдены. Физическое касание на Android не выполнялось.,"Static 48dp/accessibility guards применены; TalkBack, focus order и реальная hit area требуют Device QA.",STATIC_PASS_DEVICE_QA_REQUIRED,verify:route-integrity; verify:touch-targets; typecheck; lint,YES
src/components/LousaMapLibreAddressMap.tsx,168,MapComponent,,style={StyleSheet.absoluteFill} | mapStyle={provider.styleUrl} | logoEnabled={false} | compassEnabled={interactive} | attributionEnabled={false} | rotateEnabled={false} | pitchEnabled={false} | scrollEnabled={interactive} | zoomEnabled={interactive} | onDidFinishLoadingMap={onMapReady} | onDidFailLoadingMap={() => onMapError?.('MAP_LOAD_FAILED')} | onRegionIsChanging={handleMoving} | onRegionDidChange={handleIdle} | onPress={(event: AnyRecord) => { if (!interactive || !onSelectCoordinate || sele,"Действие соответствует подписи, не дублируется, имеет loading/error/disabled где требуется и не теряет данные.",Статически проиндексировано; route/touch/type/lint guards пройдены. Физическое касание на Android не выполнялось.,"Static 48dp/accessibility guards применены; TalkBack, focus order и реальная hit area требуют Device QA.",STATIC_PASS_DEVICE_QA_REQUIRED,verify:route-integrity; verify:touch-targets; typecheck; lint,YES
src/components/LousaMapLibreAddressMap.tsx,233,Pressable,,"accessibilityRole=""button"" | accessibilityLabel={expandLabel || 'Открыть карту'} | onPress={onExpand} | style={styles.expandButton}","Действие соответствует подписи, не дублируется, имеет loading/error/disabled где требуется и не теряет данные.",Статически проиндексировано; route/touch/type/lint guards пройдены. Физическое касание на Android не выполнялось.,"Static 48dp/accessibility guards применены; TalkBack, focus order и реальная hit area требуют Device QA.",STATIC_PASS_DEVICE_QA_REQUIRED,verify:route-integrity; verify:touch-targets; typecheck; lint,YES
src/components/TopAppBar.tsx,27,Pressable,{unread > 0 ? <View style={styles.notificationDot} /> : null},"accessibilityRole=""button"" | accessibilityLabel=""Уведомления"" | style={({ pressed }) => [styles.iconButton, { backgroundColor: isDark ? 'rgba(255,255,255,0.07)' : '#FFFDFE', opacity: pressed ? 0.72 : 1 }]} | onPress={() => router.push('/screens/notifications')}","Действие соответствует подписи, не дублируется, имеет loading/error/disabled где требуется и не теряет данные.",Статически проиндексировано; route/touch/type/lint guards пройдены. Физическое касание на Android не выполнялось.,"Static 48dp/accessibility guards применены; TalkBack, focus order и реальная hit area требуют Device QA.",STATIC_PASS_DEVICE_QA_REQUIRED,verify:route-integrity; verify:touch-targets; typecheck; lint,YES
src/components/TopAppBar.tsx,37,Pressable,,"accessibilityRole=""button"" | accessibilityLabel=""Профиль"" | style={({ pressed }) => [styles.avatarButton, { borderColor: isDark ? 'rgba(255,255,255,0.14)' : 'rgba(91,54,95,0.12)', opacity: pressed ? 0.72 : 1 }]} | onPress={() => router.push('/screens/profile')}","Действие соответствует подписи, не дублируется, имеет loading/error/disabled где требуется и не теряет данные.",Статически проиндексировано; route/touch/type/lint guards пройдены. Физическое касание на Android не выполнялось.,"Static 48dp/accessibility guards применены; TalkBack, focus order и реальная hit area требуют Device QA.",STATIC_PASS_DEVICE_QA_REQUIRED,verify:route-integrity; verify:touch-targets; typecheck; lint,YES
src/components/layout.tsx,165,TouchableOpacity,,"accessibilityRole=""button"" | accessibilityLabel=""Back"" | onPress={onBack || (() => router.back())} | style={[styles.headerIconButton, { backgroundColor: isDark ? 'rgba(255,255,255,0.07)' : '#FFFDFE' }]}","Действие соответствует подписи, не дублируется, имеет loading/error/disabled где требуется и не теряет данные.",Статически проиндексировано; route/touch/type/lint guards пройдены. Физическое касание на Android не выполнялось.,"Static 48dp/accessibility guards применены; TalkBack, focus order и реальная hit area требуют Device QA.",STATIC_PASS_DEVICE_QA_REQUIRED,verify:route-integrity; verify:touch-targets; typecheck; lint,YES
src/components/ui/index.tsx,51,AnimatedPressable,{children},"accessibilityRole=""button"" | accessibilityLabel={accessibilityLabel} | disabled={disabled} | onPressIn={() => { if (reducedMotion) { opacity.value = withTiming(0.82, { duration: Motion.duration.instant }); return; } scale.value = withSpring(0.985, Motion.spring.press); opacity.value | onPressOut={() => { scale.value = reducedMotion ? 1 : withSpring(1, Motion.spring.press); opacity.value = withTiming(1, { duration: Motion.duration.instant }); }} | onPress={() => { if (haptic) Haptics.impactAsync(","Действие соответствует подписи, не дублируется, имеет loading/error/disabled где требуется и не теряет данные.",Статически проиндексировано; route/touch/type/lint guards пройдены. Физическое касание на Android не выполнялось.,"Static 48dp/accessibility guards применены; TalkBack, focus order и реальная hit area требуют Device QA.",STATIC_PASS_DEVICE_QA_REQUIRED,verify:route-integrity; verify:touch-targets; typecheck; lint,YES
src/components/ui/index.tsx,137,PressScale,{actionLabel},"onPress={onAction} | style={[styles.sectionAction, compact && styles.sectionActionCompact]}","Действие соответствует подписи, не дублируется, имеет loading/error/disabled где требуется и не теряет данные.",Статически проиндексировано; route/touch/type/lint guards пройдены. Физическое касание на Android не выполнялось.,"Static 48dp/accessibility guards применены; TalkBack, focus order и реальная hit area требуют Device QA.",STATIC_PASS_DEVICE_QA_REQUIRED,verify:route-integrity; verify:touch-targets; typecheck; lint,YES
src/components/ui/index.tsx,208,PressScale,"{label} {icon ? <MaterialSymbol name={icon} size={20} color=""#FFFFFF"" /> : null}",onPress={onPress} | disabled={disabled} | style={styles.primaryAction},"Действие соответствует подписи, не дублируется, имеет loading/error/disabled где требуется и не теряет данные.",Статически проиндексировано; route/touch/type/lint guards пройдены. Физическое касание на Android не выполнялось.,"Static 48dp/accessibility guards применены; TalkBack, focus order и реальная hit area требуют Device QA.",STATIC_PASS_DEVICE_QA_REQUIRED,verify:route-integrity; verify:touch-targets; typecheck; lint,YES
src/components/ui/index.tsx,268,PressScale,,"accessibilityLabel=""Decrease quantity"" | disabled={decreaseDisabled} | onPress={() => onChange(Math.max(min, value - step))} | style={styles.quantityButton}","Действие соответствует подписи, не дублируется, имеет loading/error/disabled где требуется и не теряет данные.",Статически проиндексировано; route/touch/type/lint guards пройдены. Физическое касание на Android не выполнялось.,"Static 48dp/accessibility guards применены; TalkBack, focus order и реальная hit area требуют Device QA.",STATIC_PASS_DEVICE_QA_REQUIRED,verify:route-integrity; verify:touch-targets; typecheck; lint,YES
src/components/ui/index.tsx,277,PressScale,,"accessibilityLabel=""Increase quantity"" | disabled={increaseDisabled} | onPress={() => onChange(Math.min(max, value + step))} | style={styles.quantityButton}","Действие соответствует подписи, не дублируется, имеет loading/error/disabled где требуется и не теряет данные.",Статически проиндексировано; route/touch/type/lint guards пройдены. Физическое касание на Android не выполнялось.,"Static 48dp/accessibility guards применены; TalkBack, focus order и реальная hit area требуют Device QA.",STATIC_PASS_DEVICE_QA_REQUIRED,verify:route-integrity; verify:touch-targets; typecheck; lint,YES
src/features/auth/components/AuthTextField.tsx,3,TextInput,,...,"Действие соответствует подписи, не дублируется, имеет loading/error/disabled где требуется и не теряет данные.",Статически проиндексировано; route/touch/type/lint guards пройдены. Физическое касание на Android не выполнялось.,"Static 48dp/accessibility guards применены; TalkBack, focus order и реальная hit area требуют Device QA.",STATIC_PASS_DEVICE_QA_REQUIRED,verify:route-integrity; verify:touch-targets; typecheck; lint,YES
