$ npm run typecheck

> lousa-moon@1.18.22 typecheck
> tsc --noEmit

error TS2468: Cannot find global value 'Promise'.
app/(tabs)/_layout.tsx(1,19): error TS2307: Cannot find module 'react' or its corresponding type declarations.
app/(tabs)/_layout.tsx(2,22): error TS2307: Cannot find module 'expo-router' or its corresponding type declarations.
app/(tabs)/_layout.tsx(3,71): error TS2307: Cannot find module 'react-native' or its corresponding type declarations.
app/(tabs)/_layout.tsx(4,35): error TS2307: Cannot find module 'react-native-safe-area-context' or its corresponding type declarations.
app/(tabs)/_layout.tsx(5,32): error TS6142: Module '../../src/components/MaterialSymbol' was resolved to '/mnt/data/lousa_work/LOUSA_MOON_V1.18.22_BUILD133_PAPER_MOON_NATIVE_HANDOFF_FIX_SOURCE/src/components/MaterialSymbol.tsx', but '--jsx' is not set.
app/(tabs)/_layout.tsx(7,26): error TS6142: Module '../../src/theme/ThemeProvider' was resolved to '/mnt/data/lousa_work/LOUSA_MOON_V1.18.22_BUILD133_PAPER_MOON_NATIVE_HANDOFF_FIX_SOURCE/src/theme/ThemeProvider.tsx', but '--jsx' is not set.
app/(tabs)/_layout.tsx(25,5): error TS17004: Cannot use JSX unless the '--jsx' flag is provided.
app/(tabs)/_layout.tsx(26,7): error TS17004: Cannot use JSX unless the '--jsx' flag is provided.
app/(tabs)/_layout.tsx(27,9): error TS17004: Cannot use JSX unless the '--jsx' flag is provided.
app/(tabs)/_layout.tsx(29,7): error TS17004: Cannot use JSX unless the '--jsx' flag is provided.
app/(tabs)/_layout.tsx(39,34): error TS7006: Parameter 'state' implicitly has an 'any' type.
app/(tabs)/_layout.tsx(40,18): error TS7053: Element implicitly has an 'any' type because expression of type 'any' can't be used to index type '{ en: { today: string; tracking: string; box: string; profile: string; }; ru: { today: string; tracking: string; box: string; profile: string; }; hy: { today: string; tracking: string; box: string; profile: string; }; }'.
app/(tabs)/_layout.tsx(44,5): error TS17004: Cannot use JSX unless the '--jsx' flag is provided.
app/(tabs)/_layout.tsx(57,7): error TS17004: Cannot use JSX unless the '--jsx' flag is provided.
app/(tabs)/_layout.tsx(57,59): error TS7031: Binding element 'focused' implicitly has an 'any' type.
app/(tabs)/_layout.tsx(57,73): error TS17004: Cannot use JSX unless the '--jsx' flag is provided.
app/(tabs)/_layout.tsx(58,7): error TS17004: Cannot use JSX unless the '--jsx' flag is provided.
app/(tabs)/_layout.tsx(58,59): error TS7031: Binding element 'focused' implicitly has an 'any' type.
app/(tabs)/_layout.tsx(58,73): error TS17004: Cannot use JSX unless the '--jsx' flag is provided.
app/(tabs)/_layout.tsx(59,7): error TS17004: Cannot use JSX unless the '--jsx' flag is provided.
app/(tabs)/_layout.tsx(59,57): error TS7031: Binding element 'focused' implicitly has an 'any' type.
app/(tabs)/_layout.tsx(59,71): error TS17004: Cannot use JSX unless the '--jsx' flag is provided.
app/(tabs)/_layout.tsx(60,7): error TS17004: Cannot use JSX unless the '--jsx' flag is provided.
app/(tabs)/_layout.tsx(60,61): error TS7031: Binding element 'focused' implicitly has an 'any' type.
app/(tabs)/_layout.tsx(60,75): error TS17004: Cannot use JSX unless the '--jsx' flag is provided.
app/(tabs)/_layout.tsx(61,7): error TS17004: Cannot use JSX unless the '--jsx' flag is provided.
app/(tabs)/_layout.tsx(62,7): error TS17004: Cannot use JSX unless the '--jsx' flag is provided.
app/(tabs)/_layout.tsx(63,7): error TS17004: Cannot use JSX unless the '--jsx' flag is provided.
app/(tabs)/box.tsx(1,53): error TS2307: Cannot find module 'react' or its corresponding type declarations.
app/(tabs)/box.tsx(2,54): error TS2307: Cannot find module 'react-native' or its corresponding type declarations.
app/(tabs)/box.tsx(3,24): error TS2307: Cannot find module 'expo-router' or its corresponding type declarations.
app/(tabs)/box.tsx(4,52): error TS2307: Cannot find module 'react-native-reanimated' or its corresponding type declarations.
app/(tabs)/box.tsx(6,32): error TS6142: Module '../../src/components/MaterialSymbol' was resolved to '/mnt/data/lousa_work/LOUSA_MOON_V1.18.22_BUILD133_PAPER_MOON_NATIVE_HANDOFF_FIX_SOURCE/src/components/MaterialSymbol.tsx', but '--jsx' is not set.
app/(tabs)/box.tsx(7,44): error TS6142: Module '../../src/components/layout' was resolved to '/mnt/data/lousa_work/LOUSA_MOON_V1.18.22_BUILD133_PAPER_MOON_NATIVE_HANDOFF_FIX_SOURCE/src/components/layout.tsx', but '--jsx' is not set.
app/(tabs)/box.tsx(8,36): error TS6142: Module '../../src/components/DeliveryMapPreview' was resolved to '/mnt/data/lousa_work/LOUSA_MOON_V1.18.22_BUILD133_PAPER_MOON_NATIVE_HANDOFF_FIX_SOURCE/src/components/DeliveryMapPreview.tsx', but '--jsx' is not set.
app/(tabs)/box.tsx(18,8): error TS6142: Module '../../src/components/ui' was resolved to '/mnt/data/lousa_work/LOUSA_MOON_V1.18.22_BUILD133_PAPER_MOON_NATIVE_HANDOFF_FIX_SOURCE/src/components/ui/index.tsx', but '--jsx' is not set.
app/(tabs)/box.tsx(21,26): error TS6142: Module '../../src/theme/ThemeProvider' was resolved to '/mnt/data/lousa_work/LOUSA_MOON_V1.18.22_BUILD133_PAPER_MOON_NATIVE_HANDOFF_FIX_SOURCE/src/theme/ThemeProvider.tsx', but '--jsx' is not set.
app/(tabs)/box.tsx(79,34): error TS7006: Parameter 'state' implicitly has an 'any' type.
app/(tabs)/box.tsx(80,37): error TS7006: Parameter 'state' implicitly has an 'any' type.
app/(tabs)/box.tsx(81,16): error TS7053: Element implicitly has an 'any' type because expression of type 'any' can't be used to index type '{ readonly ru: { readonly title: "LOUSA BOX"; readonly subtitle: "Бокс, который помогает подготовиться заранее. Вы выбираете состав — LOUSA ничего не добавляет без подтверждения."; ... 38 more ...; readonly stepLabels: { ...; }; }; readonly en: { ...; }; readonly hy: { ...; }; }'.
app/(tabs)/box.tsx(83,48): error TS7006: Parameter 'state' implicitly has an 'any' type.
app/(tabs)/box.tsx(84,48): error TS7006: Parameter 'state' implicitly has an 'any' type.
app/(tabs)/box.tsx(85,39): error TS7006: Parameter 'state' implicitly has an 'any' type.
app/(tabs)/box.tsx(94,5): error TS2585: 'Promise' only refers to a type, but is being used as a value here. Do you need to change your target library? Try changing the 'lib' compiler option to es2015 or later.
app/(tabs)/box.tsx(94,97): error TS7031: Binding element 'subscriptionResult' implicitly has an 'any' type.
app/(tabs)/box.tsx(94,117): error TS7031: Binding element 'orderResult' implicitly has an 'any' type.
app/(tabs)/box.tsx(116,26): error TS2550: Property 'find' does not exist on type 'BoxPlan[]'. Do you need to change your target library? Try changing the 'lib' compiler option to 'es2015' or later.
app/(tabs)/box.tsx(116,32): error TS7006: Parameter 'item' implicitly has an 'any' type.
app/(tabs)/box.tsx(118,44): error TS7006: Parameter 'record' implicitly has an 'any' type.
app/(tabs)/box.tsx(120,7): error TS2580: Cannot find name 'require'. Do you need to install type definitions for node? Try `npm i --save-dev @types/node`.
app/(tabs)/box.tsx(122,9): error TS2580: Cannot find name 'require'. Do you need to install type definitions for node? Try `npm i --save-dev @types/node`.
app/(tabs)/box.tsx(123,9): error TS2580: Cannot find name 'require'. Do you need to install type definitions for node? Try `npm i --save-dev @types/node`.
app/(tabs)/box.tsx(125,48): error TS2550: Property 'includes' does not exist on type 'string[]'. Do you need to change your target library? Try changing the 'lib' compiler option to 'es2016' or later.
app/(tabs)/box.tsx(126,30): error TS2550: Property 'includes' does not exist on type 'string[]'. Do you need to change your target library? Try changing the 'lib' compiler option to 'es2016' or later.
app/(tabs)/box.tsx(139,33): error TS2705: An async function or method in ES5 requires the 'Promise' constructor.  Make sure you have a declaration for the 'Promise' constructor or include 'ES2015' in your '--lib' option.
app/(tabs)/box.tsx(179,62): error TS2550: Property 'includes' does not exist on type 'string[]'. Do you need to change your target library? Try changing the 'lib' compiler option to 'es2016' or later.
app/(tabs)/box.tsx(183,15): error TS2550: Property 'isFinite' does not exist on type 'NumberConstructor'. Do you need to change your target library? Try changing the 'lib' compiler option to 'es2015' or later.
app/(tabs)/box.tsx(185,15): error TS2550: Property 'isFinite' does not exist on type 'NumberConstructor'. Do you need to change your target library? Try changing the 'lib' compiler option to 'es2015' or later.
app/(tabs)/box.tsx(204,5): error TS17004: Cannot use JSX unless the '--jsx' flag is provided.
app/(tabs)/box.tsx(204,6): error TS2741: Property 'children' is missing in type '{ backgroundVariant: "cosmic" | "minimal"; }' but required in type '{ children: React.ReactNode; title?: string | undefined; backgroundVariant?: "cosmic" | "minimal" | "liquid" | undefined; }'.
app/(tabs)/box.tsx(205,7): error TS17004: Cannot use JSX unless the '--jsx' flag is provided.
app/(tabs)/box.tsx(206,9): error TS17004: Cannot use JSX unless the '--jsx' flag is provided.
app/(tabs)/box.tsx(207,11): error TS17004: Cannot use JSX unless the '--jsx' flag is provided.
app/(tabs)/box.tsx(208,11): error TS17004: Cannot use JSX unless the '--jsx' flag is provided.
app/(tabs)/box.tsx(211,9): error TS17004: Cannot use JSX unless the '--jsx' flag is provided.
app/(tabs)/box.tsx(211,10): error TS2741: Property 'children' is missing in type '{ tone: "neutral" | "rose"; style: any; }' but required in type '{ children: React.ReactNode; tone?: "success" | "neutral" | "rose" | "night" | undefined; style?: any; }'.
app/(tabs)/box.tsx(212,11): error TS17004: Cannot use JSX unless the '--jsx' flag is provided.
app/(tabs)/box.tsx(212,57): error TS2580: Cannot find name 'require'. Do you need to install type definitions for node? Try `npm i --save-dev @types/node`.
app/(tabs)/box.tsx(213,11): error TS17004: Cannot use JSX unless the '--jsx' flag is provided.
app/(tabs)/box.tsx(218,11): error TS17004: Cannot use JSX unless the '--jsx' flag is provided.
app/(tabs)/box.tsx(219,11): error TS17004: Cannot use JSX unless the '--jsx' flag is provided.
app/(tabs)/box.tsx(221,13): error TS17004: Cannot use JSX unless the '--jsx' flag is provided.
app/(tabs)/box.tsx(227,13): error TS17004: Cannot use JSX unless the '--jsx' flag is provided.
app/(tabs)/box.tsx(228,15): error TS17004: Cannot use JSX unless the '--jsx' flag is provided.
app/(tabs)/box.tsx(231,13): error TS17004: Cannot use JSX unless the '--jsx' flag is provided.
app/(tabs)/box.tsx(232,15): error TS17004: Cannot use JSX unless the '--jsx' flag is provided.
app/(tabs)/box.tsx(233,17): error TS17004: Cannot use JSX unless the '--jsx' flag is provided.
app/(tabs)/box.tsx(234,17): error TS17004: Cannot use JSX unless the '--jsx' flag is provided.
app/(tabs)/box.tsx(235,17): error TS17004: Cannot use JSX unless the '--jsx' flag is provided.
app/(tabs)/box.tsx(236,17): error TS17004: Cannot use JSX unless the '--jsx' flag is provided.
app/(tabs)/box.tsx(238,15): error TS17004: Cannot use JSX unless the '--jsx' flag is provided.
app/(tabs)/box.tsx(243,24): error TS17004: Cannot use JSX unless the '--jsx' flag is provided.
app/(tabs)/box.tsx(246,11): error TS17004: Cannot use JSX unless the '--jsx' flag is provided.
app/(tabs)/box.tsx(246,12): error TS2741: Property 'children' is missing in type '{ style: any; }' but required in type '{ children: React.ReactNode; style?: any; padded?: boolean | undefined; }'.
app/(tabs)/box.tsx(247,13): error TS17004: Cannot use JSX unless the '--jsx' flag is provided.
app/(tabs)/box.tsx(248,15): error TS17004: Cannot use JSX unless the '--jsx' flag is provided.
app/(tabs)/box.tsx(249,15): error TS17004: Cannot use JSX unless the '--jsx' flag is provided.
app/(tabs)/box.tsx(252,15): error TS17004: Cannot use JSX unless the '--jsx' flag is provided.
app/(tabs)/box.tsx(265,19): error TS17004: Cannot use JSX unless the '--jsx' flag is provided.
app/(tabs)/box.tsx(266,21): error TS17004: Cannot use JSX unless the '--jsx' flag is provided.
app/(tabs)/box.tsx(267,21): error TS17004: Cannot use JSX unless the '--jsx' flag is provided.
app/(tabs)/box.tsx(271,19): error TS17004: Cannot use JSX unless the '--jsx' flag is provided.
app/(tabs)/box.tsx(271,34): error TS2322: Type '{ key: "city" | "street" | "house"; body: string; tone: "warning"; }' is not assignable to type '{ title?: string | undefined; body: string; tone?: "success" | "neutral" | "warning" | "danger" | undefined; }'.
  Property 'key' does not exist on type '{ title?: string | undefined; body: string; tone?: "success" | "neutral" | "warning" | "danger" | undefined; }'.
app/(tabs)/box.tsx(275,15): error TS17004: Cannot use JSX unless the '--jsx' flag is provided.
app/(tabs)/box.tsx(276,17): error TS17004: Cannot use JSX unless the '--jsx' flag is provided.
app/(tabs)/box.tsx(277,17): error TS17004: Cannot use JSX unless the '--jsx' flag is provided.
app/(tabs)/box.tsx(284,11): error TS17004: Cannot use JSX unless the '--jsx' flag is provided.
app/(tabs)/box.tsx(285,13): error TS17004: Cannot use JSX unless the '--jsx' flag is provided.
app/(tabs)/box.tsx(286,13): error TS17004: Cannot use JSX unless the '--jsx' flag is provided.
app/(tabs)/box.tsx(286,14): error TS2741: Property 'children' is missing in type '{ style: any; }' but required in type '{ children: React.ReactNode; style?: any; padded?: boolean | undefined; }'.
app/(tabs)/box.tsx(287,15): error TS17004: Cannot use JSX unless the '--jsx' flag is provided.
app/(tabs)/box.tsx(288,17): error TS17004: Cannot use JSX unless the '--jsx' flag is provided.
app/(tabs)/box.tsx(288,49): error TS17004: Cannot use JSX unless the '--jsx' flag is provided.
app/(tabs)/box.tsx(289,17): error TS17004: Cannot use JSX unless the '--jsx' flag is provided.
app/(tabs)/box.tsx(290,19): error TS17004: Cannot use JSX unless the '--jsx' flag is provided.
app/(tabs)/box.tsx(291,19): error TS17004: Cannot use JSX unless the '--jsx' flag is provided.
app/(tabs)/box.tsx(294,15): error TS17004: Cannot use JSX unless the '--jsx' flag is provided.
app/(tabs)/box.tsx(295,17): error TS17004: Cannot use JSX unless the '--jsx' flag is provided.
app/(tabs)/box.tsx(296,17): error TS17004: Cannot use JSX unless the '--jsx' flag is provided.
app/(tabs)/box.tsx(304,13): error TS17004: Cannot use JSX unless the '--jsx' flag is provided.
app/(tabs)/box.tsx(305,13): error TS17004: Cannot use JSX unless the '--jsx' flag is provided.
app/(tabs)/box.tsx(305,14): error TS2741: Property 'children' is missing in type '{ style: any; }' but required in type '{ children: React.ReactNode; style?: any; }'.
app/(tabs)/box.tsx(306,36): error TS7031: Binding element 'icon' implicitly has an 'any' type.
app/(tabs)/box.tsx(306,42): error TS7031: Binding element 'title' implicitly has an 'any' type.
app/(tabs)/box.tsx(306,49): error TS7031: Binding element 'text' implicitly has an 'any' type.
app/(tabs)/box.tsx(306,56): error TS7006: Parameter 'index' implicitly has an 'any' type.
app/(tabs)/box.tsx(307,17): error TS17004: Cannot use JSX unless the '--jsx' flag is provided.
app/(tabs)/box.tsx(307,26): error TS2322: Type '{ key: any; icon: any; title: any; detail: any; divider: boolean; }' is not assignable to type '{ title: string; detail?: string | undefined; icon?: string | undefined; onPress?: (() => void) | undefined; destructive?: boolean | undefined; trailing?: any; divider?: boolean | undefined; }'.
  Property 'key' does not exist on type '{ title: string; detail?: string | undefined; icon?: string | undefined; onPress?: (() => void) | undefined; destructive?: boolean | undefined; trailing?: any; divider?: boolean | undefined; }'.
app/(tabs)/box.tsx(310,13): error TS17004: Cannot use JSX unless the '--jsx' flag is provided.
app/(tabs)/box.tsx(315,11): error TS17004: Cannot use JSX unless the '--jsx' flag is provided.
app/(tabs)/box.tsx(316,13): error TS17004: Cannot use JSX unless the '--jsx' flag is provided.
app/(tabs)/box.tsx(317,13): error TS17004: Cannot use JSX unless the '--jsx' flag is provided.
app/(tabs)/box.tsx(317,14): error TS2741: Property 'children' is missing in type '{ style: any; }' but required in type '{ children: React.ReactNode; style?: any; padded?: boolean | undefined; }'.
app/(tabs)/box.tsx(318,15): error TS17004: Cannot use JSX unless the '--jsx' flag is provided.
app/(tabs)/box.tsx(319,17): error TS17004: Cannot use JSX unless the '--jsx' flag is provided.
app/(tabs)/box.tsx(320,19): error TS17004: Cannot use JSX unless the '--jsx' flag is provided.
app/(tabs)/box.tsx(321,19): error TS17004: Cannot use JSX unless the '--jsx' flag is provided.
app/(tabs)/box.tsx(323,17): error TS17004: Cannot use JSX unless the '--jsx' flag is provided.
app/(tabs)/box.tsx(324,19): error TS17004: Cannot use JSX unless the '--jsx' flag is provided.
app/(tabs)/box.tsx(325,19): error TS17004: Cannot use JSX unless the '--jsx' flag is provided.
app/(tabs)/box.tsx(328,15): error TS17004: Cannot use JSX unless the '--jsx' flag is provided.
app/(tabs)/box.tsx(329,17): error TS17004: Cannot use JSX unless the '--jsx' flag is provided.
app/(tabs)/box.tsx(331,15): error TS17004: Cannot use JSX unless the '--jsx' flag is provided.
app/(tabs)/box.tsx(335,15): error TS17004: Cannot use JSX unless the '--jsx' flag is provided.
app/(tabs)/box.tsx(336,17): error TS17004: Cannot use JSX unless the '--jsx' flag is provided.
app/(tabs)/box.tsx(349,15): error TS17004: Cannot use JSX unless the '--jsx' flag is provided.
app/(tabs)/box.tsx(350,17): error TS17004: Cannot use JSX unless the '--jsx' flag is provided.
app/(tabs)/box.tsx(355,15): error TS17004: Cannot use JSX unless the '--jsx' flag is provided.
app/(tabs)/box.tsx(356,17): error TS17004: Cannot use JSX unless the '--jsx' flag is provided.
app/(tabs)/box.tsx(357,17): error TS17004: Cannot use JSX unless the '--jsx' flag is provided.
app/(tabs)/box.tsx(357,18): error TS2741: Property 'children' is missing in type '{ style: any; }' but required in type '{ children: React.ReactNode; style?: any; }'.
app/(tabs)/box.tsx(358,56): error TS7006: Parameter 'item' implicitly has an 'any' type.
app/(tabs)/box.tsx(358,62): error TS7006: Parameter 'index' implicitly has an 'any' type.
app/(tabs)/box.tsx(359,21): error TS17004: Cannot use JSX unless the '--jsx' flag is provided.
app/(tabs)/box.tsx(360,23): error TS2322: Type '{ key: any; title: any; detail: any; trailing: any; divider: boolean; }' is not assignable to type '{ title: string; detail?: string | undefined; icon?: string | undefined; onPress?: (() => void) | undefined; destructive?: boolean | undefined; trailing?: any; divider?: boolean | undefined; }'.
  Property 'key' does not exist on type '{ title: string; detail?: string | undefined; icon?: string | undefined; onPress?: (() => void) | undefined; destructive?: boolean | undefined; trailing?: any; divider?: boolean | undefined; }'.
app/(tabs)/box.tsx(363,33): error TS17004: Cannot use JSX unless the '--jsx' flag is provided.
app/(tabs)/box.tsx(371,13): error TS17004: Cannot use JSX unless the '--jsx' flag is provided.
app/(tabs)/box.tsx(372,13): error TS17004: Cannot use JSX unless the '--jsx' flag is provided.
app/(tabs)/box.tsx(372,14): error TS2741: Property 'children' is missing in type '{ style: any; }' but required in type '{ children: React.ReactNode; style?: any; }'.
app/(tabs)/box.tsx(373,15): error TS17004: Cannot use JSX unless the '--jsx' flag is provided.
app/(tabs)/box.tsx(379,15): error TS17004: Cannot use JSX unless the '--jsx' flag is provided.
app/(tabs)/box.tsx(388,13): error TS17004: Cannot use JSX unless the '--jsx' flag is provided.
app/(tabs)/box.tsx(392,30): error TS17004: Cannot use JSX unless the '--jsx' flag is provided.
app/(tabs)/box.tsx(393,29): error TS17004: Cannot use JSX unless the '--jsx' flag is provided.
app/(tabs)/cycle.tsx(1,53): error TS2307: Cannot find module 'react' or its corresponding type declarations.
app/(tabs)/cycle.tsx(11,8): error TS2307: Cannot find module 'react-native' or its corresponding type declarations.
app/(tabs)/cycle.tsx(12,52): error TS2307: Cannot find module 'react-native-reanimated' or its corresponding type declarations.
app/(tabs)/cycle.tsx(13,26): error TS2307: Cannot find module 'expo-haptics' or its corresponding type declarations.
app/(tabs)/cycle.tsx(14,24): error TS2307: Cannot find module 'expo-router' or its corresponding type declarations.
app/(tabs)/cycle.tsx(16,32): error TS6142: Module '../../src/components/MaterialSymbol' was resolved to '/mnt/data/lousa_work/LOUSA_MOON_V1.18.22_BUILD133_PAPER_MOON_NATIVE_HANDOFF_FIX_SOURCE/src/components/MaterialSymbol.tsx', but '--jsx' is not set.
app/(tabs)/cycle.tsx(17,65): error TS6142: Module '../../src/components/layout' was resolved to '/mnt/data/lousa_work/LOUSA_MOON_V1.18.22_BUILD133_PAPER_MOON_NATIVE_HANDOFF_FIX_SOURCE/src/components/layout.tsx', but '--jsx' is not set.
app/(tabs)/cycle.tsx(32,8): error TS6142: Module '../../src/components/ui' was resolved to '/mnt/data/lousa_work/LOUSA_MOON_V1.18.22_BUILD133_PAPER_MOON_NATIVE_HANDOFF_FIX_SOURCE/src/components/ui/index.tsx', but '--jsx' is not set.
app/(tabs)/cycle.tsx(38,26): error TS6142: Module '../../src/theme/ThemeProvider' was resolved to '/mnt/data/lousa_work/LOUSA_MOON_V1.18.22_BUILD133_PAPER_MOON_NATIVE_HANDOFF_FIX_SOURCE/src/theme/ThemeProvider.tsx', but '--jsx' is not set.
app/(tabs)/cycle.tsx(92,34): error TS7006: Parameter 's' implicitly has an 'any' type.
app/(tabs)/cycle.tsx(93,37): error TS7006: Parameter 's' implicitly has an 'any' type.
app/(tabs)/cycle.tsx(94,18): error TS7053: Element implicitly has an 'any' type because expression of type 'any' can't be used to index type '{ readonly ru: { readonly title: "Календарь цикла"; readonly subtitle: "Здесь появятся подтверждённые даты и осторожные прогнозы LOUSA."; readonly weekdays: readonly ["Пн", "Вт", "Ср", "Чт", "Пт", "Сб", "Вс"]; ... 55 more ...; readonly phases: { ...; }; }; readonly en: { ...; }; readonly hy: { ...; }; }'.
app/(tabs)/cycle.tsx(95,22): error TS7053: Element implicitly has an 'any' type because expression of type 'any' can't be used to index type 'Record<SupportedLanguage, Record<MoodType, string>>'.
app/(tabs)/cycle.tsx(96,25): error TS7053: Element implicitly has an 'any' type because expression of type 'any' can't be used to index type 'Record<SupportedLanguage, Record<SymptomType, string>>'.
app/(tabs)/cycle.tsx(108,75): error TS7006: Parameter 'record' implicitly has an 'any' type.
app/(tabs)/cycle.tsx(114,54): error TS7006: Parameter 'snapshot' implicitly has an 'any' type.
app/(tabs)/cycle.tsx(147,71): error TS7006: Parameter 'record' implicitly has an 'any' type.
app/(tabs)/cycle.tsx(152,80): error TS7006: Parameter 'item' implicitly has an 'any' type.
app/(tabs)/cycle.tsx(153,65): error TS7006: Parameter 'day' implicitly has an 'any' type.
app/(tabs)/cycle.tsx(165,65): error TS7006: Parameter 'item' implicitly has an 'any' type.
app/(tabs)/cycle.tsx(165,127): error TS7006: Parameter 'item' implicitly has an 'any' type.
app/(tabs)/cycle.tsx(210,47): error TS7006: Parameter 'item' implicitly has an 'any' type.
app/(tabs)/cycle.tsx(219,55): error TS7006: Parameter 'item' implicitly has an 'any' type.
app/(tabs)/cycle.tsx(261,48): error TS7006: Parameter 'item' implicitly has an 'any' type.
app/(tabs)/cycle.tsx(262,56): error TS7006: Parameter 'item' implicitly has an 'any' type.
app/(tabs)/cycle.tsx(277,5): error TS17004: Cannot use JSX unless the '--jsx' flag is provided.
app/(tabs)/cycle.tsx(277,6): error TS2741: Property 'children' is missing in type '{ backgroundVariant: "cosmic" | "minimal"; }' but required in type '{ children: React.ReactNode; title?: string | undefined; backgroundVariant?: "cosmic" | "minimal" | "liquid" | undefined; }'.
app/(tabs)/cycle.tsx(278,7): error TS17004: Cannot use JSX unless the '--jsx' flag is provided.
app/(tabs)/cycle.tsx(279,9): error TS17004: Cannot use JSX unless the '--jsx' flag is provided.
app/(tabs)/cycle.tsx(280,11): error TS17004: Cannot use JSX unless the '--jsx' flag is provided.
app/(tabs)/cycle.tsx(281,11): error TS17004: Cannot use JSX unless the '--jsx' flag is provided.
app/(tabs)/cycle.tsx(284,9): error TS17004: Cannot use JSX unless the '--jsx' flag is provided.
app/(tabs)/cycle.tsx(285,11): error TS17004: Cannot use JSX unless the '--jsx' flag is provided.
app/(tabs)/cycle.tsx(294,13): error TS17004: Cannot use JSX unless the '--jsx' flag is provided.
app/(tabs)/cycle.tsx(305,9): error TS17004: Cannot use JSX unless the '--jsx' flag is provided.
app/(tabs)/cycle.tsx(306,11): error TS17004: Cannot use JSX unless the '--jsx' flag is provided.
app/(tabs)/cycle.tsx(306,12): error TS2741: Property 'children' is missing in type '{}' but required in type '{ children: React.ReactNode; style?: any; padded?: boolean | undefined; }'.
app/(tabs)/cycle.tsx(307,13): error TS17004: Cannot use JSX unless the '--jsx' flag is provided.
app/(tabs)/cycle.tsx(308,15): error TS17004: Cannot use JSX unless the '--jsx' flag is provided.
app/(tabs)/cycle.tsx(309,15): error TS17004: Cannot use JSX unless the '--jsx' flag is provided.
app/(tabs)/cycle.tsx(310,15): error TS17004: Cannot use JSX unless the '--jsx' flag is provided.
app/(tabs)/cycle.tsx(313,13): error TS17004: Cannot use JSX unless the '--jsx' flag is provided.
app/(tabs)/cycle.tsx(314,37): error TS7006: Parameter 'day' implicitly has an 'any' type.
app/(tabs)/cycle.tsx(314,45): error TS17004: Cannot use JSX unless the '--jsx' flag is provided.
app/(tabs)/cycle.tsx(317,13): error TS17004: Cannot use JSX unless the '--jsx' flag is provided.
app/(tabs)/cycle.tsx(318,22): error TS2550: Property 'from' does not exist on type 'ArrayConstructor'. Do you need to change your target library? Try changing the 'lib' compiler option to 'es2015' or later.
app/(tabs)/cycle.tsx(318,61): error TS7006: Parameter '_' implicitly has an 'any' type.
app/(tabs)/cycle.tsx(318,64): error TS7006: Parameter 'index' implicitly has an 'any' type.
app/(tabs)/cycle.tsx(318,74): error TS17004: Cannot use JSX unless the '--jsx' flag is provided.
app/(tabs)/cycle.tsx(319,35): error TS7006: Parameter 'day' implicitly has an 'any' type.
app/(tabs)/cycle.tsx(323,72): error TS7006: Parameter 'item' implicitly has an 'any' type.
app/(tabs)/cycle.tsx(324,109): error TS2550: Property 'includes' does not exist on type 'string[]'. Do you need to change your target library? Try changing the 'lib' compiler option to 'es2016' or later.
app/(tabs)/cycle.tsx(339,19): error TS17004: Cannot use JSX unless the '--jsx' flag is provided.
app/(tabs)/cycle.tsx(339,31): error TS2322: Type '{ key: any; onPress: () => void; style: any; haptic: false; }' is not assignable to type 'PressScaleProps'.
  Property 'key' does not exist on type 'PressScaleProps'.
app/(tabs)/cycle.tsx(340,21): error TS17004: Cannot use JSX unless the '--jsx' flag is provided.
app/(tabs)/cycle.tsx(346,23): error TS17004: Cannot use JSX unless the '--jsx' flag is provided.
app/(tabs)/cycle.tsx(347,23): error TS17004: Cannot use JSX unless the '--jsx' flag is provided.
app/(tabs)/cycle.tsx(348,50): error TS17004: Cannot use JSX unless the '--jsx' flag is provided.
app/(tabs)/cycle.tsx(349,50): error TS17004: Cannot use JSX unless the '--jsx' flag is provided.
app/(tabs)/cycle.tsx(350,44): error TS17004: Cannot use JSX unless the '--jsx' flag is provided.
app/(tabs)/cycle.tsx(351,64): error TS17004: Cannot use JSX unless the '--jsx' flag is provided.
app/(tabs)/cycle.tsx(352,61): error TS17004: Cannot use JSX unless the '--jsx' flag is provided.
app/(tabs)/cycle.tsx(353,35): error TS17004: Cannot use JSX unless the '--jsx' flag is provided.
app/(tabs)/cycle.tsx(361,13): error TS17004: Cannot use JSX unless the '--jsx' flag is provided.
app/(tabs)/cycle.tsx(363,17): error TS17004: Cannot use JSX unless the '--jsx' flag is provided.
app/(tabs)/cycle.tsx(364,19): error TS17004: Cannot use JSX unless the '--jsx' flag is provided.
app/(tabs)/cycle.tsx(364,51): error TS17004: Cannot use JSX unless the '--jsx' flag is provided.
app/(tabs)/cycle.tsx(364,152): error TS17004: Cannot use JSX unless the '--jsx' flag is provided.
app/(tabs)/cycle.tsx(365,19): error TS17004: Cannot use JSX unless the '--jsx' flag is provided.
app/(tabs)/cycle.tsx(365,51): error TS17004: Cannot use JSX unless the '--jsx' flag is provided.
app/(tabs)/cycle.tsx(365,151): error TS17004: Cannot use JSX unless the '--jsx' flag is provided.
app/(tabs)/cycle.tsx(366,19): error TS17004: Cannot use JSX unless the '--jsx' flag is provided.
app/(tabs)/cycle.tsx(366,51): error TS17004: Cannot use JSX unless the '--jsx' flag is provided.
app/(tabs)/cycle.tsx(366,141): error TS17004: Cannot use JSX unless the '--jsx' flag is provided.
app/(tabs)/cycle.tsx(367,19): error TS17004: Cannot use JSX unless the '--jsx' flag is provided.
app/(tabs)/cycle.tsx(367,51): error TS17004: Cannot use JSX unless the '--jsx' flag is provided.
app/(tabs)/cycle.tsx(367,158): error TS17004: Cannot use JSX unless the '--jsx' flag is provided.
app/(tabs)/cycle.tsx(370,17): error TS17004: Cannot use JSX unless the '--jsx' flag is provided.
app/(tabs)/cycle.tsx(378,9): error TS17004: Cannot use JSX unless the '--jsx' flag is provided.
app/(tabs)/cycle.tsx(381,11): error TS17004: Cannot use JSX unless the '--jsx' flag is provided.
app/(tabs)/cycle.tsx(381,12): error TS2741: Property 'children' is missing in type '{ tone: "neutral"; style: any; }' but required in type '{ children: React.ReactNode; tone?: "success" | "neutral" | "rose" | "night" | undefined; style?: any; }'.
app/(tabs)/cycle.tsx(382,13): error TS17004: Cannot use JSX unless the '--jsx' flag is provided.
app/(tabs)/cycle.tsx(383,13): error TS17004: Cannot use JSX unless the '--jsx' flag is provided.
app/(tabs)/cycle.tsx(384,13): error TS17004: Cannot use JSX unless the '--jsx' flag is provided.
app/(tabs)/cycle.tsx(385,15): error TS17004: Cannot use JSX unless the '--jsx' flag is provided.
app/(tabs)/cycle.tsx(386,15): error TS17004: Cannot use JSX unless the '--jsx' flag is provided.
app/(tabs)/cycle.tsx(391,9): error TS17004: Cannot use JSX unless the '--jsx' flag is provided.
app/(tabs)/cycle.tsx(392,11): error TS17004: Cannot use JSX unless the '--jsx' flag is provided.
app/(tabs)/cycle.tsx(393,11): error TS17004: Cannot use JSX unless the '--jsx' flag is provided.
app/(tabs)/cycle.tsx(393,12): error TS2741: Property 'children' is missing in type '{ tone: "rose"; }' but required in type '{ children: React.ReactNode; tone?: "success" | "neutral" | "rose" | "night" | undefined; style?: any; }'.
app/(tabs)/cycle.tsx(395,15): error TS17004: Cannot use JSX unless the '--jsx' flag is provided.
app/(tabs)/cycle.tsx(396,17): error TS17004: Cannot use JSX unless the '--jsx' flag is provided.
app/(tabs)/cycle.tsx(397,19): error TS17004: Cannot use JSX unless the '--jsx' flag is provided.
app/(tabs)/cycle.tsx(398,19): error TS17004: Cannot use JSX unless the '--jsx' flag is provided.
app/(tabs)/cycle.tsx(400,17): error TS17004: Cannot use JSX unless the '--jsx' flag is provided.
app/(tabs)/cycle.tsx(401,19): error TS17004: Cannot use JSX unless the '--jsx' flag is provided.
app/(tabs)/cycle.tsx(402,19): error TS17004: Cannot use JSX unless the '--jsx' flag is provided.
app/(tabs)/cycle.tsx(403,19): error TS17004: Cannot use JSX unless the '--jsx' flag is provided.
app/(tabs)/cycle.tsx(404,19): error TS17004: Cannot use JSX unless the '--jsx' flag is provided.
app/(tabs)/cycle.tsx(405,21): error TS17004: Cannot use JSX unless the '--jsx' flag is provided.
app/(tabs)/cycle.tsx(406,21): error TS17004: Cannot use JSX unless the '--jsx' flag is provided.
app/(tabs)/cycle.tsx(409,21): error TS17004: Cannot use JSX unless the '--jsx' flag is provided.
app/(tabs)/cycle.tsx(416,15): error TS17004: Cannot use JSX unless the '--jsx' flag is provided.
app/(tabs)/cycle.tsx(417,17): error TS17004: Cannot use JSX unless the '--jsx' flag is provided.
app/(tabs)/cycle.tsx(418,17): error TS17004: Cannot use JSX unless the '--jsx' flag is provided.
app/(tabs)/cycle.tsx(419,19): error TS17004: Cannot use JSX unless the '--jsx' flag is provided.
app/(tabs)/cycle.tsx(420,19): error TS17004: Cannot use JSX unless the '--jsx' flag is provided.
app/(tabs)/cycle.tsx(421,19): error TS17004: Cannot use JSX unless the '--jsx' flag is provided.
app/(tabs)/cycle.tsx(422,21): error TS17004: Cannot use JSX unless the '--jsx' flag is provided.
app/(tabs)/cycle.tsx(427,15): error TS17004: Cannot use JSX unless the '--jsx' flag is provided.
app/(tabs)/cycle.tsx(428,17): error TS17004: Cannot use JSX unless the '--jsx' flag is provided.
app/(tabs)/cycle.tsx(429,17): error TS17004: Cannot use JSX unless the '--jsx' flag is provided.
app/(tabs)/cycle.tsx(430,19): error TS17004: Cannot use JSX unless the '--jsx' flag is provided.
app/(tabs)/cycle.tsx(433,19): error TS17004: Cannot use JSX unless the '--jsx' flag is provided.
app/(tabs)/cycle.tsx(440,19): error TS17004: Cannot use JSX unless the '--jsx' flag is provided.
app/(tabs)/cycle.tsx(441,21): error TS17004: Cannot use JSX unless the '--jsx' flag is provided.
app/(tabs)/cycle.tsx(446,13): error TS17004: Cannot use JSX unless the '--jsx' flag is provided.
app/(tabs)/cycle.tsx(447,15): error TS17004: Cannot use JSX unless the '--jsx' flag is provided.
app/(tabs)/cycle.tsx(448,15): error TS17004: Cannot use JSX unless the '--jsx' flag is provided.
app/(tabs)/cycle.tsx(453,9): error TS17004: Cannot use JSX unless the '--jsx' flag is provided.
app/(tabs)/cycle.tsx(454,11): error TS17004: Cannot use JSX unless the '--jsx' flag is provided.
app/(tabs)/cycle.tsx(457,9): error TS17004: Cannot use JSX unless the '--jsx' flag is provided.
app/(tabs)/cycle.tsx(458,11): error TS17004: Cannot use JSX unless the '--jsx' flag is provided.
app/(tabs)/cycle.tsx(459,11): error TS17004: Cannot use JSX unless the '--jsx' flag is provided.
app/(tabs)/cycle.tsx(459,12): error TS2741: Property 'children' is missing in type '{}' but required in type '{ children: React.ReactNode; style?: any; padded?: boolean | undefined; }'.
app/(tabs)/cycle.tsx(460,13): error TS17004: Cannot use JSX unless the '--jsx' flag is provided.
app/(tabs)/cycle.tsx(461,13): error TS17004: Cannot use JSX unless the '--jsx' flag is provided.
app/(tabs)/cycle.tsx(465,19): error TS17004: Cannot use JSX unless the '--jsx' flag is provided.
app/(tabs)/cycle.tsx(466,21): error TS2322: Type '{ key: MoodType; label: any; icon: string; selected: boolean; onPress: () => any; style: any; }' is not assignable to type '{ label: string; selected: boolean; onPress: () => void; icon?: string | undefined; style?: any; }'.
  Property 'key' does not exist on type '{ label: string; selected: boolean; onPress: () => void; icon?: string | undefined; style?: any; }'.
app/(tabs)/cycle.tsx(477,13): error TS17004: Cannot use JSX unless the '--jsx' flag is provided.
app/(tabs)/cycle.tsx(478,13): error TS17004: Cannot use JSX unless the '--jsx' flag is provided.
app/(tabs)/cycle.tsx(482,19): error TS17004: Cannot use JSX unless the '--jsx' flag is provided.
app/(tabs)/cycle.tsx(483,21): error TS2322: Type '{ key: SymptomType; label: any; icon: string; selected: any; onPress: () => any; }' is not assignable to type '{ label: string; selected: boolean; onPress: () => void; icon?: string | undefined; style?: any; }'.
  Property 'key' does not exist on type '{ label: string; selected: boolean; onPress: () => void; icon?: string | undefined; style?: any; }'.
app/(tabs)/cycle.tsx(493,13): error TS17004: Cannot use JSX unless the '--jsx' flag is provided.
app/(tabs)/cycle.tsx(494,13): error TS17004: Cannot use JSX unless the '--jsx' flag is provided.
app/(tabs)/cycle.tsx(512,9): error TS17004: Cannot use JSX unless the '--jsx' flag is provided.
app/(tabs)/cycle.tsx(513,11): error TS17004: Cannot use JSX unless the '--jsx' flag is provided.
app/(tabs)/cycle.tsx(514,23): error TS17004: Cannot use JSX unless the '--jsx' flag is provided.
app/(tabs)/cycle.tsx(518,11): error TS17004: Cannot use JSX unless the '--jsx' flag is provided.
app/(tabs)/cycle.tsx(519,13): error TS17004: Cannot use JSX unless the '--jsx' flag is provided.
app/(tabs)/cycle.tsx(520,13): error TS17004: Cannot use JSX unless the '--jsx' flag is provided.
app/(tabs)/cycle.tsx(525,11): error TS17004: Cannot use JSX unless the '--jsx' flag is provided.
app/(tabs)/cycle.tsx(526,13): error TS17004: Cannot use JSX unless the '--jsx' flag is provided.
app/(tabs)/cycle.tsx(532,7): error TS17004: Cannot use JSX unless the '--jsx' flag is provided.
app/(tabs)/cycle.tsx(533,9): error TS17004: Cannot use JSX unless the '--jsx' flag is provided.
app/(tabs)/cycle.tsx(534,11): error TS17004: Cannot use JSX unless the '--jsx' flag is provided.
app/(tabs)/cycle.tsx(535,11): error TS17004: Cannot use JSX unless the '--jsx' flag is provided.
app/(tabs)/cycle.tsx(536,13): error TS17004: Cannot use JSX unless the '--jsx' flag is provided.
app/(tabs)/cycle.tsx(537,13): error TS17004: Cannot use JSX unless the '--jsx' flag is provided.
app/(tabs)/cycle.tsx(538,13): error TS17004: Cannot use JSX unless the '--jsx' flag is provided.
app/(tabs)/cycle.tsx(546,15): error TS17004: Cannot use JSX unless the '--jsx' flag is provided.
app/(tabs)/cycle.tsx(546,27): error TS2322: Type '{ key: CycleObservationType; onPress: () => void; style: any[]; }' is not assignable to type 'PressScaleProps'.
  Property 'key' does not exist on type 'PressScaleProps'.
app/(tabs)/cycle.tsx(547,17): error TS17004: Cannot use JSX unless the '--jsx' flag is provided.
app/(tabs)/cycle.tsx(548,17): error TS17004: Cannot use JSX unless the '--jsx' flag is provided.
app/(tabs)/cycle.tsx(549,55): error TS17004: Cannot use JSX unless the '--jsx' flag is provided.
app/(tabs)/cycle.tsx(553,15): error TS17004: Cannot use JSX unless the '--jsx' flag is provided.
app/(tabs)/cycle.tsx(554,17): error TS17004: Cannot use JSX unless the '--jsx' flag is provided.
app/(tabs)/cycle.tsx(557,13): error TS17004: Cannot use JSX unless the '--jsx' flag is provided.
app/(tabs)/for-you.tsx(1,42): error TS2307: Cannot find module 'react' or its corresponding type declarations.
app/(tabs)/for-you.tsx(2,40): error TS2307: Cannot find module 'react-native' or its corresponding type declarations.
app/(tabs)/for-you.tsx(3,24): error TS2307: Cannot find module 'expo-router' or its corresponding type declarations.
app/(tabs)/for-you.tsx(5,32): error TS6142: Module '../../src/components/MaterialSymbol' was resolved to '/mnt/data/lousa_work/LOUSA_MOON_V1.18.22_BUILD133_PAPER_MOON_NATIVE_HANDOFF_FIX_SOURCE/src/components/MaterialSymbol.tsx', but '--jsx' is not set.
app/(tabs)/for-you.tsx(6,65): error TS6142: Module '../../src/components/layout' was resolved to '/mnt/data/lousa_work/LOUSA_MOON_V1.18.22_BUILD133_PAPER_MOON_NATIVE_HANDOFF_FIX_SOURCE/src/components/layout.tsx', but '--jsx' is not set.
app/(tabs)/for-you.tsx(15,8): error TS6142: Module '../../src/components/ui' was resolved to '/mnt/data/lousa_work/LOUSA_MOON_V1.18.22_BUILD133_PAPER_MOON_NATIVE_HANDOFF_FIX_SOURCE/src/components/ui/index.tsx', but '--jsx' is not set.
app/(tabs)/for-you.tsx(18,26): error TS6142: Module '../../src/theme/ThemeProvider' was resolved to '/mnt/data/lousa_work/LOUSA_MOON_V1.18.22_BUILD133_PAPER_MOON_NATIVE_HANDOFF_FIX_SOURCE/src/theme/ThemeProvider.tsx', but '--jsx' is not set.
app/(tabs)/for-you.tsx(84,34): error TS7006: Parameter 'state' implicitly has an 'any' type.
app/(tabs)/for-you.tsx(85,16): error TS7053: Element implicitly has an 'any' type because expression of type 'any' can't be used to index type '{ readonly ru: { readonly appBar: "Для тебя"; readonly title: "Сегодня для вас"; readonly subtitle: "Коротко о том, что известно сегодня и что можно сделать дальше."; readonly today: "Сегодня"; ... 30 more ...; readonly disclaimer: "LOUSA не ставит диагнозы и не заменяет консультацию врача."; }; readonly en: { ...; ...'.
app/(tabs)/for-you.tsx(92,39): error TS7006: Parameter 'item' implicitly has an 'any' type.
app/(tabs)/for-you.tsx(101,16): error TS7006: Parameter 'item' implicitly has an 'any' type.
app/(tabs)/for-you.tsx(102,13): error TS7006: Parameter 'item' implicitly has an 'any' type.
app/(tabs)/for-you.tsx(115,27): error TS2550: Property 'values' does not exist on type 'ObjectConstructor'. Do you need to change your target library? Try changing the 'lib' compiler option to 'es2017' or later.
app/(tabs)/for-you.tsx(115,62): error TS7006: Parameter 'log' implicitly has an 'any' type.
app/(tabs)/for-you.tsx(135,5): error TS17004: Cannot use JSX unless the '--jsx' flag is provided.
app/(tabs)/for-you.tsx(135,6): error TS2741: Property 'children' is missing in type '{ title: any; backgroundVariant: "minimal"; }' but required in type '{ children: React.ReactNode; title?: string | undefined; backgroundVariant?: "cosmic" | "minimal" | "liquid" | undefined; }'.
app/(tabs)/for-you.tsx(136,7): error TS17004: Cannot use JSX unless the '--jsx' flag is provided.
app/(tabs)/for-you.tsx(137,9): error TS17004: Cannot use JSX unless the '--jsx' flag is provided.
app/(tabs)/for-you.tsx(138,9): error TS17004: Cannot use JSX unless the '--jsx' flag is provided.
app/(tabs)/for-you.tsx(140,9): error TS17004: Cannot use JSX unless the '--jsx' flag is provided.
app/(tabs)/for-you.tsx(140,10): error TS2741: Property 'children' is missing in type '{ tone: "rose"; style: any; }' but required in type '{ children: React.ReactNode; tone?: "success" | "neutral" | "rose" | "night" | undefined; style?: any; }'.
app/(tabs)/for-you.tsx(141,11): error TS17004: Cannot use JSX unless the '--jsx' flag is provided.
app/(tabs)/for-you.tsx(143,13): error TS17004: Cannot use JSX unless the '--jsx' flag is provided.
app/(tabs)/for-you.tsx(144,15): error TS17004: Cannot use JSX unless the '--jsx' flag is provided.
app/(tabs)/for-you.tsx(146,17): error TS17004: Cannot use JSX unless the '--jsx' flag is provided.
app/(tabs)/for-you.tsx(148,17): error TS17004: Cannot use JSX unless the '--jsx' flag is provided.
app/(tabs)/for-you.tsx(149,19): error TS17004: Cannot use JSX unless the '--jsx' flag is provided.
app/(tabs)/for-you.tsx(150,19): error TS17004: Cannot use JSX unless the '--jsx' flag is provided.
app/(tabs)/for-you.tsx(153,15): error TS17004: Cannot use JSX unless the '--jsx' flag is provided.
app/(tabs)/for-you.tsx(154,17): error TS17004: Cannot use JSX unless the '--jsx' flag is provided.
app/(tabs)/for-you.tsx(155,17): error TS17004: Cannot use JSX unless the '--jsx' flag is provided.
app/(tabs)/for-you.tsx(159,13): error TS17004: Cannot use JSX unless the '--jsx' flag is provided.
app/(tabs)/for-you.tsx(160,15): error TS17004: Cannot use JSX unless the '--jsx' flag is provided.
app/(tabs)/for-you.tsx(161,15): error TS17004: Cannot use JSX unless the '--jsx' flag is provided.
app/(tabs)/for-you.tsx(164,13): error TS17004: Cannot use JSX unless the '--jsx' flag is provided.
app/(tabs)/for-you.tsx(165,15): error TS17004: Cannot use JSX unless the '--jsx' flag is provided.
app/(tabs)/for-you.tsx(166,15): error TS17004: Cannot use JSX unless the '--jsx' flag is provided.
app/(tabs)/for-you.tsx(169,11): error TS17004: Cannot use JSX unless the '--jsx' flag is provided.
app/(tabs)/for-you.tsx(170,13): error TS17004: Cannot use JSX unless the '--jsx' flag is provided.
app/(tabs)/for-you.tsx(172,11): error TS17004: Cannot use JSX unless the '--jsx' flag is provided.
app/(tabs)/for-you.tsx(176,40): error TS7006: Parameter 'value' implicitly has an 'any' type.
app/(tabs)/for-you.tsx(179,13): error TS17004: Cannot use JSX unless the '--jsx' flag is provided.
app/(tabs)/for-you.tsx(180,15): error TS17004: Cannot use JSX unless the '--jsx' flag is provided.
app/(tabs)/for-you.tsx(181,15): error TS17004: Cannot use JSX unless the '--jsx' flag is provided.
app/(tabs)/for-you.tsx(186,9): error TS17004: Cannot use JSX unless the '--jsx' flag is provided.
app/(tabs)/for-you.tsx(187,9): error TS17004: Cannot use JSX unless the '--jsx' flag is provided.
app/(tabs)/for-you.tsx(187,10): error TS2741: Property 'children' is missing in type '{ style: any; }' but required in type '{ children: React.ReactNode; style?: any; }'.
app/(tabs)/for-you.tsx(188,11): error TS17004: Cannot use JSX unless the '--jsx' flag is provided.
app/(tabs)/for-you.tsx(194,11): error TS17004: Cannot use JSX unless the '--jsx' flag is provided.
app/(tabs)/for-you.tsx(200,11): error TS17004: Cannot use JSX unless the '--jsx' flag is provided.
app/(tabs)/for-you.tsx(206,11): error TS17004: Cannot use JSX unless the '--jsx' flag is provided.
app/(tabs)/for-you.tsx(215,9): error TS17004: Cannot use JSX unless the '--jsx' flag is provided.
app/(tabs)/for-you.tsx(216,9): error TS17004: Cannot use JSX unless the '--jsx' flag is provided.
app/(tabs)/for-you.tsx(216,10): error TS2741: Property 'children' is missing in type '{ style: any; }' but required in type '{ children: React.ReactNode; style?: any; padded?: boolean | undefined; }'.
app/(tabs)/for-you.tsx(217,11): error TS17004: Cannot use JSX unless the '--jsx' flag is provided.
app/(tabs)/for-you.tsx(218,13): error TS17004: Cannot use JSX unless the '--jsx' flag is provided.
app/(tabs)/for-you.tsx(218,42): error TS17004: Cannot use JSX unless the '--jsx' flag is provided.
app/(tabs)/for-you.tsx(219,13): error TS17004: Cannot use JSX unless the '--jsx' flag is provided.
app/(tabs)/for-you.tsx(220,15): error TS17004: Cannot use JSX unless the '--jsx' flag is provided.
app/(tabs)/for-you.tsx(221,15): error TS17004: Cannot use JSX unless the '--jsx' flag is provided.
app/(tabs)/for-you.tsx(224,11): error TS17004: Cannot use JSX unless the '--jsx' flag is provided.
app/(tabs)/for-you.tsx(225,13): error TS17004: Cannot use JSX unless the '--jsx' flag is provided.
app/(tabs)/for-you.tsx(226,27): error TS17004: Cannot use JSX unless the '--jsx' flag is provided.
app/(tabs)/for-you.tsx(228,11): error TS17004: Cannot use JSX unless the '--jsx' flag is provided.
app/(tabs)/for-you.tsx(231,9): error TS17004: Cannot use JSX unless the '--jsx' flag is provided.
app/(tabs)/for-you.tsx(232,11): error TS17004: Cannot use JSX unless the '--jsx' flag is provided.
app/(tabs)/for-you.tsx(233,11): error TS17004: Cannot use JSX unless the '--jsx' flag is provided.
app/(tabs)/index.tsx(1,42): error TS2307: Cannot find module 'react' or its corresponding type declarations.
app/(tabs)/index.tsx(2,40): error TS2307: Cannot find module 'react-native' or its corresponding type declarations.
app/(tabs)/index.tsx(3,24): error TS2307: Cannot find module 'expo-router' or its corresponding type declarations.
app/(tabs)/index.tsx(4,48): error TS2307: Cannot find module 'react-native-reanimated' or its corresponding type declarations.
app/(tabs)/index.tsx(6,31): error TS6142: Module '../../src/components/RealisticMoon' was resolved to '/mnt/data/lousa_work/LOUSA_MOON_V1.18.22_BUILD133_PAPER_MOON_NATIVE_HANDOFF_FIX_SOURCE/src/components/RealisticMoon.tsx', but '--jsx' is not set.
app/(tabs)/index.tsx(7,65): error TS6142: Module '../../src/components/layout' was resolved to '/mnt/data/lousa_work/LOUSA_MOON_V1.18.22_BUILD133_PAPER_MOON_NATIVE_HANDOFF_FIX_SOURCE/src/components/layout.tsx', but '--jsx' is not set.
app/(tabs)/index.tsx(8,32): error TS6142: Module '../../src/components/MaterialSymbol' was resolved to '/mnt/data/lousa_work/LOUSA_MOON_V1.18.22_BUILD133_PAPER_MOON_NATIVE_HANDOFF_FIX_SOURCE/src/components/MaterialSymbol.tsx', but '--jsx' is not set.
app/(tabs)/index.tsx(15,8): error TS6142: Module '../../src/components/ui' was resolved to '/mnt/data/lousa_work/LOUSA_MOON_V1.18.22_BUILD133_PAPER_MOON_NATIVE_HANDOFF_FIX_SOURCE/src/components/ui/index.tsx', but '--jsx' is not set.
app/(tabs)/index.tsx(24,26): error TS6142: Module '../../src/theme/ThemeProvider' was resolved to '/mnt/data/lousa_work/LOUSA_MOON_V1.18.22_BUILD133_PAPER_MOON_NATIVE_HANDOFF_FIX_SOURCE/src/theme/ThemeProvider.tsx', but '--jsx' is not set.
app/(tabs)/index.tsx(117,34): error TS7006: Parameter 'state' implicitly has an 'any' type.
app/(tabs)/index.tsx(118,30): error TS7006: Parameter 'state' implicitly has an 'any' type.
app/(tabs)/index.tsx(119,44): error TS7006: Parameter 'state' implicitly has an 'any' type.
app/(tabs)/index.tsx(120,16): error TS7053: Element implicitly has an 'any' type because expression of type 'any' can't be used to index type '{ readonly ru: { readonly morning: "Доброе утро"; readonly day: "Добрый день"; readonly evening: "Добрый вечер"; readonly night: "Доброй ночи"; readonly dayOfCycle: "день цикла"; readonly confidence: "Уверенность"; ... 26 more ...; readonly prepPrivacy: "Курьер видит только адрес, телефон и окно доставки. Ваш цикл, ...'.
app/(tabs)/index.tsx(152,40): error TS7006: Parameter 'order' implicitly has an 'any' type.
app/(tabs)/index.tsx(152,77): error TS2550: Property 'includes' does not exist on type 'string[]'. Do you need to change your target library? Try changing the 'lib' compiler option to 'es2016' or later.
app/(tabs)/index.tsx(161,41): error TS7006: Parameter 'item' implicitly has an 'any' type.
app/(tabs)/index.tsx(165,44): error TS7006: Parameter 'record' implicitly has an 'any' type.
app/(tabs)/index.tsx(224,5): error TS17004: Cannot use JSX unless the '--jsx' flag is provided.
app/(tabs)/index.tsx(224,6): error TS2741: Property 'children' is missing in type '{ backgroundVariant: "cosmic" | "minimal"; }' but required in type '{ children: React.ReactNode; title?: string | undefined; backgroundVariant?: "cosmic" | "minimal" | "liquid" | undefined; }'.
app/(tabs)/index.tsx(225,7): error TS17004: Cannot use JSX unless the '--jsx' flag is provided.
app/(tabs)/index.tsx(226,9): error TS17004: Cannot use JSX unless the '--jsx' flag is provided.
app/(tabs)/index.tsx(227,11): error TS17004: Cannot use JSX unless the '--jsx' flag is provided.
app/(tabs)/index.tsx(230,11): error TS17004: Cannot use JSX unless the '--jsx' flag is provided.
app/(tabs)/index.tsx(235,9): error TS17004: Cannot use JSX unless the '--jsx' flag is provided.
app/(tabs)/index.tsx(235,10): error TS2741: Property 'children' is missing in type '{ tone: "rose" | "night"; style: any; }' but required in type '{ children: React.ReactNode; tone?: "success" | "neutral" | "rose" | "night" | undefined; style?: any; }'.
app/(tabs)/index.tsx(236,11): error TS17004: Cannot use JSX unless the '--jsx' flag is provided.
app/(tabs)/index.tsx(237,13): error TS17004: Cannot use JSX unless the '--jsx' flag is provided.
app/(tabs)/index.tsx(239,17): error TS17004: Cannot use JSX unless the '--jsx' flag is provided.
app/(tabs)/index.tsx(240,19): error TS17004: Cannot use JSX unless the '--jsx' flag is provided.
app/(tabs)/index.tsx(241,19): error TS17004: Cannot use JSX unless the '--jsx' flag is provided.
app/(tabs)/index.tsx(242,19): error TS17004: Cannot use JSX unless the '--jsx' flag is provided.
app/(tabs)/index.tsx(243,19): error TS17004: Cannot use JSX unless the '--jsx' flag is provided.
app/(tabs)/index.tsx(246,17): error TS17004: Cannot use JSX unless the '--jsx' flag is provided.
app/(tabs)/index.tsx(247,19): error TS17004: Cannot use JSX unless the '--jsx' flag is provided.
app/(tabs)/index.tsx(248,19): error TS17004: Cannot use JSX unless the '--jsx' flag is provided.
app/(tabs)/index.tsx(251,17): error TS17004: Cannot use JSX unless the '--jsx' flag is provided.
app/(tabs)/index.tsx(252,19): error TS17004: Cannot use JSX unless the '--jsx' flag is provided.
app/(tabs)/index.tsx(255,19): error TS17004: Cannot use JSX unless the '--jsx' flag is provided.
app/(tabs)/index.tsx(265,13): error TS17004: Cannot use JSX unless the '--jsx' flag is provided.
app/(tabs)/index.tsx(266,15): error TS17004: Cannot use JSX unless the '--jsx' flag is provided.
app/(tabs)/index.tsx(274,15): error TS17004: Cannot use JSX unless the '--jsx' flag is provided.
app/(tabs)/index.tsx(277,11): error TS17004: Cannot use JSX unless the '--jsx' flag is provided.
app/(tabs)/index.tsx(278,13): error TS17004: Cannot use JSX unless the '--jsx' flag is provided.
app/(tabs)/index.tsx(282,9): error TS17004: Cannot use JSX unless the '--jsx' flag is provided.
app/(tabs)/index.tsx(282,10): error TS2741: Property 'children' is missing in type '{ style: any; }' but required in type '{ children: React.ReactNode; style?: any; padded?: boolean | undefined; }'.
app/(tabs)/index.tsx(283,11): error TS17004: Cannot use JSX unless the '--jsx' flag is provided.
app/(tabs)/index.tsx(284,13): error TS17004: Cannot use JSX unless the '--jsx' flag is provided.
app/(tabs)/index.tsx(285,15): error TS17004: Cannot use JSX unless the '--jsx' flag is provided.
app/(tabs)/index.tsx(286,15): error TS17004: Cannot use JSX unless the '--jsx' flag is provided.
app/(tabs)/index.tsx(288,30): error TS17004: Cannot use JSX unless the '--jsx' flag is provided.
app/(tabs)/index.tsx(290,11): error TS17004: Cannot use JSX unless the '--jsx' flag is provided.
app/(tabs)/index.tsx(294,17): error TS17004: Cannot use JSX unless the '--jsx' flag is provided.
app/(tabs)/index.tsx(295,19): error TS2322: Type '{ key: "calm" | "happy" | "tired" | "anxious" | "irritable"; label: any; icon: string; iconPlacement: "left"; fullWidth: false; compact: true; onPress: () => void; style: any[]; }' is not assignable to type 'Omit<ButtonBaseProps, "variant">'.
  Property 'key' does not exist on type 'Omit<ButtonBaseProps, "variant">'.
app/(tabs)/index.tsx(314,13): error TS17004: Cannot use JSX unless the '--jsx' flag is provided.
app/(tabs)/index.tsx(315,15): error TS17004: Cannot use JSX unless the '--jsx' flag is provided.
app/(tabs)/index.tsx(316,15): error TS17004: Cannot use JSX unless the '--jsx' flag is provided.
app/(tabs)/index.tsx(319,11): error TS17004: Cannot use JSX unless the '--jsx' flag is provided.
app/(tabs)/index.tsx(322,9): error TS17004: Cannot use JSX unless the '--jsx' flag is provided.
app/(tabs)/index.tsx(322,10): error TS2741: Property 'children' is missing in type '{ tone: "success" | "neutral"; style: any; }' but required in type '{ children: React.ReactNode; tone?: "success" | "neutral" | "rose" | "night" | undefined; style?: any; }'.
app/(tabs)/index.tsx(323,11): error TS17004: Cannot use JSX unless the '--jsx' flag is provided.
app/(tabs)/index.tsx(324,13): error TS17004: Cannot use JSX unless the '--jsx' flag is provided.
app/(tabs)/index.tsx(325,15): error TS17004: Cannot use JSX unless the '--jsx' flag is provided.
app/(tabs)/index.tsx(327,13): error TS17004: Cannot use JSX unless the '--jsx' flag is provided.
app/(tabs)/index.tsx(328,15): error TS17004: Cannot use JSX unless the '--jsx' flag is provided.
app/(tabs)/index.tsx(329,15): error TS17004: Cannot use JSX unless the '--jsx' flag is provided.
app/(tabs)/index.tsx(332,11): error TS17004: Cannot use JSX unless the '--jsx' flag is provided.
app/(tabs)/index.tsx(333,13): error TS17004: Cannot use JSX unless the '--jsx' flag is provided.
app/(tabs)/index.tsx(340,13): error TS17004: Cannot use JSX unless the '--jsx' flag is provided.
app/(tabs)/index.tsx(342,11): error TS17004: Cannot use JSX unless the '--jsx' flag is provided.
app/(tabs)/index.tsx(343,13): error TS17004: Cannot use JSX unless the '--jsx' flag is provided.
app/(tabs)/index.tsx(344,13): error TS17004: Cannot use JSX unless the '--jsx' flag is provided.
app/(tabs)/lunar.tsx(1,42): error TS2307: Cannot find module 'react' or its corresponding type declarations.
app/(tabs)/lunar.tsx(6,8): error TS2307: Cannot find module 'react-native' or its corresponding type declarations.
app/(tabs)/lunar.tsx(7,52): error TS2307: Cannot find module 'react-native-reanimated' or its corresponding type declarations.
app/(tabs)/lunar.tsx(9,32): error TS6142: Module '../../src/components/MaterialSymbol' was resolved to '/mnt/data/lousa_work/LOUSA_MOON_V1.18.22_BUILD133_PAPER_MOON_NATIVE_HANDOFF_FIX_SOURCE/src/components/MaterialSymbol.tsx', but '--jsx' is not set.
app/(tabs)/lunar.tsx(10,44): error TS6142: Module '../../src/components/layout' was resolved to '/mnt/data/lousa_work/LOUSA_MOON_V1.18.22_BUILD133_PAPER_MOON_NATIVE_HANDOFF_FIX_SOURCE/src/components/layout.tsx', but '--jsx' is not set.
app/(tabs)/lunar.tsx(11,31): error TS6142: Module '../../src/components/RealisticMoon' was resolved to '/mnt/data/lousa_work/LOUSA_MOON_V1.18.22_BUILD133_PAPER_MOON_NATIVE_HANDOFF_FIX_SOURCE/src/components/RealisticMoon.tsx', but '--jsx' is not set.
app/(tabs)/lunar.tsx(18,8): error TS6142: Module '../../src/components/ui' was resolved to '/mnt/data/lousa_work/LOUSA_MOON_V1.18.22_BUILD133_PAPER_MOON_NATIVE_HANDOFF_FIX_SOURCE/src/components/ui/index.tsx', but '--jsx' is not set.
app/(tabs)/lunar.tsx(20,26): error TS6142: Module '../../src/theme/ThemeProvider' was resolved to '/mnt/data/lousa_work/LOUSA_MOON_V1.18.22_BUILD133_PAPER_MOON_NATIVE_HANDOFF_FIX_SOURCE/src/theme/ThemeProvider.tsx', but '--jsx' is not set.
app/(tabs)/lunar.tsx(73,10): error TS17004: Cannot use JSX unless the '--jsx' flag is provided.
app/(tabs)/lunar.tsx(78,34): error TS7006: Parameter 's' implicitly has an 'any' type.
app/(tabs)/lunar.tsx(79,16): error TS7053: Element implicitly has an 'any' type because expression of type 'any' can't be used to index type '{ readonly ru: { readonly title: "Луна сегодня"; readonly subtitle: "Наблюдай фазу, свет и ритм месяца. Лунные подсказки — это инструмент саморефлексии, а не медицинский прогноз."; ... 8 more ...; readonly prompts: { ...; }; }; readonly en: { ...; }; readonly hy: { ...; }; }'.
app/(tabs)/lunar.tsx(96,22): error TS2550: Property 'from' does not exist on type 'ArrayConstructor'. Do you need to change your target library? Try changing the 'lib' compiler option to 'es2015' or later.
app/(tabs)/lunar.tsx(96,46): error TS7006: Parameter '_' implicitly has an 'any' type.
app/(tabs)/lunar.tsx(96,49): error TS7006: Parameter 'index' implicitly has an 'any' type.
app/(tabs)/lunar.tsx(106,21): error TS7006: Parameter 'current' implicitly has an 'any' type.
app/(tabs)/lunar.tsx(113,5): error TS17004: Cannot use JSX unless the '--jsx' flag is provided.
app/(tabs)/lunar.tsx(113,6): error TS2741: Property 'children' is missing in type '{ backgroundVariant: "cosmic" | "minimal"; }' but required in type '{ children: React.ReactNode; title?: string | undefined; backgroundVariant?: "cosmic" | "minimal" | "liquid" | undefined; }'.
app/(tabs)/lunar.tsx(114,7): error TS17004: Cannot use JSX unless the '--jsx' flag is provided.
app/(tabs)/lunar.tsx(115,9): error TS17004: Cannot use JSX unless the '--jsx' flag is provided.
app/(tabs)/lunar.tsx(116,11): error TS17004: Cannot use JSX unless the '--jsx' flag is provided.
app/(tabs)/lunar.tsx(117,11): error TS17004: Cannot use JSX unless the '--jsx' flag is provided.
app/(tabs)/lunar.tsx(120,9): error TS17004: Cannot use JSX unless the '--jsx' flag is provided.
app/(tabs)/lunar.tsx(121,11): error TS17004: Cannot use JSX unless the '--jsx' flag is provided.
app/(tabs)/lunar.tsx(122,11): error TS17004: Cannot use JSX unless the '--jsx' flag is provided.
app/(tabs)/lunar.tsx(123,11): error TS17004: Cannot use JSX unless the '--jsx' flag is provided.
app/(tabs)/lunar.tsx(124,11): error TS17004: Cannot use JSX unless the '--jsx' flag is provided.
app/(tabs)/lunar.tsx(125,11): error TS17004: Cannot use JSX unless the '--jsx' flag is provided.
app/(tabs)/lunar.tsx(126,11): error TS17004: Cannot use JSX unless the '--jsx' flag is provided.
app/(tabs)/lunar.tsx(127,11): error TS17004: Cannot use JSX unless the '--jsx' flag is provided.
app/(tabs)/lunar.tsx(130,9): error TS17004: Cannot use JSX unless the '--jsx' flag is provided.
app/(tabs)/lunar.tsx(135,13): error TS17004: Cannot use JSX unless the '--jsx' flag is provided.
app/(tabs)/lunar.tsx(136,15): error TS17004: Cannot use JSX unless the '--jsx' flag is provided.
app/(tabs)/lunar.tsx(137,15): error TS17004: Cannot use JSX unless the '--jsx' flag is provided.
app/(tabs)/lunar.tsx(138,15): error TS17004: Cannot use JSX unless the '--jsx' flag is provided.
app/(tabs)/lunar.tsx(143,9): error TS17004: Cannot use JSX unless the '--jsx' flag is provided.
app/(tabs)/lunar.tsx(144,11): error TS17004: Cannot use JSX unless the '--jsx' flag is provided.
app/(tabs)/lunar.tsx(145,11): error TS17004: Cannot use JSX unless the '--jsx' flag is provided.
app/(tabs)/lunar.tsx(146,13): error TS17004: Cannot use JSX unless the '--jsx' flag is provided.
app/(tabs)/lunar.tsx(147,15): error TS17004: Cannot use JSX unless the '--jsx' flag is provided.
app/(tabs)/lunar.tsx(147,16): error TS2741: Property 'children' is missing in type '{ onPress: () => void; style: any; }' but required in type 'PressScaleProps'.
app/(tabs)/lunar.tsx(148,17): error TS17004: Cannot use JSX unless the '--jsx' flag is provided.
app/(tabs)/lunar.tsx(150,15): error TS17004: Cannot use JSX unless the '--jsx' flag is provided.
app/(tabs)/lunar.tsx(151,15): error TS17004: Cannot use JSX unless the '--jsx' flag is provided.
app/(tabs)/lunar.tsx(151,16): error TS2741: Property 'children' is missing in type '{ onPress: () => void; style: any; }' but required in type 'PressScaleProps'.
app/(tabs)/lunar.tsx(152,17): error TS17004: Cannot use JSX unless the '--jsx' flag is provided.
app/(tabs)/lunar.tsx(156,13): error TS17004: Cannot use JSX unless the '--jsx' flag is provided.
app/(tabs)/lunar.tsx(157,43): error TS17004: Cannot use JSX unless the '--jsx' flag is provided.
app/(tabs)/lunar.tsx(160,13): error TS17004: Cannot use JSX unless the '--jsx' flag is provided.
app/(tabs)/lunar.tsx(161,22): error TS2550: Property 'from' does not exist on type 'ArrayConstructor'. Do you need to change your target library? Try changing the 'lib' compiler option to 'es2015' or later.
app/(tabs)/lunar.tsx(161,61): error TS7006: Parameter '_' implicitly has an 'any' type.
app/(tabs)/lunar.tsx(161,64): error TS7006: Parameter 'index' implicitly has an 'any' type.
app/(tabs)/lunar.tsx(161,74): error TS17004: Cannot use JSX unless the '--jsx' flag is provided.
app/(tabs)/lunar.tsx(162,40): error TS7031: Binding element 'date' implicitly has an 'any' type.
app/(tabs)/lunar.tsx(162,52): error TS7031: Binding element 'dayMoon' implicitly has an 'any' type.
app/(tabs)/lunar.tsx(167,19): error TS17004: Cannot use JSX unless the '--jsx' flag is provided.
app/(tabs)/lunar.tsx(167,31): error TS2322: Type '{ key: string; onPress: () => any; style: any; haptic: false; }' is not assignable to type 'PressScaleProps'.
  Property 'key' does not exist on type 'PressScaleProps'.
app/(tabs)/lunar.tsx(168,21): error TS17004: Cannot use JSX unless the '--jsx' flag is provided.
app/(tabs)/lunar.tsx(173,23): error TS17004: Cannot use JSX unless the '--jsx' flag is provided.
app/(tabs)/lunar.tsx(174,23): error TS17004: Cannot use JSX unless the '--jsx' flag is provided.
app/(tabs)/lunar.tsx(183,9): error TS17004: Cannot use JSX unless the '--jsx' flag is provided.
app/(tabs)/lunar.tsx(184,11): error TS17004: Cannot use JSX unless the '--jsx' flag is provided.
app/(tabs)/lunar.tsx(185,11): error TS17004: Cannot use JSX unless the '--jsx' flag is provided.
app/(tabs)/lunar.tsx(186,13): error TS17004: Cannot use JSX unless the '--jsx' flag is provided.
app/(tabs)/lunar.tsx(187,15): error TS17004: Cannot use JSX unless the '--jsx' flag is provided.
app/(tabs)/lunar.tsx(188,15): error TS17004: Cannot use JSX unless the '--jsx' flag is provided.
app/(tabs)/lunar.tsx(189,17): error TS17004: Cannot use JSX unless the '--jsx' flag is provided.
app/(tabs)/lunar.tsx(190,17): error TS17004: Cannot use JSX unless the '--jsx' flag is provided.
app/(tabs)/lunar.tsx(193,13): error TS17004: Cannot use JSX unless the '--jsx' flag is provided.
app/(tabs)/lunar.tsx(194,13): error TS17004: Cannot use JSX unless the '--jsx' flag is provided.
app/(tabs)/lunar.tsx(195,15): error TS17004: Cannot use JSX unless the '--jsx' flag is provided.
app/(tabs)/lunar.tsx(196,15): error TS17004: Cannot use JSX unless the '--jsx' flag is provided.
app/(tabs)/profile.tsx(1,25): error TS6142: Module '../screens/profile' was resolved to '/mnt/data/lousa_work/LOUSA_MOON_V1.18.22_BUILD133_PAPER_MOON_NATIVE_HANDOFF_FIX_SOURCE/app/screens/profile.tsx', but '--jsx' is not set.
app/(tabs)/wellness.tsx(1,32): error TS2307: Cannot find module 'react' or its corresponding type declarations.
app/(tabs)/wellness.tsx(7,8): error TS2307: Cannot find module 'react-native' or its corresponding type declarations.
app/(tabs)/wellness.tsx(8,52): error TS2307: Cannot find module 'react-native-reanimated' or its corresponding type declarations.
app/(tabs)/wellness.tsx(9,24): error TS2307: Cannot find module 'expo-router' or its corresponding type declarations.
app/(tabs)/wellness.tsx(11,32): error TS6142: Module '../../src/components/MaterialSymbol' was resolved to '/mnt/data/lousa_work/LOUSA_MOON_V1.18.22_BUILD133_PAPER_MOON_NATIVE_HANDOFF_FIX_SOURCE/src/components/MaterialSymbol.tsx', but '--jsx' is not set.
app/(tabs)/wellness.tsx(12,65): error TS6142: Module '../../src/components/layout' was resolved to '/mnt/data/lousa_work/LOUSA_MOON_V1.18.22_BUILD133_PAPER_MOON_NATIVE_HANDOFF_FIX_SOURCE/src/components/layout.tsx', but '--jsx' is not set.
app/(tabs)/wellness.tsx(20,8): error TS6142: Module '../../src/components/ui' was resolved to '/mnt/data/lousa_work/LOUSA_MOON_V1.18.22_BUILD133_PAPER_MOON_NATIVE_HANDOFF_FIX_SOURCE/src/components/ui/index.tsx', but '--jsx' is not set.
app/(tabs)/wellness.tsx(22,26): error TS6142: Module '../../src/theme/ThemeProvider' was resolved to '/mnt/data/lousa_work/LOUSA_MOON_V1.18.22_BUILD133_PAPER_MOON_NATIVE_HANDOFF_FIX_SOURCE/src/theme/ThemeProvider.tsx', but '--jsx' is not set.
app/(tabs)/wellness.tsx(55,5): error TS17004: Cannot use JSX unless the '--jsx' flag is provided.
app/(tabs)/wellness.tsx(55,6): error TS2741: Property 'children' is missing in type '{ onPress: () => void; style: any[]; accessibilityLabel: string; }' but required in type 'PressScaleProps'.
app/(tabs)/wellness.tsx(56,7): error TS17004: Cannot use JSX unless the '--jsx' flag is provided.
app/(tabs)/wellness.tsx(57,9): error TS17004: Cannot use JSX unless the '--jsx' flag is provided.
app/(tabs)/wellness.tsx(58,9): error TS17004: Cannot use JSX unless the '--jsx' flag is provided.
app/(tabs)/wellness.tsx(59,9): error TS17004: Cannot use JSX unless the '--jsx' flag is provided.
app/(tabs)/wellness.tsx(68,34): error TS7006: Parameter 's' implicitly has an 'any' type.
app/(tabs)/wellness.tsx(69,16): error TS7053: Element implicitly has an 'any' type because expression of type 'any' can't be used to index type '{ readonly ru: { readonly title: "Забота о себе"; readonly subtitle: "Небольшие действия, которые помогают лучше понимать своё состояние."; readonly today: "Сегодня"; readonly energy: "Энергия"; ... 14 more ...; readonly tasks: { ...; }; }; readonly en: { ...; }; readonly hy: { ...; }; }'.
app/(tabs)/wellness.tsx(92,18): error TS2550: Property 'from' does not exist on type 'ArrayConstructor'. Do you need to change your target library? Try changing the 'lib' compiler option to 'es2015' or later.
app/(tabs)/wellness.tsx(92,39): error TS7006: Parameter '_' implicitly has an 'any' type.
app/(tabs)/wellness.tsx(92,42): error TS7006: Parameter 'index' implicitly has an 'any' type.
app/(tabs)/wellness.tsx(101,40): error TS7006: Parameter 'item' implicitly has an 'any' type.
app/(tabs)/wellness.tsx(111,5): error TS17004: Cannot use JSX unless the '--jsx' flag is provided.
app/(tabs)/wellness.tsx(111,6): error TS2741: Property 'children' is missing in type '{ backgroundVariant: "cosmic" | "liquid"; }' but required in type '{ children: React.ReactNode; title?: string | undefined; backgroundVariant?: "cosmic" | "minimal" | "liquid" | undefined; }'.
app/(tabs)/wellness.tsx(112,7): error TS17004: Cannot use JSX unless the '--jsx' flag is provided.
app/(tabs)/wellness.tsx(113,9): error TS17004: Cannot use JSX unless the '--jsx' flag is provided.
app/(tabs)/wellness.tsx(114,11): error TS17004: Cannot use JSX unless the '--jsx' flag is provided.
app/(tabs)/wellness.tsx(115,11): error TS17004: Cannot use JSX unless the '--jsx' flag is provided.
app/(tabs)/wellness.tsx(118,9): error TS17004: Cannot use JSX unless the '--jsx' flag is provided.
app/(tabs)/wellness.tsx(119,11): error TS17004: Cannot use JSX unless the '--jsx' flag is provided.
app/(tabs)/wellness.tsx(120,13): error TS17004: Cannot use JSX unless the '--jsx' flag is provided.
app/(tabs)/wellness.tsx(121,15): error TS17004: Cannot use JSX unless the '--jsx' flag is provided.
app/(tabs)/wellness.tsx(122,15): error TS17004: Cannot use JSX unless the '--jsx' flag is provided.
app/(tabs)/wellness.tsx(124,13): error TS17004: Cannot use JSX unless the '--jsx' flag is provided.
app/(tabs)/wellness.tsx(125,13): error TS17004: Cannot use JSX unless the '--jsx' flag is provided.
app/(tabs)/wellness.tsx(125,14): error TS2741: Property 'children' is missing in type '{ onPress: () => any; style: any; }' but required in type 'PressScaleProps'.
app/(tabs)/wellness.tsx(126,15): error TS17004: Cannot use JSX unless the '--jsx' flag is provided.
app/(tabs)/wellness.tsx(127,15): error TS17004: Cannot use JSX unless the '--jsx' flag is provided.
app/(tabs)/wellness.tsx(132,9): error TS17004: Cannot use JSX unless the '--jsx' flag is provided.
app/(tabs)/wellness.tsx(133,11): error TS17004: Cannot use JSX unless the '--jsx' flag is provided.
app/(tabs)/wellness.tsx(134,11): error TS17004: Cannot use JSX unless the '--jsx' flag is provided.
app/(tabs)/wellness.tsx(135,11): error TS17004: Cannot use JSX unless the '--jsx' flag is provided.
app/(tabs)/wellness.tsx(138,9): error TS17004: Cannot use JSX unless the '--jsx' flag is provided.
app/(tabs)/wellness.tsx(139,11): error TS17004: Cannot use JSX unless the '--jsx' flag is provided.
app/(tabs)/wellness.tsx(140,11): error TS17004: Cannot use JSX unless the '--jsx' flag is provided.
app/(tabs)/wellness.tsx(142,15): error TS17004: Cannot use JSX unless the '--jsx' flag is provided.
app/(tabs)/wellness.tsx(143,17): error TS2322: Type '{ key: any; onPress: () => any; style: any[]; }' is not assignable to type 'PressScaleProps'.
  Property 'key' does not exist on type 'PressScaleProps'.
app/(tabs)/wellness.tsx(150,17): error TS17004: Cannot use JSX unless the '--jsx' flag is provided.
app/(tabs)/wellness.tsx(151,17): error TS17004: Cannot use JSX unless the '--jsx' flag is provided.
app/(tabs)/wellness.tsx(152,17): error TS17004: Cannot use JSX unless the '--jsx' flag is provided.
app/(tabs)/wellness.tsx(159,32): error TS17004: Cannot use JSX unless the '--jsx' flag is provided.
app/(tabs)/wellness.tsx(166,9): error TS17004: Cannot use JSX unless the '--jsx' flag is provided.
app/(tabs)/wellness.tsx(167,11): error TS17004: Cannot use JSX unless the '--jsx' flag is provided.
app/(tabs)/wellness.tsx(168,11): error TS17004: Cannot use JSX unless the '--jsx' flag is provided.
app/(tabs)/wellness.tsx(169,13): error TS17004: Cannot use JSX unless the '--jsx' flag is provided.
app/(tabs)/wellness.tsx(170,15): error TS17004: Cannot use JSX unless the '--jsx' flag is provided.
app/(tabs)/wellness.tsx(171,17): error TS17004: Cannot use JSX unless the '--jsx' flag is provided.
app/(tabs)/wellness.tsx(172,17): error TS17004: Cannot use JSX unless the '--jsx' flag is provided.
app/(tabs)/wellness.tsx(174,15): error TS17004: Cannot use JSX unless the '--jsx' flag is provided.
app/(tabs)/wellness.tsx(177,15): error TS17004: Cannot use JSX unless the '--jsx' flag is provided.
app/(tabs)/wellness.tsx(178,17): error TS17004: Cannot use JSX unless the '--jsx' flag is provided.
app/(tabs)/wellness.tsx(178,32): error TS2580: Cannot find name 'require'. Do you need to install type definitions for node? Try `npm i --save-dev @types/node`.
app/(tabs)/wellness.tsx(179,17): error TS17004: Cannot use JSX unless the '--jsx' flag is provided.
app/(tabs)/wellness.tsx(180,17): error TS17004: Cannot use JSX unless the '--jsx' flag is provided.
app/(tabs)/wellness.tsx(183,15): error TS17004: Cannot use JSX unless the '--jsx' flag is provided.
app/(tabs)/wellness.tsx(184,33): error TS7006: Parameter 'item' implicitly has an 'any' type.
app/(tabs)/wellness.tsx(185,19): error TS17004: Cannot use JSX unless the '--jsx' flag is provided.
app/(tabs)/wellness.tsx(186,21): error TS17004: Cannot use JSX unless the '--jsx' flag is provided.
app/(tabs)/wellness.tsx(187,23): error TS17004: Cannot use JSX unless the '--jsx' flag is provided.
app/(tabs)/wellness.tsx(189,21): error TS17004: Cannot use JSX unless the '--jsx' flag is provided.
app/(tabs)/wellness.tsx(197,9): error TS17004: Cannot use JSX unless the '--jsx' flag is provided.
app/(tabs)/wellness.tsx(198,11): error TS17004: Cannot use JSX unless the '--jsx' flag is provided.
app/(tabs)/wellness.tsx(199,11): error TS17004: Cannot use JSX unless the '--jsx' flag is provided.
app/(tabs)/wellness.tsx(200,13): error TS17004: Cannot use JSX unless the '--jsx' flag is provided.
app/(tabs)/wellness.tsx(201,15): error TS17004: Cannot use JSX unless the '--jsx' flag is provided.
app/(tabs)/wellness.tsx(202,15): error TS17004: Cannot use JSX unless the '--jsx' flag is provided.
app/(tabs)/wellness.tsx(203,17): error TS17004: Cannot use JSX unless the '--jsx' flag is provided.
app/(tabs)/wellness.tsx(204,17): error TS17004: Cannot use JSX unless the '--jsx' flag is provided.
app/(tabs)/wellness.tsx(207,13): error TS17004: Cannot use JSX unless the '--jsx' flag is provided.
app/(tabs)/wellness.tsx(211,9): error TS17004: Cannot use JSX unless the '--jsx' flag is provided.
app/(tabs)/wellness.tsx(212,11): error TS17004: Cannot use JSX unless the '--jsx' flag is provided.
app/(tabs)/wellness.tsx(213,11): error TS17004: Cannot use JSX unless the '--jsx' flag is provided.
app/_layout.tsx(2,34): error TS2307: Cannot find module 'react' or its corresponding type declarations.
app/_layout.tsx(3,50): error TS2307: Cannot find module 'react-native' or its corresponding type declarations.
app/_layout.tsx(4,40): error TS2307: Cannot find module 'react-native-gesture-handler' or its corresponding type declarations.
app/_layout.tsx(6,22): error TS6142: Module '../src/bootstrap/AppShell' was resolved to '/mnt/data/lousa_work/LOUSA_MOON_V1.18.22_BUILD133_PAPER_MOON_NATIVE_HANDOFF_FIX_SOURCE/src/bootstrap/AppShell.tsx', but '--jsx' is not set.
app/_layout.tsx(35,14): error TS17004: Cannot use JSX unless the '--jsx' flag is provided.
app/_layout.tsx(37,17): error TS2339: Property 'props' does not exist on type 'StartupErrorBoundary'.
app/_layout.tsx(47,5): error TS17004: Cannot use JSX unless the '--jsx' flag is provided.
app/_layout.tsx(48,7): error TS17004: Cannot use JSX unless the '--jsx' flag is provided.
app/_layout.tsx(49,9): error TS17004: Cannot use JSX unless the '--jsx' flag is provided.
app/_layout.tsx(50,9): error TS17004: Cannot use JSX unless the '--jsx' flag is provided.
app/_layout.tsx(51,9): error TS17004: Cannot use JSX unless the '--jsx' flag is provided.
app/_layout.tsx(52,21): error TS2304: Cannot find name '__DEV__'.
app/_layout.tsx(52,31): error TS17004: Cannot use JSX unless the '--jsx' flag is provided.
app/_layout.tsx(53,9): error TS17004: Cannot use JSX unless the '--jsx' flag is provided.
app/_layout.tsx(65,5): error TS17004: Cannot use JSX unless the '--jsx' flag is provided.
app/_layout.tsx(66,7): error TS17004: Cannot use JSX unless the '--jsx' flag is provided.
app/_layout.tsx(67,9): error TS17004: Cannot use JSX unless the '--jsx' flag is provided.
app/auth/login.tsx(1,61): error TS2307: Cannot find module 'react' or its corresponding type declarations.
app/auth/login.tsx(11,8): error TS2307: Cannot find module 'react-native' or its corresponding type declarations.
app/auth/login.tsx(12,32): error TS2307: Cannot find module 'expo-linear-gradient' or its corresponding type declarations.
app/auth/login.tsx(13,46): error TS2307: Cannot find module 'expo-router' or its corresponding type declarations.
app/auth/login.tsx(14,26): error TS2307: Cannot find module 'expo-haptics' or its corresponding type declarations.
app/auth/login.tsx(15,26): error TS2307: Cannot find module '@expo/vector-icons' or its corresponding type declarations.
app/auth/login.tsx(19,72): error TS6142: Module '../../src/components/ui' was resolved to '/mnt/data/lousa_work/LOUSA_MOON_V1.18.22_BUILD133_PAPER_MOON_NATIVE_HANDOFF_FIX_SOURCE/src/components/ui/index.tsx', but '--jsx' is not set.
app/auth/login.tsx(23,34): error TS6142: Module '../../src/features/auth/components/PremiumAuthShell' was resolved to '/mnt/data/lousa_work/LOUSA_MOON_V1.18.22_BUILD133_PAPER_MOON_NATIVE_HANDOFF_FIX_SOURCE/src/features/auth/components/PremiumAuthShell.tsx', but '--jsx' is not set.
app/auth/login.tsx(350,5): error TS17004: Cannot use JSX unless the '--jsx' flag is provided.
app/auth/login.tsx(351,7): error TS17004: Cannot use JSX unless the '--jsx' flag is provided.
app/auth/login.tsx(352,7): error TS17004: Cannot use JSX unless the '--jsx' flag is provided.
app/auth/login.tsx(359,9): error TS17004: Cannot use JSX unless the '--jsx' flag is provided.
app/auth/login.tsx(364,9): error TS17004: Cannot use JSX unless the '--jsx' flag is provided.
app/auth/login.tsx(365,11): error TS17004: Cannot use JSX unless the '--jsx' flag is provided.
app/auth/login.tsx(380,11): error TS17004: Cannot use JSX unless the '--jsx' flag is provided.
app/auth/login.tsx(384,39): error TS7006: Parameter 'value' implicitly has an 'any' type.
app/auth/login.tsx(386,13): error TS17004: Cannot use JSX unless the '--jsx' flag is provided.
app/auth/login.tsx(394,16): error TS17004: Cannot use JSX unless the '--jsx' flag is provided.
app/auth/login.tsx(415,5): error TS17004: Cannot use JSX unless the '--jsx' flag is provided.
app/auth/login.tsx(440,5): error TS17004: Cannot use JSX unless the '--jsx' flag is provided.
app/auth/login.tsx(440,6): error TS2741: Property 'children' is missing in type '{ onPress: () => void; disabled: boolean | undefined; style: any[]; accessibilityLabel: string; }' but required in type 'PressScaleProps'.
app/auth/login.tsx(446,7): error TS17004: Cannot use JSX unless the '--jsx' flag is provided.
app/auth/login.tsx(447,9): error TS17004: Cannot use JSX unless the '--jsx' flag is provided.
app/auth/login.tsx(449,7): error TS17004: Cannot use JSX unless the '--jsx' flag is provided.
app/auth/login.tsx(463,5): error TS17004: Cannot use JSX unless the '--jsx' flag is provided.
app/auth/login.tsx(468,7): error TS17004: Cannot use JSX unless the '--jsx' flag is provided.
app/auth/login.tsx(471,24): error TS7006: Parameter 'text' implicitly has an 'any' type.
app/auth/login.tsx(479,14): error TS2550: Property 'from' does not exist on type 'ArrayConstructor'. Do you need to change your target library? Try changing the 'lib' compiler option to 'es2015' or later.
app/auth/login.tsx(479,39): error TS7006: Parameter '_' implicitly has an 'any' type.
app/auth/login.tsx(479,42): error TS7006: Parameter 'index' implicitly has an 'any' type.
app/auth/login.tsx(480,9): error TS17004: Cannot use JSX unless the '--jsx' flag is provided.
app/auth/login.tsx(487,11): error TS17004: Cannot use JSX unless the '--jsx' flag is provided.
app/auth/login.tsx(515,37): error TS7006: Parameter 'state' implicitly has an 'any' type.
app/auth/login.tsx(516,45): error TS7006: Parameter 'state' implicitly has an 'any' type.
app/auth/login.tsx(554,29): error TS2705: An async function or method in ES5 requires the 'Promise' constructor.  Make sure you have a declaration for the 'Promise' constructor or include 'ES2015' in your '--lib' option.
app/auth/login.tsx(577,18): error TS7006: Parameter 'current' implicitly has an 'any' type.
app/auth/login.tsx(602,30): error TS2705: An async function or method in ES5 requires the 'Promise' constructor.  Make sure you have a declaration for the 'Promise' constructor or include 'ES2015' in your '--lib' option.
app/auth/login.tsx(605,18): error TS7006: Parameter 'current' implicitly has an 'any' type.
app/auth/login.tsx(609,16): error TS7006: Parameter 'current' implicitly has an 'any' type.
app/auth/login.tsx(614,20): error TS7006: Parameter 'current' implicitly has an 'any' type.
app/auth/login.tsx(626,20): error TS7006: Parameter 'current' implicitly has an 'any' type.
app/auth/login.tsx(654,52): error TS2550: Property 'includes' does not exist on type 'string[]'. Do you need to change your target library? Try changing the 'lib' compiler option to 'es2016' or later.
app/auth/login.tsx(669,24): error TS2705: An async function or method in ES5 requires the 'Promise' constructor.  Make sure you have a declaration for the 'Promise' constructor or include 'ES2015' in your '--lib' option.
app/auth/login.tsx(710,45): error TS2705: An async function or method in ES5 requires the 'Promise' constructor.  Make sure you have a declaration for the 'Promise' constructor or include 'ES2015' in your '--lib' option.
app/auth/login.tsx(761,24): error TS2705: An async function or method in ES5 requires the 'Promise' constructor.  Make sure you have a declaration for the 'Promise' constructor or include 'ES2015' in your '--lib' option.
app/auth/login.tsx(787,40): error TS2705: An async function or method in ES5 requires the 'Promise' constructor.  Make sure you have a declaration for the 'Promise' constructor or include 'ES2015' in your '--lib' option.
app/auth/login.tsx(805,24): error TS2705: An async function or method in ES5 requires the 'Promise' constructor.  Make sure you have a declaration for the 'Promise' constructor or include 'ES2015' in your '--lib' option.
app/auth/login.tsx(842,17): error TS2550: Property 'startsWith' does not exist on type 'string'. Do you need to change your target library? Try changing the 'lib' compiler option to 'es2015' or later.
app/auth/login.tsx(843,17): error TS2550: Property 'startsWith' does not exist on type 'string'. Do you need to change your target library? Try changing the 'lib' compiler option to 'es2015' or later.
app/auth/login.tsx(843,45): error TS2550: Property 'startsWith' does not exist on type 'string'. Do you need to change your target library? Try changing the 'lib' compiler option to 'es2015' or later.
app/auth/login.tsx(844,20): error TS2550: Property 'startsWith' does not exist on type 'string'. Do you need to change your target library? Try changing the 'lib' compiler option to 'es2015' or later.
app/auth/login.tsx(847,28): error TS2705: An async function or method in ES5 requires the 'Promise' constructor.  Make sure you have a declaration for the 'Promise' constructor or include 'ES2015' in your '--lib' option.
app/auth/login.tsx(879,29): error TS2705: An async function or method in ES5 requires the 'Promise' constructor.  Make sure you have a declaration for the 'Promise' constructor or include 'ES2015' in your '--lib' option.
app/auth/login.tsx(907,33): error TS2705: An async function or method in ES5 requires the 'Promise' constructor.  Make sure you have a declaration for the 'Promise' constructor or include 'ES2015' in your '--lib' option.
app/auth/login.tsx(914,31): error TS2705: An async function or method in ES5 requires the 'Promise' constructor.  Make sure you have a declaration for the 'Promise' constructor or include 'ES2015' in your '--lib' option.
app/auth/login.tsx(953,23): error TS2705: An async function or method in ES5 requires the 'Promise' constructor.  Make sure you have a declaration for the 'Promise' constructor or include 'ES2015' in your '--lib' option.
app/auth/login.tsx(980,7): error TS17004: Cannot use JSX unless the '--jsx' flag is provided.
app/auth/login.tsx(980,8): error TS2741: Property 'children' is missing in type '{ variant: "form" | "welcome"; testID: string; contentContainerStyle: any[]; }' but required in type 'PremiumAuthShellProps'.
app/auth/login.tsx(991,7): error TS17004: Cannot use JSX unless the '--jsx' flag is provided.
app/auth/login.tsx(998,13): error TS17004: Cannot use JSX unless the '--jsx' flag is provided.
app/auth/login.tsx(999,15): error TS17004: Cannot use JSX unless the '--jsx' flag is provided.
app/auth/login.tsx(1000,17): error TS17004: Cannot use JSX unless the '--jsx' flag is provided.
app/auth/login.tsx(1001,19): error TS17004: Cannot use JSX unless the '--jsx' flag is provided.
app/auth/login.tsx(1002,29): error TS2580: Cannot find name 'require'. Do you need to install type definitions for node? Try `npm i --save-dev @types/node`.
app/auth/login.tsx(1005,19): error TS17004: Cannot use JSX unless the '--jsx' flag is provided.
app/auth/login.tsx(1006,21): error TS17004: Cannot use JSX unless the '--jsx' flag is provided.
app/auth/login.tsx(1007,21): error TS17004: Cannot use JSX unless the '--jsx' flag is provided.
app/auth/login.tsx(1010,17): error TS17004: Cannot use JSX unless the '--jsx' flag is provided.
app/auth/login.tsx(1012,21): error TS17004: Cannot use JSX unless the '--jsx' flag is provided.
app/auth/login.tsx(1021,23): error TS17004: Cannot use JSX unless the '--jsx' flag is provided.
app/auth/login.tsx(1037,15): error TS17004: Cannot use JSX unless the '--jsx' flag is provided.
app/auth/login.tsx(1038,25): error TS2580: Cannot find name 'require'. Do you need to install type definitions for node? Try `npm i --save-dev @types/node`.
app/auth/login.tsx(1043,17): error TS17004: Cannot use JSX unless the '--jsx' flag is provided.
app/auth/login.tsx(1050,13): error TS17004: Cannot use JSX unless the '--jsx' flag is provided.
app/auth/login.tsx(1051,15): error TS17004: Cannot use JSX unless the '--jsx' flag is provided.
app/auth/login.tsx(1051,16): error TS2741: Property 'children' is missing in type '{ onPress: () => void; style: any; }' but required in type 'PressScaleProps'.
app/auth/login.tsx(1057,17): error TS17004: Cannot use JSX unless the '--jsx' flag is provided.
app/auth/login.tsx(1064,15): error TS17004: Cannot use JSX unless the '--jsx' flag is provided.
app/auth/login.tsx(1065,17): error TS17004: Cannot use JSX unless the '--jsx' flag is provided.
app/auth/login.tsx(1066,27): error TS2580: Cannot find name 'require'. Do you need to install type definitions for node? Try `npm i --save-dev @types/node`.
app/auth/login.tsx(1069,17): error TS17004: Cannot use JSX unless the '--jsx' flag is provided.
app/auth/login.tsx(1070,19): error TS17004: Cannot use JSX unless the '--jsx' flag is provided.
app/auth/login.tsx(1071,19): error TS17004: Cannot use JSX unless the '--jsx' flag is provided.
app/auth/login.tsx(1075,15): error TS17004: Cannot use JSX unless the '--jsx' flag is provided.
app/auth/login.tsx(1079,19): error TS17004: Cannot use JSX unless the '--jsx' flag is provided.
app/auth/login.tsx(1089,21): error TS17004: Cannot use JSX unless the '--jsx' flag is provided.
app/auth/login.tsx(1106,11): error TS17004: Cannot use JSX unless the '--jsx' flag is provided.
app/auth/login.tsx(1114,15): error TS17004: Cannot use JSX unless the '--jsx' flag is provided.
app/auth/login.tsx(1115,17): error TS17004: Cannot use JSX unless the '--jsx' flag is provided.
app/auth/login.tsx(1116,17): error TS17004: Cannot use JSX unless the '--jsx' flag is provided.
app/auth/login.tsx(1117,17): error TS17004: Cannot use JSX unless the '--jsx' flag is provided.
app/auth/login.tsx(1118,19): error TS17004: Cannot use JSX unless the '--jsx' flag is provided.
app/auth/login.tsx(1123,19): error TS17004: Cannot use JSX unless the '--jsx' flag is provided.
app/auth/login.tsx(1129,17): error TS17004: Cannot use JSX unless the '--jsx' flag is provided.
app/auth/login.tsx(1130,19): error TS17004: Cannot use JSX unless the '--jsx' flag is provided.
app/auth/login.tsx(1138,19): error TS17004: Cannot use JSX unless the '--jsx' flag is provided.
app/auth/login.tsx(1140,17): error TS17004: Cannot use JSX unless the '--jsx' flag is provided.
app/auth/login.tsx(1141,19): error TS17004: Cannot use JSX unless the '--jsx' flag is provided.
app/auth/login.tsx(1142,21): error TS17004: Cannot use JSX unless the '--jsx' flag is provided.
app/auth/login.tsx(1143,21): error TS17004: Cannot use JSX unless the '--jsx' flag is provided.
app/auth/login.tsx(1144,21): error TS17004: Cannot use JSX unless the '--jsx' flag is provided.
app/auth/login.tsx(1146,19): error TS17004: Cannot use JSX unless the '--jsx' flag is provided.
app/auth/login.tsx(1155,19): error TS17004: Cannot use JSX unless the '--jsx' flag is provided.
app/auth/login.tsx(1162,21): error TS17004: Cannot use JSX unless the '--jsx' flag is provided.
app/auth/login.tsx(1165,17): error TS17004: Cannot use JSX unless the '--jsx' flag is provided.
app/auth/login.tsx(1170,15): error TS17004: Cannot use JSX unless the '--jsx' flag is provided.
app/auth/login.tsx(1172,17): error TS17004: Cannot use JSX unless the '--jsx' flag is provided.
app/auth/login.tsx(1173,17): error TS17004: Cannot use JSX unless the '--jsx' flag is provided.
app/auth/login.tsx(1174,17): error TS17004: Cannot use JSX unless the '--jsx' flag is provided.
app/auth/login.tsx(1175,19): error TS17004: Cannot use JSX unless the '--jsx' flag is provided.
app/auth/login.tsx(1183,19): error TS17004: Cannot use JSX unless the '--jsx' flag is provided.
app/auth/login.tsx(1193,19): error TS17004: Cannot use JSX unless the '--jsx' flag is provided.
app/auth/login.tsx(1195,17): error TS17004: Cannot use JSX unless the '--jsx' flag is provided.
app/auth/login.tsx(1199,19): error TS17004: Cannot use JSX unless the '--jsx' flag is provided.
app/auth/login.tsx(1201,17): error TS17004: Cannot use JSX unless the '--jsx' flag is provided.
app/auth/login.tsx(1209,17): error TS17004: Cannot use JSX unless the '--jsx' flag is provided.
app/auth/login.tsx(1210,19): error TS17004: Cannot use JSX unless the '--jsx' flag is provided.
app/auth/login.tsx(1211,21): error TS17004: Cannot use JSX unless the '--jsx' flag is provided.
app/auth/login.tsx(1212,21): error TS17004: Cannot use JSX unless the '--jsx' flag is provided.
app/auth/login.tsx(1213,21): error TS17004: Cannot use JSX unless the '--jsx' flag is provided.
app/auth/login.tsx(1215,19): error TS17004: Cannot use JSX unless the '--jsx' flag is provided.
app/auth/login.tsx(1224,19): error TS17004: Cannot use JSX unless the '--jsx' flag is provided.
app/auth/login.tsx(1231,21): error TS17004: Cannot use JSX unless the '--jsx' flag is provided.
app/auth/login.tsx(1234,17): error TS17004: Cannot use JSX unless the '--jsx' flag is provided.
app/auth/login.tsx(1238,19): error TS17004: Cannot use JSX unless the '--jsx' flag is provided.
app/auth/login.tsx(1240,17): error TS17004: Cannot use JSX unless the '--jsx' flag is provided.
app/auth/login.tsx(1241,19): error TS17004: Cannot use JSX unless the '--jsx' flag is provided.
app/auth/login.tsx(1246,19): error TS17004: Cannot use JSX unless the '--jsx' flag is provided.
app/auth/login.tsx(1252,15): error TS17004: Cannot use JSX unless the '--jsx' flag is provided.
app/auth/login.tsx(1254,17): error TS17004: Cannot use JSX unless the '--jsx' flag is provided.
app/auth/login.tsx(1255,17): error TS17004: Cannot use JSX unless the '--jsx' flag is provided.
app/auth/login.tsx(1256,17): error TS17004: Cannot use JSX unless the '--jsx' flag is provided.
app/auth/login.tsx(1257,19): error TS17004: Cannot use JSX unless the '--jsx' flag is provided.
app/auth/login.tsx(1265,19): error TS17004: Cannot use JSX unless the '--jsx' flag is provided.
app/auth/login.tsx(1273,19): error TS17004: Cannot use JSX unless the '--jsx' flag is provided.
app/auth/login.tsx(1281,19): error TS17004: Cannot use JSX unless the '--jsx' flag is provided.
app/auth/login.tsx(1282,41): error TS7006: Parameter 'rule' implicitly has an 'any' type.
app/auth/login.tsx(1283,23): error TS17004: Cannot use JSX unless the '--jsx' flag is provided.
app/auth/login.tsx(1284,25): error TS17004: Cannot use JSX unless the '--jsx' flag is provided.
app/auth/login.tsx(1291,25): error TS17004: Cannot use JSX unless the '--jsx' flag is provided.
app/auth/login.tsx(1302,19): error TS17004: Cannot use JSX unless the '--jsx' flag is provided.
app/auth/login.tsx(1311,21): error TS17004: Cannot use JSX unless the '--jsx' flag is provided.
app/auth/login.tsx(1314,21): error TS17004: Cannot use JSX unless the '--jsx' flag is provided.
app/auth/login.tsx(1323,23): error TS17004: Cannot use JSX unless the '--jsx' flag is provided.
app/auth/login.tsx(1328,23): error TS17004: Cannot use JSX unless the '--jsx' flag is provided.
app/auth/login.tsx(1334,17): error TS17004: Cannot use JSX unless the '--jsx' flag is provided.
app/auth/login.tsx(1342,17): error TS17004: Cannot use JSX unless the '--jsx' flag is provided.
app/auth/login.tsx(1343,17): error TS17004: Cannot use JSX unless the '--jsx' flag is provided.
app/auth/login.tsx(1344,19): error TS17004: Cannot use JSX unless the '--jsx' flag is provided.
app/auth/login.tsx(1345,21): error TS17004: Cannot use JSX unless the '--jsx' flag is provided.
app/auth/login.tsx(1346,21): error TS17004: Cannot use JSX unless the '--jsx' flag is provided.
app/auth/login.tsx(1347,21): error TS17004: Cannot use JSX unless the '--jsx' flag is provided.
app/auth/login.tsx(1349,19): error TS17004: Cannot use JSX unless the '--jsx' flag is provided.
app/auth/login.tsx(1358,19): error TS17004: Cannot use JSX unless the '--jsx' flag is provided.
app/auth/login.tsx(1365,21): error TS17004: Cannot use JSX unless the '--jsx' flag is provided.
app/auth/login.tsx(1368,17): error TS17004: Cannot use JSX unless the '--jsx' flag is provided.
app/auth/login.tsx(1372,19): error TS17004: Cannot use JSX unless the '--jsx' flag is provided.
app/auth/login.tsx(1374,17): error TS17004: Cannot use JSX unless the '--jsx' flag is provided.
app/auth/login.tsx(1375,19): error TS17004: Cannot use JSX unless the '--jsx' flag is provided.
app/auth/login.tsx(1380,19): error TS17004: Cannot use JSX unless the '--jsx' flag is provided.
app/auth/login.tsx(1386,15): error TS17004: Cannot use JSX unless the '--jsx' flag is provided.
app/auth/login.tsx(1388,17): error TS17004: Cannot use JSX unless the '--jsx' flag is provided.
app/auth/login.tsx(1389,17): error TS17004: Cannot use JSX unless the '--jsx' flag is provided.
app/auth/login.tsx(1390,17): error TS17004: Cannot use JSX unless the '--jsx' flag is provided.
app/auth/login.tsx(1391,19): error TS17004: Cannot use JSX unless the '--jsx' flag is provided.
app/auth/login.tsx(1400,21): error TS17004: Cannot use JSX unless the '--jsx' flag is provided.
app/auth/login.tsx(1403,17): error TS17004: Cannot use JSX unless the '--jsx' flag is provided.
app/auth/login.tsx(1411,17): error TS17004: Cannot use JSX unless the '--jsx' flag is provided.
app/auth/login.tsx(1415,19): error TS17004: Cannot use JSX unless the '--jsx' flag is provided.
app/auth/login.tsx(1417,17): error TS17004: Cannot use JSX unless the '--jsx' flag is provided.
app/auth/login.tsx(1418,19): error TS17004: Cannot use JSX unless the '--jsx' flag is provided.
app/auth/login.tsx(1423,19): error TS17004: Cannot use JSX unless the '--jsx' flag is provided.
app/auth/login.tsx(1429,15): error TS17004: Cannot use JSX unless the '--jsx' flag is provided.
app/auth/login.tsx(1432,17): error TS17004: Cannot use JSX unless the '--jsx' flag is provided.
app/auth/login.tsx(1433,17): error TS17004: Cannot use JSX unless the '--jsx' flag is provided.
app/auth/login.tsx(1436,19): error TS17004: Cannot use JSX unless the '--jsx' flag is provided.
app/auth/login.tsx(1438,17): error TS17004: Cannot use JSX unless the '--jsx' flag is provided.
app/auth/login.tsx(1439,17): error TS17004: Cannot use JSX unless the '--jsx' flag is provided.
app/auth/login.tsx(1441,19): error TS17004: Cannot use JSX unless the '--jsx' flag is provided.
app/auth/login.tsx(1442,21): error TS17004: Cannot use JSX unless the '--jsx' flag is provided.
app/auth/login.tsx(1443,21): error TS17004: Cannot use JSX unless the '--jsx' flag is provided.
app/auth/login.tsx(1447,19): error TS17004: Cannot use JSX unless the '--jsx' flag is provided.
app/auth/login.tsx(1449,17): error TS17004: Cannot use JSX unless the '--jsx' flag is provided.
app/auth/login.tsx(1456,17): error TS17004: Cannot use JSX unless the '--jsx' flag is provided.
app/auth/login.tsx(1457,19): error TS17004: Cannot use JSX unless the '--jsx' flag is provided.
app/auth/login.tsx(1463,21): error TS17004: Cannot use JSX unless the '--jsx' flag is provided.
app/auth/login.tsx(1475,19): error TS17004: Cannot use JSX unless the '--jsx' flag is provided.
app/auth/login.tsx(1476,21): error TS17004: Cannot use JSX unless the '--jsx' flag is provided.
app/auth/login.tsx(1483,15): error TS17004: Cannot use JSX unless the '--jsx' flag is provided.
app/auth/login.tsx(1486,17): error TS17004: Cannot use JSX unless the '--jsx' flag is provided.
app/auth/login.tsx(1487,27): error TS2580: Cannot find name 'require'. Do you need to install type definitions for node? Try `npm i --save-dev @types/node`.
app/auth/login.tsx(1491,17): error TS17004: Cannot use JSX unless the '--jsx' flag is provided.
app/auth/login.tsx(1492,17): error TS17004: Cannot use JSX unless the '--jsx' flag is provided.
app/auth/login.tsx(1497,19): error TS17004: Cannot use JSX unless the '--jsx' flag is provided.
app/auth/login.tsx(1500,19): error TS17004: Cannot use JSX unless the '--jsx' flag is provided.
app/auth/login.tsx(1501,21): error TS17004: Cannot use JSX unless the '--jsx' flag is provided.
app/auth/login.tsx(1502,21): error TS17004: Cannot use JSX unless the '--jsx' flag is provided.
app/auth/login.tsx(1506,19): error TS17004: Cannot use JSX unless the '--jsx' flag is provided.
app/auth/login.tsx(1507,21): error TS17004: Cannot use JSX unless the '--jsx' flag is provided.
app/auth/login.tsx(1508,21): error TS17004: Cannot use JSX unless the '--jsx' flag is provided.
app/auth/login.tsx(1509,21): error TS17004: Cannot use JSX unless the '--jsx' flag is provided.
app/auth/login.tsx(1513,19): error TS17004: Cannot use JSX unless the '--jsx' flag is provided.
app/auth/login.tsx(1515,17): error TS17004: Cannot use JSX unless the '--jsx' flag is provided.
app/auth/login.tsx(1522,17): error TS17004: Cannot use JSX unless the '--jsx' flag is provided.
app/auth/login.tsx(1523,19): error TS17004: Cannot use JSX unless the '--jsx' flag is provided.
app/auth/login.tsx(1529,21): error TS17004: Cannot use JSX unless the '--jsx' flag is provided.
app/auth/login.tsx(1541,19): error TS17004: Cannot use JSX unless the '--jsx' flag is provided.
app/auth/login.tsx(1542,21): error TS17004: Cannot use JSX unless the '--jsx' flag is provided.
app/auth/login.tsx(1549,15): error TS17004: Cannot use JSX unless the '--jsx' flag is provided.
app/auth/login.tsx(1552,17): error TS17004: Cannot use JSX unless the '--jsx' flag is provided.
app/auth/login.tsx(1553,27): error TS2580: Cannot find name 'require'. Do you need to install type definitions for node? Try `npm i --save-dev @types/node`.
app/auth/login.tsx(1557,17): error TS17004: Cannot use JSX unless the '--jsx' flag is provided.
app/auth/login.tsx(1558,17): error TS17004: Cannot use JSX unless the '--jsx' flag is provided.
app/auth/login.tsx(1559,17): error TS17004: Cannot use JSX unless the '--jsx' flag is provided.
app/auth/login.tsx(1560,19): error TS17004: Cannot use JSX unless the '--jsx' flag is provided.
app/auth/login.tsx(1565,19): error TS17004: Cannot use JSX unless the '--jsx' flag is provided.
app/auth/login.tsx(1578,15): error TS17004: Cannot use JSX unless the '--jsx' flag is provided.
app/auth/login.tsx(1581,17): error TS17004: Cannot use JSX unless the '--jsx' flag is provided.
app/auth/login.tsx(1582,27): error TS2580: Cannot find name 'require'. Do you need to install type definitions for node? Try `npm i --save-dev @types/node`.
app/auth/login.tsx(1586,17): error TS17004: Cannot use JSX unless the '--jsx' flag is provided.
app/auth/login.tsx(1587,17): error TS17004: Cannot use JSX unless the '--jsx' flag is provided.
app/auth/login.tsx(1588,17): error TS17004: Cannot use JSX unless the '--jsx' flag is provided.
app/auth/login.tsx(1589,19): error TS17004: Cannot use JSX unless the '--jsx' flag is provided.
app/auth/login.tsx(1598,17): error TS17004: Cannot use JSX unless the '--jsx' flag is provided.
app/auth/login.tsx(1599,19): error TS17004: Cannot use JSX unless the '--jsx' flag is provided.
app/auth/login.tsx(1611,15): error TS17004: Cannot use JSX unless the '--jsx' flag is provided.
app/auth/login.tsx(1614,17): error TS17004: Cannot use JSX unless the '--jsx' flag is provided.
app/auth/login.tsx(1615,27): error TS2580: Cannot find name 'require'. Do you need to install type definitions for node? Try `npm i --save-dev @types/node`.
app/auth/login.tsx(1619,17): error TS17004: Cannot use JSX unless the '--jsx' flag is provided.
app/auth/login.tsx(1620,17): error TS17004: Cannot use JSX unless the '--jsx' flag is provided.
app/auth/login.tsx(1623,19): error TS17004: Cannot use JSX unless the '--jsx' flag is provided.
app/auth/login.tsx(1625,17): error TS17004: Cannot use JSX unless the '--jsx' flag is provided.
app/auth/login.tsx(1627,19): error TS17004: Cannot use JSX unless the '--jsx' flag is provided.
app/auth/login.tsx(1628,21): error TS17004: Cannot use JSX unless the '--jsx' flag is provided.
app/auth/login.tsx(1629,21): error TS17004: Cannot use JSX unless the '--jsx' flag is provided.
app/auth/login.tsx(1630,21): error TS17004: Cannot use JSX unless the '--jsx' flag is provided.
app/auth/login.tsx(1634,19): error TS17004: Cannot use JSX unless the '--jsx' flag is provided.
app/auth/login.tsx(1636,17): error TS17004: Cannot use JSX unless the '--jsx' flag is provided.
app/auth/login.tsx(1637,19): error TS17004: Cannot use JSX unless the '--jsx' flag is provided.
app/auth/login.tsx(1647,15): error TS17004: Cannot use JSX unless the '--jsx' flag is provided.
app/auth/login.tsx(1649,17): error TS17004: Cannot use JSX unless the '--jsx' flag is provided.
app/auth/login.tsx(1650,17): error TS17004: Cannot use JSX unless the '--jsx' flag is provided.
app/auth/login.tsx(1651,17): error TS17004: Cannot use JSX unless the '--jsx' flag is provided.
app/auth/login.tsx(1652,19): error TS17004: Cannot use JSX unless the '--jsx' flag is provided.
app/auth/login.tsx(1660,19): error TS17004: Cannot use JSX unless the '--jsx' flag is provided.
app/auth/login.tsx(1669,21): error TS17004: Cannot use JSX unless the '--jsx' flag is provided.
app/auth/login.tsx(1672,17): error TS17004: Cannot use JSX unless the '--jsx' flag is provided.
app/auth/login.tsx(1683,15): error TS17004: Cannot use JSX unless the '--jsx' flag is provided.
app/auth/login.tsx(1686,17): error TS17004: Cannot use JSX unless the '--jsx' flag is provided.
app/auth/login.tsx(1687,27): error TS2580: Cannot find name 'require'. Do you need to install type definitions for node? Try `npm i --save-dev @types/node`.
app/auth/login.tsx(1691,17): error TS17004: Cannot use JSX unless the '--jsx' flag is provided.
app/auth/login.tsx(1692,17): error TS17004: Cannot use JSX unless the '--jsx' flag is provided.
app/auth/login.tsx(1693,17): error TS17004: Cannot use JSX unless the '--jsx' flag is provided.
app/auth/login.tsx(1694,19): error TS17004: Cannot use JSX unless the '--jsx' flag is provided.
app/auth/onboarding.tsx(1,53): error TS2307: Cannot find module 'react' or its corresponding type declarations.
app/auth/onboarding.tsx(2,70): error TS2307: Cannot find module 'react-native' or its corresponding type declarations.
app/auth/onboarding.tsx(3,30): error TS2307: Cannot find module 'react-native-safe-area-context' or its corresponding type declarations.
app/auth/onboarding.tsx(4,24): error TS2307: Cannot find module 'expo-router' or its corresponding type declarations.
app/auth/onboarding.tsx(5,26): error TS2307: Cannot find module 'expo-haptics' or its corresponding type declarations.
app/auth/onboarding.tsx(7,35): error TS6142: Module '../../src/components/AmbientBackground' was resolved to '/mnt/data/lousa_work/LOUSA_MOON_V1.18.22_BUILD133_PAPER_MOON_NATIVE_HANDOFF_FIX_SOURCE/src/components/AmbientBackground.tsx', but '--jsx' is not set.
app/auth/onboarding.tsx(8,36): error TS6142: Module '../../src/components/DateCalendarPicker' was resolved to '/mnt/data/lousa_work/LOUSA_MOON_V1.18.22_BUILD133_PAPER_MOON_NATIVE_HANDOFF_FIX_SOURCE/src/components/DateCalendarPicker.tsx', but '--jsx' is not set.
app/auth/onboarding.tsx(9,32): error TS6142: Module '../../src/components/MaterialSymbol' was resolved to '/mnt/data/lousa_work/LOUSA_MOON_V1.18.22_BUILD133_PAPER_MOON_NATIVE_HANDOFF_FIX_SOURCE/src/components/MaterialSymbol.tsx', but '--jsx' is not set.
app/auth/onboarding.tsx(10,97): error TS6142: Module '../../src/components/ui' was resolved to '/mnt/data/lousa_work/LOUSA_MOON_V1.18.22_BUILD133_PAPER_MOON_NATIVE_HANDOFF_FIX_SOURCE/src/components/ui/index.tsx', but '--jsx' is not set.
app/auth/onboarding.tsx(11,37): error TS6142: Module '../../src/components/layout' was resolved to '/mnt/data/lousa_work/LOUSA_MOON_V1.18.22_BUILD133_PAPER_MOON_NATIVE_HANDOFF_FIX_SOURCE/src/components/layout.tsx', but '--jsx' is not set.
app/auth/onboarding.tsx(13,26): error TS6142: Module '../../src/theme/ThemeProvider' was resolved to '/mnt/data/lousa_work/LOUSA_MOON_V1.18.22_BUILD133_PAPER_MOON_NATIVE_HANDOFF_FIX_SOURCE/src/theme/ThemeProvider.tsx', but '--jsx' is not set.
app/auth/onboarding.tsx(145,34): error TS7006: Parameter 'state' implicitly has an 'any' type.
app/auth/onboarding.tsx(146,37): error TS7006: Parameter 'state' implicitly has an 'any' type.
app/auth/onboarding.tsx(147,16): error TS7053: Element implicitly has an 'any' type because expression of type 'any' can't be used to index type '{ readonly ru: { readonly step: "Шаг"; readonly of: "из"; readonly back: "Назад"; readonly next: "Продолжить"; readonly skip: "Пропустить"; readonly finish: "Сохранить настройки"; readonly titles: readonly ["Когда начался последний цикл?", "Как обычно долго длится цикл?", "Сколько дней обычно длится менструация?", "...'.
app/auth/onboarding.tsx(158,19): error TS7006: Parameter 'current' implicitly has an 'any' type.
app/auth/onboarding.tsx(165,8): error TS2550: Property 'finally' does not exist on type 'Promise<void>'. Do you need to change your target library? Try changing the 'lib' compiler option to 'es2018' or later.
app/auth/onboarding.tsx(195,20): error TS7006: Parameter 'state' implicitly has an 'any' type.
app/auth/onboarding.tsx(204,15): error TS7006: Parameter 'state' implicitly has an 'any' type.
app/auth/onboarding.tsx(208,37): error TS7006: Parameter 'state' implicitly has an 'any' type.
app/auth/onboarding.tsx(212,25): error TS2705: An async function or method in ES5 requires the 'Promise' constructor.  Make sure you have a declaration for the 'Promise' constructor or include 'ES2015' in your '--lib' option.
app/auth/onboarding.tsx(295,12): error TS17004: Cannot use JSX unless the '--jsx' flag is provided.
app/auth/onboarding.tsx(302,5): error TS17004: Cannot use JSX unless the '--jsx' flag is provided.
app/auth/onboarding.tsx(303,7): error TS17004: Cannot use JSX unless the '--jsx' flag is provided.
app/auth/onboarding.tsx(304,7): error TS17004: Cannot use JSX unless the '--jsx' flag is provided.
app/auth/onboarding.tsx(305,9): error TS17004: Cannot use JSX unless the '--jsx' flag is provided.
app/auth/onboarding.tsx(306,11): error TS17004: Cannot use JSX unless the '--jsx' flag is provided.
app/auth/onboarding.tsx(306,12): error TS2741: Property 'children' is missing in type '{ accessibilityLabel: any; onPress: () => void; style: any[]; }' but required in type 'PressScaleProps'.
app/auth/onboarding.tsx(307,13): error TS17004: Cannot use JSX unless the '--jsx' flag is provided.
app/auth/onboarding.tsx(309,11): error TS17004: Cannot use JSX unless the '--jsx' flag is provided.
app/auth/onboarding.tsx(310,11): error TS17004: Cannot use JSX unless the '--jsx' flag is provided.
app/auth/onboarding.tsx(313,9): error TS17004: Cannot use JSX unless the '--jsx' flag is provided.
app/auth/onboarding.tsx(314,11): error TS17004: Cannot use JSX unless the '--jsx' flag is provided.
app/auth/onboarding.tsx(317,9): error TS17004: Cannot use JSX unless the '--jsx' flag is provided.
app/auth/onboarding.tsx(323,11): error TS17004: Cannot use JSX unless the '--jsx' flag is provided.
app/auth/onboarding.tsx(324,11): error TS17004: Cannot use JSX unless the '--jsx' flag is provided.
app/auth/onboarding.tsx(327,13): error TS17004: Cannot use JSX unless the '--jsx' flag is provided.
app/auth/onboarding.tsx(328,15): error TS17004: Cannot use JSX unless the '--jsx' flag is provided.
app/auth/onboarding.tsx(330,58): error TS7006: Parameter 'state' implicitly has an 'any' type.
app/auth/onboarding.tsx(338,13): error TS17004: Cannot use JSX unless the '--jsx' flag is provided.
app/auth/onboarding.tsx(340,17): error TS17004: Cannot use JSX unless the '--jsx' flag is provided.
app/auth/onboarding.tsx(340,29): error TS2322: Type '{ key: number; label: string; selected: boolean; onPress: () => any; }' is not assignable to type '{ label: string; selected: boolean; onPress: () => void; icon?: string | undefined; style?: any; }'.
  Property 'key' does not exist on type '{ label: string; selected: boolean; onPress: () => void; icon?: string | undefined; style?: any; }'.
app/auth/onboarding.tsx(340,134): error TS7006: Parameter 'state' implicitly has an 'any' type.
app/auth/onboarding.tsx(346,13): error TS17004: Cannot use JSX unless the '--jsx' flag is provided.
app/auth/onboarding.tsx(348,17): error TS17004: Cannot use JSX unless the '--jsx' flag is provided.
app/auth/onboarding.tsx(348,29): error TS2322: Type '{ key: number; label: string; selected: boolean; onPress: () => any; }' is not assignable to type '{ label: string; selected: boolean; onPress: () => void; icon?: string | undefined; style?: any; }'.
  Property 'key' does not exist on type '{ label: string; selected: boolean; onPress: () => void; icon?: string | undefined; style?: any; }'.
app/auth/onboarding.tsx(348,135): error TS7006: Parameter 'state' implicitly has an 'any' type.
app/auth/onboarding.tsx(354,13): error TS17004: Cannot use JSX unless the '--jsx' flag is provided.
app/auth/onboarding.tsx(355,15): error TS17004: Cannot use JSX unless the '--jsx' flag is provided.
app/auth/onboarding.tsx(355,102): error TS7006: Parameter 'state' implicitly has an 'any' type.
app/auth/onboarding.tsx(356,15): error TS17004: Cannot use JSX unless the '--jsx' flag is provided.
app/auth/onboarding.tsx(356,98): error TS7006: Parameter 'state' implicitly has an 'any' type.
app/auth/onboarding.tsx(361,13): error TS17004: Cannot use JSX unless the '--jsx' flag is provided.
app/auth/onboarding.tsx(362,15): error TS17004: Cannot use JSX unless the '--jsx' flag is provided.
app/auth/onboarding.tsx(363,17): error TS17004: Cannot use JSX unless the '--jsx' flag is provided.
app/auth/onboarding.tsx(365,34): error TS7006: Parameter 'city' implicitly has an 'any' type.
app/auth/onboarding.tsx(365,53): error TS7006: Parameter 'state' implicitly has an 'any' type.
app/auth/onboarding.tsx(371,17): error TS17004: Cannot use JSX unless the '--jsx' flag is provided.
app/auth/onboarding.tsx(373,34): error TS7006: Parameter 'street' implicitly has an 'any' type.
app/auth/onboarding.tsx(373,55): error TS7006: Parameter 'state' implicitly has an 'any' type.
app/auth/onboarding.tsx(379,17): error TS17004: Cannot use JSX unless the '--jsx' flag is provided.
app/auth/onboarding.tsx(380,19): error TS17004: Cannot use JSX unless the '--jsx' flag is provided.
app/auth/onboarding.tsx(382,36): error TS7006: Parameter 'house' implicitly has an 'any' type.
app/auth/onboarding.tsx(382,56): error TS7006: Parameter 'state' implicitly has an 'any' type.
app/auth/onboarding.tsx(388,19): error TS17004: Cannot use JSX unless the '--jsx' flag is provided.
app/auth/onboarding.tsx(390,36): error TS7006: Parameter 'apartment' implicitly has an 'any' type.
app/auth/onboarding.tsx(390,60): error TS7006: Parameter 'state' implicitly has an 'any' type.
app/auth/onboarding.tsx(397,17): error TS17004: Cannot use JSX unless the '--jsx' flag is provided.
app/auth/onboarding.tsx(402,20): error TS17004: Cannot use JSX unless the '--jsx' flag is provided.
app/auth/onboarding.tsx(405,9): error TS17004: Cannot use JSX unless the '--jsx' flag is provided.
app/auth/onboarding.tsx(406,51): error TS17004: Cannot use JSX unless the '--jsx' flag is provided.
app/auth/onboarding.tsx(407,11): error TS17004: Cannot use JSX unless the '--jsx' flag is provided.
app/index.tsx(1,19): error TS2307: Cannot find module 'react' or its corresponding type declarations.
app/index.tsx(2,34): error TS2307: Cannot find module 'react-native' or its corresponding type declarations.
app/index.tsx(11,5): error TS17004: Cannot use JSX unless the '--jsx' flag is provided.
app/screens/address-map-picker.tsx(1,61): error TS2307: Cannot find module 'react' or its corresponding type declarations.
app/screens/address-map-picker.tsx(11,8): error TS2307: Cannot find module 'react-native' or its corresponding type declarations.
app/screens/address-map-picker.tsx(12,24): error TS2307: Cannot find module 'expo-router' or its corresponding type declarations.
app/screens/address-map-picker.tsx(13,25): error TS2307: Cannot find module 'expo-crypto' or its corresponding type declarations.
app/screens/address-map-picker.tsx(17,8): error TS2307: Cannot find module 'react-native-safe-area-context' or its corresponding type declarations.
app/screens/address-map-picker.tsx(22,8): error TS6142: Module '../../src/components/LousaMapLibreAddressMap' was resolved to '/mnt/data/lousa_work/LOUSA_MOON_V1.18.22_BUILD133_PAPER_MOON_NATIVE_HANDOFF_FIX_SOURCE/src/components/LousaMapLibreAddressMap.tsx', but '--jsx' is not set.
app/screens/address-map-picker.tsx(23,32): error TS6142: Module '../../src/components/MaterialSymbol' was resolved to '/mnt/data/lousa_work/LOUSA_MOON_V1.18.22_BUILD133_PAPER_MOON_NATIVE_HANDOFF_FIX_SOURCE/src/components/MaterialSymbol.tsx', but '--jsx' is not set.
app/screens/address-map-picker.tsx(28,8): error TS6142: Module '../../src/components/ui' was resolved to '/mnt/data/lousa_work/LOUSA_MOON_V1.18.22_BUILD133_PAPER_MOON_NATIVE_HANDOFF_FIX_SOURCE/src/components/ui/index.tsx', but '--jsx' is not set.
app/screens/address-map-picker.tsx(32,26): error TS6142: Module '../../src/theme/ThemeProvider' was resolved to '/mnt/data/lousa_work/LOUSA_MOON_V1.18.22_BUILD133_PAPER_MOON_NATIVE_HANDOFF_FIX_SOURCE/src/theme/ThemeProvider.tsx', but '--jsx' is not set.
app/screens/address-map-picker.tsx(109,34): error TS7006: Parameter 'state' implicitly has an 'any' type.
app/screens/address-map-picker.tsx(111,39): error TS7006: Parameter 'state' implicitly has an 'any' type.
app/screens/address-map-picker.tsx(112,51): error TS7006: Parameter 'state' implicitly has an 'any' type.
app/screens/address-map-picker.tsx(194,39): error TS2705: An async function or method in ES5 requires the 'Promise' constructor.  Make sure you have a declaration for the 'Promise' constructor or include 'ES2015' in your '--lib' option.
app/screens/address-map-picker.tsx(227,38): error TS2705: An async function or method in ES5 requires the 'Promise' constructor.  Make sure you have a declaration for the 'Promise' constructor or include 'ES2015' in your '--lib' option.
app/screens/address-map-picker.tsx(246,28): error TS2705: An async function or method in ES5 requires the 'Promise' constructor.  Make sure you have a declaration for the 'Promise' constructor or include 'ES2015' in your '--lib' option.
app/screens/address-map-picker.tsx(283,22): error TS2705: An async function or method in ES5 requires the 'Promise' constructor.  Make sure you have a declaration for the 'Promise' constructor or include 'ES2015' in your '--lib' option.
app/screens/address-map-picker.tsx(313,5): error TS17004: Cannot use JSX unless the '--jsx' flag is provided.
app/screens/address-map-picker.tsx(317,7): error TS17004: Cannot use JSX unless the '--jsx' flag is provided.
app/screens/address-map-picker.tsx(318,9): error TS17004: Cannot use JSX unless the '--jsx' flag is provided.
app/screens/address-map-picker.tsx(318,10): error TS2741: Property 'children' is missing in type '{ onPress: () => any; style: any[]; }' but required in type 'PressScaleProps'.
app/screens/address-map-picker.tsx(322,11): error TS17004: Cannot use JSX unless the '--jsx' flag is provided.
app/screens/address-map-picker.tsx(328,9): error TS17004: Cannot use JSX unless the '--jsx' flag is provided.
app/screens/address-map-picker.tsx(329,11): error TS17004: Cannot use JSX unless the '--jsx' flag is provided.
app/screens/address-map-picker.tsx(332,11): error TS17004: Cannot use JSX unless the '--jsx' flag is provided.
app/screens/address-map-picker.tsx(338,7): error TS17004: Cannot use JSX unless the '--jsx' flag is provided.
app/screens/address-map-picker.tsx(339,9): error TS17004: Cannot use JSX unless the '--jsx' flag is provided.
app/screens/address-map-picker.tsx(354,9): error TS17004: Cannot use JSX unless the '--jsx' flag is provided.
app/screens/address-map-picker.tsx(355,11): error TS17004: Cannot use JSX unless the '--jsx' flag is provided.
app/screens/address-map-picker.tsx(361,13): error TS17004: Cannot use JSX unless the '--jsx' flag is provided.
app/screens/address-map-picker.tsx(366,13): error TS17004: Cannot use JSX unless the '--jsx' flag is provided.
app/screens/address-map-picker.tsx(376,15): error TS17004: Cannot use JSX unless the '--jsx' flag is provided.
app/screens/address-map-picker.tsx(380,13): error TS17004: Cannot use JSX unless the '--jsx' flag is provided.
app/screens/address-map-picker.tsx(381,33): error TS7006: Parameter 'item' implicitly has an 'any' type.
app/screens/address-map-picker.tsx(381,39): error TS7006: Parameter 'index' implicitly has an 'any' type.
app/screens/address-map-picker.tsx(382,17): error TS17004: Cannot use JSX unless the '--jsx' flag is provided.
app/screens/address-map-picker.tsx(393,19): error TS17004: Cannot use JSX unless the '--jsx' flag is provided.
app/screens/address-map-picker.tsx(398,19): error TS17004: Cannot use JSX unless the '--jsx' flag is provided.
app/screens/address-map-picker.tsx(399,21): error TS17004: Cannot use JSX unless the '--jsx' flag is provided.
app/screens/address-map-picker.tsx(408,21): error TS17004: Cannot use JSX unless the '--jsx' flag is provided.
app/screens/address-map-picker.tsx(424,9): error TS17004: Cannot use JSX unless the '--jsx' flag is provided.
app/screens/address-map-picker.tsx(424,10): error TS2741: Property 'children' is missing in type '{ onPress: () => undefined; style: any[]; }' but required in type 'PressScaleProps'.
app/screens/address-map-picker.tsx(429,13): error TS17004: Cannot use JSX unless the '--jsx' flag is provided.
app/screens/address-map-picker.tsx(431,13): error TS17004: Cannot use JSX unless the '--jsx' flag is provided.
app/screens/address-map-picker.tsx(440,7): error TS17004: Cannot use JSX unless the '--jsx' flag is provided.
app/screens/address-map-picker.tsx(450,9): error TS17004: Cannot use JSX unless the '--jsx' flag is provided.
app/screens/address-map-picker.tsx(451,11): error TS17004: Cannot use JSX unless the '--jsx' flag is provided.
app/screens/address-map-picker.tsx(452,13): error TS17004: Cannot use JSX unless the '--jsx' flag is provided.
app/screens/address-map-picker.tsx(455,13): error TS17004: Cannot use JSX unless the '--jsx' flag is provided.
app/screens/address-map-picker.tsx(467,13): error TS17004: Cannot use JSX unless the '--jsx' flag is provided.
app/screens/address-map-picker.tsx(471,11): error TS17004: Cannot use JSX unless the '--jsx' flag is provided.
app/screens/address-map-picker.tsx(475,9): error TS17004: Cannot use JSX unless the '--jsx' flag is provided.
app/screens/address-map.tsx(1,61): error TS2307: Cannot find module 'react' or its corresponding type declarations.
app/screens/address-map.tsx(14,8): error TS2307: Cannot find module 'react-native' or its corresponding type declarations.
app/screens/address-map.tsx(15,24): error TS2307: Cannot find module 'expo-router' or its corresponding type declarations.
app/screens/address-map.tsx(16,25): error TS2307: Cannot find module 'expo-crypto' or its corresponding type declarations.
app/screens/address-map.tsx(20,8): error TS2307: Cannot find module 'react-native-safe-area-context' or its corresponding type declarations.
app/screens/address-map.tsx(25,8): error TS6142: Module '../../src/components/LousaMapLibreAddressMap' was resolved to '/mnt/data/lousa_work/LOUSA_MOON_V1.18.22_BUILD133_PAPER_MOON_NATIVE_HANDOFF_FIX_SOURCE/src/components/LousaMapLibreAddressMap.tsx', but '--jsx' is not set.
app/screens/address-map.tsx(26,32): error TS6142: Module '../../src/components/MaterialSymbol' was resolved to '/mnt/data/lousa_work/LOUSA_MOON_V1.18.22_BUILD133_PAPER_MOON_NATIVE_HANDOFF_FIX_SOURCE/src/components/MaterialSymbol.tsx', but '--jsx' is not set.
app/screens/address-map.tsx(39,8): error TS6142: Module '../../src/components/ui' was resolved to '/mnt/data/lousa_work/LOUSA_MOON_V1.18.22_BUILD133_PAPER_MOON_NATIVE_HANDOFF_FIX_SOURCE/src/components/ui/index.tsx', but '--jsx' is not set.
app/screens/address-map.tsx(70,26): error TS6142: Module '../../src/theme/ThemeProvider' was resolved to '/mnt/data/lousa_work/LOUSA_MOON_V1.18.22_BUILD133_PAPER_MOON_NATIVE_HANDOFF_FIX_SOURCE/src/theme/ThemeProvider.tsx', but '--jsx' is not set.
app/screens/address-map.tsx(72,34): error TS6142: Module '../../src/features/auth/components/GuestAccountGate' was resolved to '/mnt/data/lousa_work/LOUSA_MOON_V1.18.22_BUILD133_PAPER_MOON_NATIVE_HANDOFF_FIX_SOURCE/src/features/auth/components/GuestAccountGate.tsx', but '--jsx' is not set.
app/screens/address-map.tsx(381,34): error TS7006: Parameter 'state' implicitly has an 'any' type.
app/screens/address-map.tsx(382,37): error TS7006: Parameter 'state' implicitly has an 'any' type.
app/screens/address-map.tsx(383,16): error TS7053: Element implicitly has an 'any' type because expression of type 'any' can't be used to index type '{ readonly ru: { readonly title: "Выбери адрес доставки"; readonly subtitle: "Найди адрес или открой карту на весь экран, чтобы указать точное место."; readonly search: "Поиск адреса в Армении"; ... 75 more ...; readonly pointRequired: "Сначала выбери точную точку на карте."; }; readonly en: { ...; }; readonly hy: {...'.
app/screens/address-map.tsx(384,27): error TS17004: Cannot use JSX unless the '--jsx' flag is provided.
app/screens/address-map.tsx(385,10): error TS17004: Cannot use JSX unless the '--jsx' flag is provided.
app/screens/address-map.tsx(392,34): error TS7006: Parameter 'state' implicitly has an 'any' type.
app/screens/address-map.tsx(393,34): error TS7006: Parameter 'state' implicitly has an 'any' type.
app/screens/address-map.tsx(397,6): error TS7006: Parameter 'state' implicitly has an 'any' type.
app/screens/address-map.tsx(399,45): error TS7006: Parameter 'state' implicitly has an 'any' type.
app/screens/address-map.tsx(401,6): error TS7006: Parameter 'state' implicitly has an 'any' type.
app/screens/address-map.tsx(668,29): error TS2705: An async function or method in ES5 requires the 'Promise' constructor.  Make sure you have a declaration for the 'Promise' constructor or include 'ES2015' in your '--lib' option.
app/screens/address-map.tsx(686,47): error TS2585: 'Promise' only refers to a type, but is being used as a value here. Do you need to change your target library? Try changing the 'lib' compiler option to es2015 or later.
app/screens/address-map.tsx(696,23): error TS7006: Parameter 'previous' implicitly has an 'any' type.
app/screens/address-map.tsx(748,38): error TS2705: An async function or method in ES5 requires the 'Promise' constructor.  Make sure you have a declaration for the 'Promise' constructor or include 'ES2015' in your '--lib' option.
app/screens/address-map.tsx(766,28): error TS2705: An async function or method in ES5 requires the 'Promise' constructor.  Make sure you have a declaration for the 'Promise' constructor or include 'ES2015' in your '--lib' option.
app/screens/address-map.tsx(808,31): error TS2705: An async function or method in ES5 requires the 'Promise' constructor.  Make sure you have a declaration for the 'Promise' constructor or include 'ES2015' in your '--lib' option.
app/screens/address-map.tsx(858,37): error TS2705: An async function or method in ES5 requires the 'Promise' constructor.  Make sure you have a declaration for the 'Promise' constructor or include 'ES2015' in your '--lib' option.
app/screens/address-map.tsx(883,26): error TS2705: An async function or method in ES5 requires the 'Promise' constructor.  Make sure you have a declaration for the 'Promise' constructor or include 'ES2015' in your '--lib' option.
app/screens/address-map.tsx(894,41): error TS2550: Property 'find' does not exist on type '[string, string][]'. Do you need to change your target library? Try changing the 'lib' compiler option to 'es2015' or later.
app/screens/address-map.tsx(894,48): error TS7031: Binding element 'value' implicitly has an 'any' type.
app/screens/address-map.tsx(1046,5): error TS17004: Cannot use JSX unless the '--jsx' flag is provided.
app/screens/address-map.tsx(1050,7): error TS17004: Cannot use JSX unless the '--jsx' flag is provided.
app/screens/address-map.tsx(1054,9): error TS17004: Cannot use JSX unless the '--jsx' flag is provided.
app/screens/address-map.tsx(1065,11): error TS17004: Cannot use JSX unless the '--jsx' flag is provided.
app/screens/address-map.tsx(1066,13): error TS17004: Cannot use JSX unless the '--jsx' flag is provided.
app/screens/address-map.tsx(1071,13): error TS17004: Cannot use JSX unless the '--jsx' flag is provided.
app/screens/address-map.tsx(1072,15): error TS17004: Cannot use JSX unless the '--jsx' flag is provided.
app/screens/address-map.tsx(1081,15): error TS17004: Cannot use JSX unless the '--jsx' flag is provided.
app/screens/address-map.tsx(1087,17): error TS17004: Cannot use JSX unless the '--jsx' flag is provided.
app/screens/address-map.tsx(1094,11): error TS17004: Cannot use JSX unless the '--jsx' flag is provided.
app/screens/address-map.tsx(1095,13): error TS17004: Cannot use JSX unless the '--jsx' flag is provided.
app/screens/address-map.tsx(1119,28): error TS7006: Parameter 'nextError' implicitly has an 'any' type.
app/screens/address-map.tsx(1136,15): error TS17004: Cannot use JSX unless the '--jsx' flag is provided.
app/screens/address-map.tsx(1137,17): error TS17004: Cannot use JSX unless the '--jsx' flag is provided.
app/screens/address-map.tsx(1143,19): error TS17004: Cannot use JSX unless the '--jsx' flag is provided.
app/screens/address-map.tsx(1148,19): error TS17004: Cannot use JSX unless the '--jsx' flag is provided.
app/screens/address-map.tsx(1158,21): error TS17004: Cannot use JSX unless the '--jsx' flag is provided.
app/screens/address-map.tsx(1165,19): error TS17004: Cannot use JSX unless the '--jsx' flag is provided.
app/screens/address-map.tsx(1166,39): error TS7006: Parameter 'item' implicitly has an 'any' type.
app/screens/address-map.tsx(1166,45): error TS7006: Parameter 'index' implicitly has an 'any' type.
app/screens/address-map.tsx(1167,23): error TS17004: Cannot use JSX unless the '--jsx' flag is provided.
app/screens/address-map.tsx(1178,25): error TS17004: Cannot use JSX unless the '--jsx' flag is provided.
app/screens/address-map.tsx(1183,25): error TS17004: Cannot use JSX unless the '--jsx' flag is provided.
app/screens/address-map.tsx(1184,27): error TS17004: Cannot use JSX unless the '--jsx' flag is provided.
app/screens/address-map.tsx(1193,27): error TS17004: Cannot use JSX unless the '--jsx' flag is provided.
app/screens/address-map.tsx(1211,15): error TS17004: Cannot use JSX unless the '--jsx' flag is provided.
app/screens/address-map.tsx(1212,17): error TS17004: Cannot use JSX unless the '--jsx' flag is provided.
app/screens/address-map.tsx(1213,17): error TS17004: Cannot use JSX unless the '--jsx' flag is provided.
app/screens/address-map.tsx(1223,15): error TS17004: Cannot use JSX unless the '--jsx' flag is provided.
app/screens/address-map.tsx(1224,17): error TS17004: Cannot use JSX unless the '--jsx' flag is provided.
app/screens/address-map.tsx(1229,17): error TS17004: Cannot use JSX unless the '--jsx' flag is provided.
app/screens/address-map.tsx(1230,17): error TS17004: Cannot use JSX unless the '--jsx' flag is provided.
app/screens/address-map.tsx(1237,40): error TS7006: Parameter 'value' implicitly has an 'any' type.
app/screens/address-map.tsx(1243,15): error TS17004: Cannot use JSX unless the '--jsx' flag is provided.
app/screens/address-map.tsx(1243,16): error TS2741: Property 'children' is missing in type '{ onPress: () => undefined; style: any[]; }' but required in type 'PressScaleProps'.
app/screens/address-map.tsx(1251,19): error TS17004: Cannot use JSX unless the '--jsx' flag is provided.
app/screens/address-map.tsx(1253,19): error TS17004: Cannot use JSX unless the '--jsx' flag is provided.
app/screens/address-map.tsx(1264,13): error TS17004: Cannot use JSX unless the '--jsx' flag is provided.
app/screens/address-map.tsx(1280,13): error TS17004: Cannot use JSX unless the '--jsx' flag is provided.
app/screens/address-map.tsx(1291,17): error TS17004: Cannot use JSX unless the '--jsx' flag is provided.
app/screens/address-map.tsx(1293,17): error TS17004: Cannot use JSX unless the '--jsx' flag is provided.
app/screens/address-map.tsx(1299,15): error TS17004: Cannot use JSX unless the '--jsx' flag is provided.
app/screens/address-map.tsx(1305,17): error TS17004: Cannot use JSX unless the '--jsx' flag is provided.
app/screens/address-map.tsx(1305,18): error TS2741: Property 'children' is missing in type '{ onPress: () => undefined; style: any; }' but required in type 'PressScaleProps'.
app/screens/address-map.tsx(1309,19): error TS17004: Cannot use JSX unless the '--jsx' flag is provided.
app/screens/address-map.tsx(1317,11): error TS17004: Cannot use JSX unless the '--jsx' flag is provided.
app/screens/address-map.tsx(1317,12): error TS2741: Property 'children' is missing in type '{}' but required in type '{ children: React.ReactNode; style?: any; padded?: boolean | undefined; }'.
app/screens/address-map.tsx(1318,13): error TS17004: Cannot use JSX unless the '--jsx' flag is provided.
app/screens/address-map.tsx(1319,15): error TS17004: Cannot use JSX unless the '--jsx' flag is provided.
app/screens/address-map.tsx(1320,17): error TS17004: Cannot use JSX unless the '--jsx' flag is provided.
app/screens/address-map.tsx(1325,17): error TS17004: Cannot use JSX unless the '--jsx' flag is provided.
app/screens/address-map.tsx(1334,15): error TS17004: Cannot use JSX unless the '--jsx' flag is provided.
app/screens/address-map.tsx(1337,15): error TS17004: Cannot use JSX unless the '--jsx' flag is provided.
app/screens/address-map.tsx(1338,17): error TS17004: Cannot use JSX unless the '--jsx' flag is provided.
app/screens/address-map.tsx(1339,19): error TS17004: Cannot use JSX unless the '--jsx' flag is provided.
app/screens/address-map.tsx(1344,19): error TS17004: Cannot use JSX unless the '--jsx' flag is provided.
app/screens/address-map.tsx(1354,19): error TS17004: Cannot use JSX unless the '--jsx' flag is provided.
app/screens/address-map.tsx(1366,13): error TS17004: Cannot use JSX unless the '--jsx' flag is provided.
app/screens/address-map.tsx(1367,15): error TS17004: Cannot use JSX unless the '--jsx' flag is provided.
app/screens/address-map.tsx(1373,15): error TS17004: Cannot use JSX unless the '--jsx' flag is provided.
app/screens/address-map.tsx(1382,13): error TS17004: Cannot use JSX unless the '--jsx' flag is provided.
app/screens/address-map.tsx(1385,13): error TS17004: Cannot use JSX unless the '--jsx' flag is provided.
app/screens/address-map.tsx(1387,17): error TS17004: Cannot use JSX unless the '--jsx' flag is provided.
app/screens/address-map.tsx(1388,19): error TS2322: Type '{ key: "other" | "home" | "work"; label: string; selected: boolean; onPress: () => any; }' is not assignable to type '{ label: string; selected: boolean; onPress: () => void; icon?: string | undefined; style?: any; }'.
  Property 'key' does not exist on type '{ label: string; selected: boolean; onPress: () => void; icon?: string | undefined; style?: any; }'.
app/screens/address-map.tsx(1396,13): error TS17004: Cannot use JSX unless the '--jsx' flag is provided.
app/screens/address-map.tsx(1399,13): error TS17004: Cannot use JSX unless the '--jsx' flag is provided.
app/screens/address-map.tsx(1401,17): error TS17004: Cannot use JSX unless the '--jsx' flag is provided.
app/screens/address-map.tsx(1402,19): error TS2322: Type '{ key: DeliveryAddressType; label: string; selected: boolean; onPress: () => any; }' is not assignable to type '{ label: string; selected: boolean; onPress: () => void; icon?: string | undefined; style?: any; }'.
  Property 'key' does not exist on type '{ label: string; selected: boolean; onPress: () => void; icon?: string | undefined; style?: any; }'.
app/screens/address-map.tsx(1410,13): error TS17004: Cannot use JSX unless the '--jsx' flag is provided.
app/screens/address-map.tsx(1411,15): error TS17004: Cannot use JSX unless the '--jsx' flag is provided.
app/screens/address-map.tsx(1419,15): error TS17004: Cannot use JSX unless the '--jsx' flag is provided.
app/screens/address-map.tsx(1429,15): error TS17004: Cannot use JSX unless the '--jsx' flag is provided.
app/screens/address-map.tsx(1430,17): error TS17004: Cannot use JSX unless the '--jsx' flag is provided.
app/screens/address-map.tsx(1435,17): error TS17004: Cannot use JSX unless the '--jsx' flag is provided.
app/screens/address-map.tsx(1443,17): error TS17004: Cannot use JSX unless the '--jsx' flag is provided.
app/screens/address-map.tsx(1452,15): error TS17004: Cannot use JSX unless the '--jsx' flag is provided.
app/screens/address-map.tsx(1453,17): error TS17004: Cannot use JSX unless the '--jsx' flag is provided.
app/screens/address-map.tsx(1454,19): error TS17004: Cannot use JSX unless the '--jsx' flag is provided.
app/screens/address-map.tsx(1460,19): error TS17004: Cannot use JSX unless the '--jsx' flag is provided.
app/screens/address-map.tsx(1467,19): error TS17004: Cannot use JSX unless the '--jsx' flag is provided.
app/screens/address-map.tsx(1474,17): error TS17004: Cannot use JSX unless the '--jsx' flag is provided.
app/screens/address-map.tsx(1482,15): error TS17004: Cannot use JSX unless the '--jsx' flag is provided.
app/screens/address-map.tsx(1483,17): error TS17004: Cannot use JSX unless the '--jsx' flag is provided.
app/screens/address-map.tsx(1488,17): error TS17004: Cannot use JSX unless the '--jsx' flag is provided.
app/screens/address-map.tsx(1496,15): error TS17004: Cannot use JSX unless the '--jsx' flag is provided.
app/screens/address-map.tsx(1497,17): error TS17004: Cannot use JSX unless the '--jsx' flag is provided.
app/screens/address-map.tsx(1502,17): error TS17004: Cannot use JSX unless the '--jsx' flag is provided.
app/screens/address-map.tsx(1503,19): error TS17004: Cannot use JSX unless the '--jsx' flag is provided.
app/screens/address-map.tsx(1509,19): error TS17004: Cannot use JSX unless the '--jsx' flag is provided.
app/screens/address-map.tsx(1515,17): error TS17004: Cannot use JSX unless the '--jsx' flag is provided.
app/screens/address-map.tsx(1523,15): error TS17004: Cannot use JSX unless the '--jsx' flag is provided.
app/screens/address-map.tsx(1524,17): error TS17004: Cannot use JSX unless the '--jsx' flag is provided.
app/screens/address-map.tsx(1529,17): error TS17004: Cannot use JSX unless the '--jsx' flag is provided.
app/screens/address-map.tsx(1530,19): error TS17004: Cannot use JSX unless the '--jsx' flag is provided.
app/screens/address-map.tsx(1535,19): error TS17004: Cannot use JSX unless the '--jsx' flag is provided.
app/screens/address-map.tsx(1544,15): error TS17004: Cannot use JSX unless the '--jsx' flag is provided.
app/screens/address-map.tsx(1551,13): error TS17004: Cannot use JSX unless the '--jsx' flag is provided.
app/screens/address-map.tsx(1554,13): error TS17004: Cannot use JSX unless the '--jsx' flag is provided.
app/screens/address-map.tsx(1556,17): error TS17004: Cannot use JSX unless the '--jsx' flag is provided.
app/screens/address-map.tsx(1557,19): error TS2322: Type '{ key: DeliveryHandoffType; label: string; selected: boolean; onPress: () => any; }' is not assignable to type '{ label: string; selected: boolean; onPress: () => void; icon?: string | undefined; style?: any; }'.
  Property 'key' does not exist on type '{ label: string; selected: boolean; onPress: () => void; icon?: string | undefined; style?: any; }'.
app/screens/address-map.tsx(1565,15): error TS17004: Cannot use JSX unless the '--jsx' flag is provided.
app/screens/address-map.tsx(1566,17): error TS17004: Cannot use JSX unless the '--jsx' flag is provided.
app/screens/address-map.tsx(1571,17): error TS17004: Cannot use JSX unless the '--jsx' flag is provided.
app/screens/address-map.tsx(1572,19): error TS17004: Cannot use JSX unless the '--jsx' flag is provided.
app/screens/address-map.tsx(1575,54): error TS7006: Parameter 'value' implicitly has an 'any' type.
app/screens/address-map.tsx(1577,19): error TS17004: Cannot use JSX unless the '--jsx' flag is provided.
app/screens/address-map.tsx(1580,51): error TS7006: Parameter 'value' implicitly has an 'any' type.
app/screens/address-map.tsx(1582,19): error TS17004: Cannot use JSX unless the '--jsx' flag is provided.
app/screens/address-map.tsx(1585,58): error TS7006: Parameter 'value' implicitly has an 'any' type.
app/screens/address-map.tsx(1590,13): error TS17004: Cannot use JSX unless the '--jsx' flag is provided.
app/screens/address-map.tsx(1593,13): error TS17004: Cannot use JSX unless the '--jsx' flag is provided.
app/screens/address-map.tsx(1615,11): error TS17004: Cannot use JSX unless the '--jsx' flag is provided.
app/screens/address-map.tsx(1616,13): error TS17004: Cannot use JSX unless the '--jsx' flag is provided.
app/screens/address-map.tsx(1619,9): error TS17004: Cannot use JSX unless the '--jsx' flag is provided.
app/screens/address-map.tsx(1640,10): error TS17004: Cannot use JSX unless the '--jsx' flag is provided.
app/screens/address-map.tsx(1658,5): error TS17004: Cannot use JSX unless the '--jsx' flag is provided.
app/screens/address-map.tsx(1659,7): error TS17004: Cannot use JSX unless the '--jsx' flag is provided.
app/screens/address-map.tsx(1662,7): error TS17004: Cannot use JSX unless the '--jsx' flag is provided.
app/screens/analytics.tsx(1,42): error TS2307: Cannot find module 'react' or its corresponding type declarations.
app/screens/analytics.tsx(2,47): error TS2307: Cannot find module 'react-native' or its corresponding type declarations.
app/screens/analytics.tsx(3,24): error TS2307: Cannot find module 'expo-router' or its corresponding type declarations.
app/screens/analytics.tsx(5,75): error TS6142: Module '../../src/components/layout' was resolved to '/mnt/data/lousa_work/LOUSA_MOON_V1.18.22_BUILD133_PAPER_MOON_NATIVE_HANDOFF_FIX_SOURCE/src/components/layout.tsx', but '--jsx' is not set.
app/screens/analytics.tsx(6,95): error TS6142: Module '../../src/components/ui' was resolved to '/mnt/data/lousa_work/LOUSA_MOON_V1.18.22_BUILD133_PAPER_MOON_NATIVE_HANDOFF_FIX_SOURCE/src/components/ui/index.tsx', but '--jsx' is not set.
app/screens/analytics.tsx(9,26): error TS6142: Module '../../src/theme/ThemeProvider' was resolved to '/mnt/data/lousa_work/LOUSA_MOON_V1.18.22_BUILD133_PAPER_MOON_NATIVE_HANDOFF_FIX_SOURCE/src/theme/ThemeProvider.tsx', but '--jsx' is not set.
app/screens/analytics.tsx(39,53): error TS2550: Property 'fromEntries' does not exist on type 'ObjectConstructor'. Do you need to change your target library? Try changing the 'lib' compiler option to 'es2019' or later.
app/screens/analytics.tsx(44,34): error TS7006: Parameter 's' implicitly has an 'any' type.
app/screens/analytics.tsx(45,16): error TS7053: Element implicitly has an 'any' type because expression of type 'any' can't be used to index type '{ readonly ru: { readonly appBar: "Аналитика"; readonly title: "Твои наблюдения"; readonly subtitle: "Не просто графики — понятные выводы из ежедневных записей."; readonly periods: readonly ["7 дней", "30 дней", "3 месяца"]; ... 18 more ...; readonly forecasts: "проверенных прогнозов"; }; readonly en: { ...; }; read...'.
app/screens/analytics.tsx(46,24): error TS7053: Element implicitly has an 'any' type because expression of type 'any' can't be used to index type 'Record<SupportedLanguage, Record<SymptomType, string>>'.
app/screens/analytics.tsx(47,34): error TS7006: Parameter 's' implicitly has an 'any' type.
app/screens/analytics.tsx(53,39): error TS2550: Property 'values' does not exist on type 'ObjectConstructor'. Do you need to change your target library? Try changing the 'lib' compiler option to 'es2017' or later.
app/screens/analytics.tsx(53,58): error TS7006: Parameter 'a' implicitly has an 'any' type.
app/screens/analytics.tsx(53,61): error TS7006: Parameter 'b' implicitly has an 'any' type.
app/screens/analytics.tsx(60,22): error TS7006: Parameter 'log' implicitly has an 'any' type.
app/screens/analytics.tsx(60,52): error TS7006: Parameter 'item' implicitly has an 'any' type.
app/screens/analytics.tsx(60,63): error TS7053: Element implicitly has an 'any' type because expression of type 'any' can't be used to index type 'Record<SymptomType, number>'.
app/screens/analytics.tsx(60,86): error TS7053: Element implicitly has an 'any' type because expression of type 'any' can't be used to index type 'Record<SymptomType, number>'.
app/screens/analytics.tsx(61,29): error TS2550: Property 'entries' does not exist on type 'ObjectConstructor'. Do you need to change your target library? Try changing the 'lib' compiler option to 'es2017' or later.
app/screens/analytics.tsx(61,58): error TS7006: Parameter 'a' implicitly has an 'any' type.
app/screens/analytics.tsx(61,61): error TS7006: Parameter 'b' implicitly has an 'any' type.
app/screens/analytics.tsx(63,42): error TS7006: Parameter 'sum' implicitly has an 'any' type.
app/screens/analytics.tsx(63,47): error TS7006: Parameter 'item' implicitly has an 'any' type.
app/screens/analytics.tsx(64,42): error TS7006: Parameter 'sum' implicitly has an 'any' type.
app/screens/analytics.tsx(64,47): error TS7006: Parameter 'item' implicitly has an 'any' type.
app/screens/analytics.tsx(65,42): error TS7006: Parameter 'sum' implicitly has an 'any' type.
app/screens/analytics.tsx(65,47): error TS7006: Parameter 'item' implicitly has an 'any' type.
app/screens/analytics.tsx(74,7): error TS17004: Cannot use JSX unless the '--jsx' flag is provided.
app/screens/analytics.tsx(74,8): error TS2741: Property 'children' is missing in type '{ title: any; closeIcon: string; }' but required in type '{ children: React.ReactNode; title: string; closeIcon?: string | undefined; onBack?: (() => void) | undefined; backgroundVariant?: "cosmic" | "minimal" | "liquid" | undefined; keyboard?: boolean | undefined; }'.
app/screens/analytics.tsx(75,9): error TS17004: Cannot use JSX unless the '--jsx' flag is provided.
app/screens/analytics.tsx(76,11): error TS17004: Cannot use JSX unless the '--jsx' flag is provided.
app/screens/analytics.tsx(77,13): error TS17004: Cannot use JSX unless the '--jsx' flag is provided.
app/screens/analytics.tsx(77,28): error TS2580: Cannot find name 'require'. Do you need to install type definitions for node? Try `npm i --save-dev @types/node`.
app/screens/analytics.tsx(78,13): error TS17004: Cannot use JSX unless the '--jsx' flag is provided.
app/screens/analytics.tsx(79,13): error TS17004: Cannot use JSX unless the '--jsx' flag is provided.
app/screens/analytics.tsx(80,13): error TS17004: Cannot use JSX unless the '--jsx' flag is provided.
app/screens/analytics.tsx(80,46): error TS17004: Cannot use JSX unless the '--jsx' flag is provided.
app/screens/analytics.tsx(88,5): error TS17004: Cannot use JSX unless the '--jsx' flag is provided.
app/screens/analytics.tsx(88,6): error TS2741: Property 'children' is missing in type '{ title: any; closeIcon: string; }' but required in type '{ children: React.ReactNode; title: string; closeIcon?: string | undefined; onBack?: (() => void) | undefined; backgroundVariant?: "cosmic" | "minimal" | "liquid" | undefined; keyboard?: boolean | undefined; }'.
app/screens/analytics.tsx(89,7): error TS17004: Cannot use JSX unless the '--jsx' flag is provided.
app/screens/analytics.tsx(90,9): error TS17004: Cannot use JSX unless the '--jsx' flag is provided.
app/screens/analytics.tsx(92,9): error TS17004: Cannot use JSX unless the '--jsx' flag is provided.
app/screens/analytics.tsx(93,30): error TS7006: Parameter 'label' implicitly has an 'any' type.
app/screens/analytics.tsx(93,37): error TS7006: Parameter 'index' implicitly has an 'any' type.
app/screens/analytics.tsx(94,13): error TS17004: Cannot use JSX unless the '--jsx' flag is provided.
app/screens/analytics.tsx(94,25): error TS2322: Type '{ key: any; onPress: () => any; style: any[]; }' is not assignable to type 'PressScaleProps'.
  Property 'key' does not exist on type 'PressScaleProps'.
app/screens/analytics.tsx(95,15): error TS17004: Cannot use JSX unless the '--jsx' flag is provided.
app/screens/analytics.tsx(100,9): error TS17004: Cannot use JSX unless the '--jsx' flag is provided.
app/screens/analytics.tsx(101,11): error TS17004: Cannot use JSX unless the '--jsx' flag is provided.
app/screens/analytics.tsx(102,13): error TS17004: Cannot use JSX unless the '--jsx' flag is provided.
app/screens/analytics.tsx(103,13): error TS17004: Cannot use JSX unless the '--jsx' flag is provided.
app/screens/analytics.tsx(104,15): error TS17004: Cannot use JSX unless the '--jsx' flag is provided.
app/screens/analytics.tsx(105,15): error TS17004: Cannot use JSX unless the '--jsx' flag is provided.
app/screens/analytics.tsx(108,11): error TS17004: Cannot use JSX unless the '--jsx' flag is provided.
app/screens/analytics.tsx(111,9): error TS17004: Cannot use JSX unless the '--jsx' flag is provided.
app/screens/analytics.tsx(118,13): error TS17004: Cannot use JSX unless the '--jsx' flag is provided.
app/screens/analytics.tsx(119,15): error TS17004: Cannot use JSX unless the '--jsx' flag is provided.
app/screens/analytics.tsx(120,15): error TS17004: Cannot use JSX unless the '--jsx' flag is provided.
app/screens/analytics.tsx(121,15): error TS17004: Cannot use JSX unless the '--jsx' flag is provided.
app/screens/analytics.tsx(126,41): error TS17004: Cannot use JSX unless the '--jsx' flag is provided.
app/screens/analytics.tsx(127,11): error TS17004: Cannot use JSX unless the '--jsx' flag is provided.
app/screens/analytics.tsx(128,11): error TS17004: Cannot use JSX unless the '--jsx' flag is provided.
app/screens/analytics.tsx(129,13): error TS17004: Cannot use JSX unless the '--jsx' flag is provided.
app/screens/analytics.tsx(130,15): error TS17004: Cannot use JSX unless the '--jsx' flag is provided.
app/screens/analytics.tsx(131,17): error TS17004: Cannot use JSX unless the '--jsx' flag is provided.
app/screens/analytics.tsx(132,17): error TS17004: Cannot use JSX unless the '--jsx' flag is provided.
app/screens/analytics.tsx(134,15): error TS17004: Cannot use JSX unless the '--jsx' flag is provided.
app/screens/analytics.tsx(135,15): error TS17004: Cannot use JSX unless the '--jsx' flag is provided.
app/screens/analytics.tsx(136,17): error TS17004: Cannot use JSX unless the '--jsx' flag is provided.
app/screens/analytics.tsx(137,17): error TS17004: Cannot use JSX unless the '--jsx' flag is provided.
app/screens/analytics.tsx(140,13): error TS17004: Cannot use JSX unless the '--jsx' flag is provided.
app/screens/analytics.tsx(144,9): error TS17004: Cannot use JSX unless the '--jsx' flag is provided.
app/screens/analytics.tsx(145,11): error TS17004: Cannot use JSX unless the '--jsx' flag is provided.
app/screens/analytics.tsx(146,11): error TS17004: Cannot use JSX unless the '--jsx' flag is provided.
app/screens/analytics.tsx(147,13): error TS17004: Cannot use JSX unless the '--jsx' flag is provided.
app/screens/analytics.tsx(148,31): error TS7006: Parameter 'item' implicitly has an 'any' type.
app/screens/analytics.tsx(151,19): error TS17004: Cannot use JSX unless the '--jsx' flag is provided.
app/screens/analytics.tsx(152,21): error TS17004: Cannot use JSX unless the '--jsx' flag is provided.
app/screens/analytics.tsx(153,23): error TS17004: Cannot use JSX unless the '--jsx' flag is provided.
app/screens/analytics.tsx(155,21): error TS17004: Cannot use JSX unless the '--jsx' flag is provided.
app/screens/analytics.tsx(156,21): error TS17004: Cannot use JSX unless the '--jsx' flag is provided.
app/screens/analytics.tsx(164,9): error TS17004: Cannot use JSX unless the '--jsx' flag is provided.
app/screens/analytics.tsx(165,11): error TS17004: Cannot use JSX unless the '--jsx' flag is provided.
app/screens/analytics.tsx(166,11): error TS17004: Cannot use JSX unless the '--jsx' flag is provided.
app/screens/analytics.tsx(167,39): error TS7006: Parameter 'log' implicitly has an 'any' type.
app/screens/analytics.tsx(167,44): error TS7006: Parameter 'index' implicitly has an 'any' type.
app/screens/analytics.tsx(171,17): error TS17004: Cannot use JSX unless the '--jsx' flag is provided.
app/screens/analytics.tsx(172,19): error TS17004: Cannot use JSX unless the '--jsx' flag is provided.
app/screens/analytics.tsx(173,21): error TS17004: Cannot use JSX unless the '--jsx' flag is provided.
app/screens/analytics.tsx(174,23): error TS17004: Cannot use JSX unless the '--jsx' flag is provided.
app/screens/analytics.tsx(175,23): error TS17004: Cannot use JSX unless the '--jsx' flag is provided.
app/screens/analytics.tsx(177,21): error TS17004: Cannot use JSX unless the '--jsx' flag is provided.
app/screens/analytics.tsx(177,50): error TS7053: Element implicitly has an 'any' type because expression of type 'any' can't be used to index type 'Record<MoodType, string>'.
app/screens/analytics.tsx(178,21): error TS17004: Cannot use JSX unless the '--jsx' flag is provided.
app/screens/analytics.tsx(179,23): error TS17004: Cannot use JSX unless the '--jsx' flag is provided.
app/screens/analytics.tsx(180,23): error TS17004: Cannot use JSX unless the '--jsx' flag is provided.
app/screens/analytics.tsx(181,66): error TS7006: Parameter 'item' implicitly has an 'any' type.
app/screens/analytics.tsx(184,21): error TS17004: Cannot use JSX unless the '--jsx' flag is provided.
app/screens/analytics.tsx(186,62): error TS17004: Cannot use JSX unless the '--jsx' flag is provided.
app/screens/box-feedback.tsx(1,42): error TS2307: Cannot find module 'react' or its corresponding type declarations.
app/screens/box-feedback.tsx(2,51): error TS2307: Cannot find module 'react-native' or its corresponding type declarations.
app/screens/box-feedback.tsx(3,24): error TS2307: Cannot find module 'expo-router' or its corresponding type declarations.
app/screens/box-feedback.tsx(5,43): error TS6142: Module '../../src/components/layout' was resolved to '/mnt/data/lousa_work/LOUSA_MOON_V1.18.22_BUILD133_PAPER_MOON_NATIVE_HANDOFF_FIX_SOURCE/src/components/layout.tsx', but '--jsx' is not set.
app/screens/box-feedback.tsx(6,32): error TS6142: Module '../../src/components/MaterialSymbol' was resolved to '/mnt/data/lousa_work/LOUSA_MOON_V1.18.22_BUILD133_PAPER_MOON_NATIVE_HANDOFF_FIX_SOURCE/src/components/MaterialSymbol.tsx', but '--jsx' is not set.
app/screens/box-feedback.tsx(7,71): error TS6142: Module '../../src/components/ui' was resolved to '/mnt/data/lousa_work/LOUSA_MOON_V1.18.22_BUILD133_PAPER_MOON_NATIVE_HANDOFF_FIX_SOURCE/src/components/ui/index.tsx', but '--jsx' is not set.
app/screens/box-feedback.tsx(10,26): error TS6142: Module '../../src/theme/ThemeProvider' was resolved to '/mnt/data/lousa_work/LOUSA_MOON_V1.18.22_BUILD133_PAPER_MOON_NATIVE_HANDOFF_FIX_SOURCE/src/theme/ThemeProvider.tsx', but '--jsx' is not set.
app/screens/box-feedback.tsx(12,34): error TS6142: Module '../../src/features/auth/components/GuestAccountGate' was resolved to '/mnt/data/lousa_work/LOUSA_MOON_V1.18.22_BUILD133_PAPER_MOON_NATIVE_HANDOFF_FIX_SOURCE/src/features/auth/components/GuestAccountGate.tsx', but '--jsx' is not set.
app/screens/box-feedback.tsx(21,34): error TS7006: Parameter 'state' implicitly has an 'any' type.
app/screens/box-feedback.tsx(22,37): error TS7006: Parameter 'state' implicitly has an 'any' type.
app/screens/box-feedback.tsx(23,16): error TS7053: Element implicitly has an 'any' type because expression of type 'any' can't be used to index type '{ readonly ru: { readonly title: "Отзыв о боксе"; readonly intro: "Твои ответы изменят количество и состав следующего бокса."; readonly enough: "Средств хватило?"; readonly yes: "Да"; readonly no: "Нет"; ... 8 more ...; readonly saved: "Отзыв сохранён"; }; readonly en: { ...; }; readonly hy: { ...; }; }'.
app/screens/box-feedback.tsx(24,27): error TS17004: Cannot use JSX unless the '--jsx' flag is provided.
app/screens/box-feedback.tsx(25,10): error TS17004: Cannot use JSX unless the '--jsx' flag is provided.
app/screens/box-feedback.tsx(30,34): error TS7006: Parameter 'state' implicitly has an 'any' type.
app/screens/box-feedback.tsx(31,16): error TS7053: Element implicitly has an 'any' type because expression of type 'any' can't be used to index type '{ readonly ru: { readonly title: "Отзыв о боксе"; readonly intro: "Твои ответы изменят количество и состав следующего бокса."; readonly enough: "Средств хватило?"; readonly yes: "Да"; readonly no: "Нет"; ... 8 more ...; readonly saved: "Отзыв сохранён"; }; readonly en: { ...; }; readonly hy: { ...; }; }'.
app/screens/box-feedback.tsx(33,34): error TS7006: Parameter 'item' implicitly has an 'any' type.
app/screens/box-feedback.tsx(34,53): error TS7006: Parameter 'item' implicitly has an 'any' type.
app/screens/box-feedback.tsx(45,101): error TS2550: Property 'includes' does not exist on type 'string[]'. Do you need to change your target library? Try changing the 'lib' compiler option to 'es2016' or later.
app/screens/box-feedback.tsx(47,16): error TS2705: An async function or method in ES5 requires the 'Promise' constructor.  Make sure you have a declaration for the 'Promise' constructor or include 'ES2015' in your '--lib' option.
app/screens/box-feedback.tsx(75,5): error TS17004: Cannot use JSX unless the '--jsx' flag is provided.
app/screens/box-feedback.tsx(76,36): error TS17004: Cannot use JSX unless the '--jsx' flag is provided.
app/screens/box-feedback.tsx(76,48): error TS2322: Type '{ key: string; onPress: () => void; style: any[]; }' is not assignable to type 'PressScaleProps'.
  Property 'key' does not exist on type 'PressScaleProps'.
app/screens/box-feedback.tsx(76,299): error TS17004: Cannot use JSX unless the '--jsx' flag is provided.
app/screens/box-feedback.tsx(80,22): error TS17004: Cannot use JSX unless the '--jsx' flag is provided.
app/screens/box-feedback.tsx(80,23): error TS2741: Property 'children' is missing in type '{ title: any; closeIcon: string; }' but required in type '{ children: React.ReactNode; title: string; closeIcon?: string | undefined; onBack?: (() => void) | undefined; backgroundVariant?: "cosmic" | "minimal" | "liquid" | undefined; keyboard?: boolean | undefined; }'.
app/screens/box-feedback.tsx(80,77): error TS17004: Cannot use JSX unless the '--jsx' flag is provided.
app/screens/box-feedback.tsx(80,91): error TS17004: Cannot use JSX unless the '--jsx' flag is provided.
app/screens/box-feedback.tsx(82,10): error TS17004: Cannot use JSX unless the '--jsx' flag is provided.
app/screens/box-feedback.tsx(82,11): error TS2741: Property 'children' is missing in type '{ title: any; closeIcon: string; keyboard: true; }' but required in type '{ children: React.ReactNode; title: string; closeIcon?: string | undefined; onBack?: (() => void) | undefined; backgroundVariant?: "cosmic" | "minimal" | "liquid" | undefined; keyboard?: boolean | undefined; }'.
app/screens/box-feedback.tsx(83,5): error TS17004: Cannot use JSX unless the '--jsx' flag is provided.
app/screens/box-feedback.tsx(84,7): error TS17004: Cannot use JSX unless the '--jsx' flag is provided.
app/screens/box-feedback.tsx(86,7): error TS17004: Cannot use JSX unless the '--jsx' flag is provided.
app/screens/box-feedback.tsx(87,7): error TS17004: Cannot use JSX unless the '--jsx' flag is provided.
app/screens/box-feedback.tsx(87,33): error TS17004: Cannot use JSX unless the '--jsx' flag is provided.
app/screens/box-feedback.tsx(89,7): error TS17004: Cannot use JSX unless the '--jsx' flag is provided.
app/screens/box-feedback.tsx(90,7): error TS17004: Cannot use JSX unless the '--jsx' flag is provided.
app/screens/box-feedback.tsx(90,33): error TS17004: Cannot use JSX unless the '--jsx' flag is provided.
app/screens/box-feedback.tsx(90,78): error TS7006: Parameter 'item' implicitly has an 'any' type.
app/screens/box-feedback.tsx(90,87): error TS17004: Cannot use JSX unless the '--jsx' flag is provided.
app/screens/box-feedback.tsx(90,99): error TS2322: Type '{ key: any; onPress: () => void; style: any[]; }' is not assignable to type 'PressScaleProps'.
  Property 'key' does not exist on type 'PressScaleProps'.
app/screens/box-feedback.tsx(90,385): error TS17004: Cannot use JSX unless the '--jsx' flag is provided.
app/screens/box-feedback.tsx(90,560): error TS17004: Cannot use JSX unless the '--jsx' flag is provided.
app/screens/box-feedback.tsx(92,7): error TS17004: Cannot use JSX unless the '--jsx' flag is provided.
app/screens/box-feedback.tsx(93,7): error TS17004: Cannot use JSX unless the '--jsx' flag is provided.
app/screens/box-feedback.tsx(93,33): error TS17004: Cannot use JSX unless the '--jsx' flag is provided.
app/screens/box-feedback.tsx(93,81): error TS7006: Parameter 'item' implicitly has an 'any' type.
app/screens/box-feedback.tsx(93,113): error TS7006: Parameter 'item' implicitly has an 'any' type.
app/screens/box-feedback.tsx(93,122): error TS17004: Cannot use JSX unless the '--jsx' flag is provided.
app/screens/box-feedback.tsx(93,134): error TS2322: Type '{ key: any; onPress: () => void; style: any[]; }' is not assignable to type 'PressScaleProps'.
  Property 'key' does not exist on type 'PressScaleProps'.
app/screens/box-feedback.tsx(93,400): error TS17004: Cannot use JSX unless the '--jsx' flag is provided.
app/screens/box-feedback.tsx(93,574): error TS17004: Cannot use JSX unless the '--jsx' flag is provided.
app/screens/box-feedback.tsx(95,7): error TS17004: Cannot use JSX unless the '--jsx' flag is provided.
app/screens/box-feedback.tsx(96,7): error TS17004: Cannot use JSX unless the '--jsx' flag is provided.
app/screens/box-feedback.tsx(96,33): error TS17004: Cannot use JSX unless the '--jsx' flag is provided.
app/screens/box-feedback.tsx(98,7): error TS17004: Cannot use JSX unless the '--jsx' flag is provided.
app/screens/box-feedback.tsx(99,7): error TS17004: Cannot use JSX unless the '--jsx' flag is provided.
app/screens/box-feedback.tsx(100,7): error TS17004: Cannot use JSX unless the '--jsx' flag is provided.
app/screens/box-feedback.tsx(101,7): error TS17004: Cannot use JSX unless the '--jsx' flag is provided.
app/screens/box-feedback.tsx(103,7): error TS17004: Cannot use JSX unless the '--jsx' flag is provided.
app/screens/box-feedback.tsx(104,7): error TS17004: Cannot use JSX unless the '--jsx' flag is provided.
app/screens/box-feedback.tsx(104,33): error TS17004: Cannot use JSX unless the '--jsx' flag is provided.
app/screens/box-feedback.tsx(106,16): error TS17004: Cannot use JSX unless the '--jsx' flag is provided.
app/screens/box-feedback.tsx(107,7): error TS17004: Cannot use JSX unless the '--jsx' flag is provided.
app/screens/box-feedback.tsx(107,33): error TS17004: Cannot use JSX unless the '--jsx' flag is provided.
app/screens/box-feedback.tsx(114,10): error TS17004: Cannot use JSX unless the '--jsx' flag is provided.
app/screens/box-feedback.tsx(114,36): error TS17004: Cannot use JSX unless the '--jsx' flag is provided.
app/screens/box-feedback.tsx(114,91): error TS17004: Cannot use JSX unless the '--jsx' flag is provided.
app/screens/box-feedback.tsx(114,103): error TS2322: Type '{ key: number; onPress: () => void; style: any; }' is not assignable to type 'PressScaleProps'.
  Property 'key' does not exist on type 'PressScaleProps'.
app/screens/box-feedback.tsx(114,165): error TS17004: Cannot use JSX unless the '--jsx' flag is provided.
app/screens/debug.tsx(1,53): error TS2307: Cannot find module 'react' or its corresponding type declarations.
app/screens/debug.tsx(2,40): error TS2307: Cannot find module 'react-native' or its corresponding type declarations.
app/screens/debug.tsx(4,43): error TS6142: Module '../../src/components/layout' was resolved to '/mnt/data/lousa_work/LOUSA_MOON_V1.18.22_BUILD133_PAPER_MOON_NATIVE_HANDOFF_FIX_SOURCE/src/components/layout.tsx', but '--jsx' is not set.
app/screens/debug.tsx(5,44): error TS6142: Module '../../src/components/ui' was resolved to '/mnt/data/lousa_work/LOUSA_MOON_V1.18.22_BUILD133_PAPER_MOON_NATIVE_HANDOFF_FIX_SOURCE/src/components/ui/index.tsx', but '--jsx' is not set.
app/screens/debug.tsx(9,26): error TS6142: Module '../../src/theme/ThemeProvider' was resolved to '/mnt/data/lousa_work/LOUSA_MOON_V1.18.22_BUILD133_PAPER_MOON_NATIVE_HANDOFF_FIX_SOURCE/src/theme/ThemeProvider.tsx', but '--jsx' is not set.
app/screens/debug.tsx(11,23): error TS2304: Cannot find name '__DEV__'.
app/screens/debug.tsx(11,34): error TS2580: Cannot find name 'process'. Do you need to install type definitions for node? Try `npm i --save-dev @types/node`.
app/screens/debug.tsx(26,7): error TS17004: Cannot use JSX unless the '--jsx' flag is provided.
app/screens/debug.tsx(26,8): error TS2741: Property 'children' is missing in type '{ title: string; closeIcon: string; }' but required in type '{ children: React.ReactNode; title: string; closeIcon?: string | undefined; onBack?: (() => void) | undefined; backgroundVariant?: "cosmic" | "minimal" | "liquid" | undefined; keyboard?: boolean | undefined; }'.
app/screens/debug.tsx(27,9): error TS17004: Cannot use JSX unless the '--jsx' flag is provided.
app/screens/debug.tsx(28,11): error TS17004: Cannot use JSX unless the '--jsx' flag is provided.
app/screens/debug.tsx(28,60): error TS2322: Type '{ tone: "warning"; title: string; description: string; }' is not assignable to type '{ title?: string | undefined; body: string; tone?: "success" | "neutral" | "warning" | "danger" | undefined; }'.
  Property 'description' does not exist on type '{ title?: string | undefined; body: string; tone?: "success" | "neutral" | "warning" | "danger" | undefined; }'.
app/screens/debug.tsx(48,5): error TS17004: Cannot use JSX unless the '--jsx' flag is provided.
app/screens/debug.tsx(48,6): error TS2741: Property 'children' is missing in type '{ title: string; closeIcon: string; }' but required in type '{ children: React.ReactNode; title: string; closeIcon?: string | undefined; onBack?: (() => void) | undefined; backgroundVariant?: "cosmic" | "minimal" | "liquid" | undefined; keyboard?: boolean | undefined; }'.
app/screens/debug.tsx(49,7): error TS17004: Cannot use JSX unless the '--jsx' flag is provided.
app/screens/debug.tsx(51,11): error TS17004: Cannot use JSX unless the '--jsx' flag is provided.
app/screens/debug.tsx(51,81): error TS2322: Type '{ tone: "warning"; title: string; description: string; }' is not assignable to type '{ title?: string | undefined; body: string; tone?: "success" | "neutral" | "warning" | "danger" | undefined; }'.
  Property 'description' does not exist on type '{ title?: string | undefined; body: string; tone?: "success" | "neutral" | "warning" | "danger" | undefined; }'.
app/screens/debug.tsx(53,11): error TS17004: Cannot use JSX unless the '--jsx' flag is provided.
app/screens/debug.tsx(53,74): error TS2322: Type '{ tone: "success"; title: string; description: string; }' is not assignable to type '{ title?: string | undefined; body: string; tone?: "success" | "neutral" | "warning" | "danger" | undefined; }'.
  Property 'description' does not exist on type '{ title?: string | undefined; body: string; tone?: "success" | "neutral" | "warning" | "danger" | undefined; }'.
app/screens/debug.tsx(55,9): error TS17004: Cannot use JSX unless the '--jsx' flag is provided.
app/screens/debug.tsx(57,13): error TS17004: Cannot use JSX unless the '--jsx' flag is provided.
app/screens/debug.tsx(58,15): error TS17004: Cannot use JSX unless the '--jsx' flag is provided.
app/screens/debug.tsx(59,15): error TS17004: Cannot use JSX unless the '--jsx' flag is provided.
app/screens/help-assistant.tsx(1,61): error TS2307: Cannot find module 'react' or its corresponding type declarations.
app/screens/help-assistant.tsx(2,102): error TS2307: Cannot find module 'react-native' or its corresponding type declarations.
app/screens/help-assistant.tsx(3,26): error TS2307: Cannot find module 'expo-haptics' or its corresponding type declarations.
app/screens/help-assistant.tsx(5,32): error TS6142: Module '../../src/components/MaterialSymbol' was resolved to '/mnt/data/lousa_work/LOUSA_MOON_V1.18.22_BUILD133_PAPER_MOON_NATIVE_HANDOFF_FIX_SOURCE/src/components/MaterialSymbol.tsx', but '--jsx' is not set.
app/screens/help-assistant.tsx(6,29): error TS6142: Module '../../src/components/layout' was resolved to '/mnt/data/lousa_work/LOUSA_MOON_V1.18.22_BUILD133_PAPER_MOON_NATIVE_HANDOFF_FIX_SOURCE/src/components/layout.tsx', but '--jsx' is not set.
app/screens/help-assistant.tsx(7,65): error TS6142: Module '../../src/components/ui' was resolved to '/mnt/data/lousa_work/LOUSA_MOON_V1.18.22_BUILD133_PAPER_MOON_NATIVE_HANDOFF_FIX_SOURCE/src/components/ui/index.tsx', but '--jsx' is not set.
app/screens/help-assistant.tsx(9,26): error TS6142: Module '../../src/theme/ThemeProvider' was resolved to '/mnt/data/lousa_work/LOUSA_MOON_V1.18.22_BUILD133_PAPER_MOON_NATIVE_HANDOFF_FIX_SOURCE/src/theme/ThemeProvider.tsx', but '--jsx' is not set.
app/screens/help-assistant.tsx(69,34): error TS7006: Parameter 's' implicitly has an 'any' type.
app/screens/help-assistant.tsx(70,30): error TS7006: Parameter 's' implicitly has an 'any' type.
app/screens/help-assistant.tsx(71,16): error TS7053: Element implicitly has an 'any' type because expression of type 'any' can't be used to index type '{ readonly ru: { readonly appBar: "Справочник LOUSA"; readonly context: "Ответы выбраны из подготовленных материалов с учётом подтверждённых записей."; readonly contextUnknown: "Текущий день цикла не подтверждён, поэтому справочник не будет придумывать фазу."; ... 14 more ...; readonly fallback: "Я могу помочь разоб...'.
app/screens/help-assistant.tsx(73,35): error TS7006: Parameter 's' implicitly has an 'any' type.
app/screens/help-assistant.tsx(83,18): error TS7006: Parameter 'current' implicitly has an 'any' type.
app/screens/help-assistant.tsx(89,49): error TS7006: Parameter 'item' implicitly has an 'any' type.
app/screens/help-assistant.tsx(91,137): error TS7053: Element implicitly has an 'any' type because expression of type 'any' can't be used to index type '{ readonly ru: { readonly menstrual: "менструальная"; readonly follicular: "фолликулярная"; readonly ovulation: "овуляция"; readonly luteal: "лютеиновая"; }; readonly en: { readonly menstrual: "menstrual"; readonly follicular: "follicular"; readonly ovulation: "ovulation"; readonly luteal: "luteal"; }; readonly hy: ...'.
app/screens/help-assistant.tsx(100,18): error TS7006: Parameter 'current' implicitly has an 'any' type.
app/screens/help-assistant.tsx(103,18): error TS7006: Parameter 'current' implicitly has an 'any' type.
app/screens/help-assistant.tsx(108,5): error TS17004: Cannot use JSX unless the '--jsx' flag is provided.
app/screens/help-assistant.tsx(108,6): error TS2741: Property 'children' is missing in type '{ title: any; closeIcon: string; backgroundVariant: "cosmic" | "minimal"; }' but required in type '{ children: React.ReactNode; title: string; closeIcon?: string | undefined; onBack?: (() => void) | undefined; backgroundVariant?: "cosmic" | "minimal" | "liquid" | undefined; keyboard?: boolean | undefined; }'.
app/screens/help-assistant.tsx(109,7): error TS17004: Cannot use JSX unless the '--jsx' flag is provided.
app/screens/help-assistant.tsx(114,9): error TS17004: Cannot use JSX unless the '--jsx' flag is provided.
app/screens/help-assistant.tsx(115,11): error TS17004: Cannot use JSX unless the '--jsx' flag is provided.
app/screens/help-assistant.tsx(116,11): error TS17004: Cannot use JSX unless the '--jsx' flag is provided.
app/screens/help-assistant.tsx(119,9): error TS17004: Cannot use JSX unless the '--jsx' flag is provided.
app/screens/help-assistant.tsx(120,26): error TS7006: Parameter 'message' implicitly has an 'any' type.
app/screens/help-assistant.tsx(121,13): error TS17004: Cannot use JSX unless the '--jsx' flag is provided.
app/screens/help-assistant.tsx(122,32): error TS17004: Cannot use JSX unless the '--jsx' flag is provided.
app/screens/help-assistant.tsx(122,47): error TS2580: Cannot find name 'require'. Do you need to install type definitions for node? Try `npm i --save-dev @types/node`.
app/screens/help-assistant.tsx(123,15): error TS17004: Cannot use JSX unless the '--jsx' flag is provided.
app/screens/help-assistant.tsx(124,17): error TS17004: Cannot use JSX unless the '--jsx' flag is provided.
app/screens/help-assistant.tsx(125,17): error TS17004: Cannot use JSX unless the '--jsx' flag is provided.
app/screens/help-assistant.tsx(131,13): error TS17004: Cannot use JSX unless the '--jsx' flag is provided.
app/screens/help-assistant.tsx(132,34): error TS7006: Parameter 'prompt' implicitly has an 'any' type.
app/screens/help-assistant.tsx(132,45): error TS17004: Cannot use JSX unless the '--jsx' flag is provided.
app/screens/help-assistant.tsx(132,57): error TS2322: Type '{ key: any; onPress: () => void; style: any[]; }' is not assignable to type 'PressScaleProps'.
  Property 'key' does not exist on type 'PressScaleProps'.
app/screens/help-assistant.tsx(132,168): error TS17004: Cannot use JSX unless the '--jsx' flag is provided.
app/screens/help-assistant.tsx(132,224): error TS17004: Cannot use JSX unless the '--jsx' flag is provided.
app/screens/help-assistant.tsx(132,304): error TS17004: Cannot use JSX unless the '--jsx' flag is provided.
app/screens/help-assistant.tsx(135,11): error TS17004: Cannot use JSX unless the '--jsx' flag is provided.
app/screens/help-assistant.tsx(135,43): error TS17004: Cannot use JSX unless the '--jsx' flag is provided.
app/screens/help-assistant.tsx(135,128): error TS17004: Cannot use JSX unless the '--jsx' flag is provided.
app/screens/help-assistant.tsx(138,9): error TS17004: Cannot use JSX unless the '--jsx' flag is provided.
app/screens/help-assistant.tsx(139,11): error TS17004: Cannot use JSX unless the '--jsx' flag is provided.
app/screens/help-assistant.tsx(140,11): error TS17004: Cannot use JSX unless the '--jsx' flag is provided.
app/screens/help-assistant.tsx(140,12): error TS2741: Property 'children' is missing in type '{ onPress: () => void; disabled: boolean; style: any; accessibilityLabel: any; }' but required in type 'PressScaleProps'.
app/screens/help-assistant.tsx(140,128): error TS17004: Cannot use JSX unless the '--jsx' flag is provided.
app/screens/legal.tsx(1,19): error TS2307: Cannot find module 'react' or its corresponding type declarations.
app/screens/legal.tsx(2,40): error TS2307: Cannot find module 'react-native' or its corresponding type declarations.
app/screens/legal.tsx(3,38): error TS2307: Cannot find module 'expo-router' or its corresponding type declarations.
app/screens/legal.tsx(5,43): error TS6142: Module '../../src/components/layout' was resolved to '/mnt/data/lousa_work/LOUSA_MOON_V1.18.22_BUILD133_PAPER_MOON_NATIVE_HANDOFF_FIX_SOURCE/src/components/layout.tsx', but '--jsx' is not set.
app/screens/legal.tsx(6,32): error TS6142: Module '../../src/components/MaterialSymbol' was resolved to '/mnt/data/lousa_work/LOUSA_MOON_V1.18.22_BUILD133_PAPER_MOON_NATIVE_HANDOFF_FIX_SOURCE/src/components/MaterialSymbol.tsx', but '--jsx' is not set.
app/screens/legal.tsx(7,29): error TS6142: Module '../../src/components/ui' was resolved to '/mnt/data/lousa_work/LOUSA_MOON_V1.18.22_BUILD133_PAPER_MOON_NATIVE_HANDOFF_FIX_SOURCE/src/components/ui/index.tsx', but '--jsx' is not set.
app/screens/legal.tsx(9,26): error TS6142: Module '../../src/theme/ThemeProvider' was resolved to '/mnt/data/lousa_work/LOUSA_MOON_V1.18.22_BUILD133_PAPER_MOON_NATIVE_HANDOFF_FIX_SOURCE/src/theme/ThemeProvider.tsx', but '--jsx' is not set.
app/screens/legal.tsx(71,34): error TS7006: Parameter 'state' implicitly has an 'any' type.
app/screens/legal.tsx(74,19): error TS7053: Element implicitly has an 'any' type because expression of type 'any' can't be used to index type '{ readonly ru: { readonly privacy: { readonly title: "Конфиденциальность"; readonly sections: readonly [readonly ["Что хранится локально", "Настройки интерфейса сохраняются на устройстве. Чувствительные данные цикла и адреса хранятся в защищённом слое приложения."], readonly [...], readonly [...]]; }; readonly terms...'.
app/screens/legal.tsx(77,5): error TS17004: Cannot use JSX unless the '--jsx' flag is provided.
app/screens/legal.tsx(77,6): error TS2741: Property 'children' is missing in type '{ title: any; closeIcon: string; }' but required in type '{ children: React.ReactNode; title: string; closeIcon?: string | undefined; onBack?: (() => void) | undefined; backgroundVariant?: "cosmic" | "minimal" | "liquid" | undefined; keyboard?: boolean | undefined; }'.
app/screens/legal.tsx(78,7): error TS17004: Cannot use JSX unless the '--jsx' flag is provided.
app/screens/legal.tsx(79,9): error TS17004: Cannot use JSX unless the '--jsx' flag is provided.
app/screens/legal.tsx(80,11): error TS17004: Cannot use JSX unless the '--jsx' flag is provided.
app/screens/legal.tsx(81,13): error TS17004: Cannot use JSX unless the '--jsx' flag is provided.
app/screens/legal.tsx(82,13): error TS17004: Cannot use JSX unless the '--jsx' flag is provided.
app/screens/legal.tsx(85,33): error TS7031: Binding element 'title' implicitly has an 'any' type.
app/screens/legal.tsx(85,40): error TS7031: Binding element 'body' implicitly has an 'any' type.
app/screens/legal.tsx(86,11): error TS17004: Cannot use JSX unless the '--jsx' flag is provided.
app/screens/legal.tsx(87,13): error TS17004: Cannot use JSX unless the '--jsx' flag is provided.
app/screens/legal.tsx(88,13): error TS17004: Cannot use JSX unless the '--jsx' flag is provided.
app/screens/notifications.tsx(1,44): error TS2307: Cannot find module 'react' or its corresponding type declarations.
app/screens/notifications.tsx(2,67): error TS2307: Cannot find module 'react-native' or its corresponding type declarations.
app/screens/notifications.tsx(3,24): error TS2307: Cannot find module 'expo-router' or its corresponding type declarations.
app/screens/notifications.tsx(4,26): error TS2307: Cannot find module 'expo-haptics' or its corresponding type declarations.
app/screens/notifications.tsx(6,32): error TS6142: Module '../../src/components/MaterialSymbol' was resolved to '/mnt/data/lousa_work/LOUSA_MOON_V1.18.22_BUILD133_PAPER_MOON_NATIVE_HANDOFF_FIX_SOURCE/src/components/MaterialSymbol.tsx', but '--jsx' is not set.
app/screens/notifications.tsx(7,54): error TS6142: Module '../../src/components/layout' was resolved to '/mnt/data/lousa_work/LOUSA_MOON_V1.18.22_BUILD133_PAPER_MOON_NATIVE_HANDOFF_FIX_SOURCE/src/components/layout.tsx', but '--jsx' is not set.
app/screens/notifications.tsx(8,95): error TS6142: Module '../../src/components/ui' was resolved to '/mnt/data/lousa_work/LOUSA_MOON_V1.18.22_BUILD133_PAPER_MOON_NATIVE_HANDOFF_FIX_SOURCE/src/components/ui/index.tsx', but '--jsx' is not set.
app/screens/notifications.tsx(10,26): error TS6142: Module '../../src/theme/ThemeProvider' was resolved to '/mnt/data/lousa_work/LOUSA_MOON_V1.18.22_BUILD133_PAPER_MOON_NATIVE_HANDOFF_FIX_SOURCE/src/theme/ThemeProvider.tsx', but '--jsx' is not set.
app/screens/notifications.tsx(66,5): error TS17004: Cannot use JSX unless the '--jsx' flag is provided.
app/screens/notifications.tsx(66,6): error TS2741: Property 'children' is missing in type '{ disabled: boolean; onPress: () => void; style: any[]; }' but required in type 'PressScaleProps'.
app/screens/notifications.tsx(67,7): error TS17004: Cannot use JSX unless the '--jsx' flag is provided.
app/screens/notifications.tsx(75,5): error TS17004: Cannot use JSX unless the '--jsx' flag is provided.
app/screens/notifications.tsx(76,7): error TS17004: Cannot use JSX unless the '--jsx' flag is provided.
app/screens/notifications.tsx(77,7): error TS17004: Cannot use JSX unless the '--jsx' flag is provided.
app/screens/notifications.tsx(78,9): error TS17004: Cannot use JSX unless the '--jsx' flag is provided.
app/screens/notifications.tsx(79,24): error TS17004: Cannot use JSX unless the '--jsx' flag is provided.
app/screens/notifications.tsx(89,5): error TS17004: Cannot use JSX unless the '--jsx' flag is provided.
app/screens/notifications.tsx(93,11): error TS17004: Cannot use JSX unless the '--jsx' flag is provided.
app/screens/notifications.tsx(93,23): error TS2322: Type '{ key: string; disabled: boolean; onPress: () => void; style: any[]; }' is not assignable to type 'PressScaleProps'.
  Property 'key' does not exist on type 'PressScaleProps'.
app/screens/notifications.tsx(94,13): error TS17004: Cannot use JSX unless the '--jsx' flag is provided.
app/screens/notifications.tsx(104,34): error TS7006: Parameter 's' implicitly has an 'any' type.
app/screens/notifications.tsx(105,16): error TS7053: Element implicitly has an 'any' type because expression of type 'any' can't be used to index type '{ readonly ru: { readonly appBar: "Уведомления"; readonly title: "Спокойные уведомления"; readonly subtitle: "LOUSA напоминает только о важном. По умолчанию — не больше двух уведомлений в день и никаких рекламных сообщений."; ... 50 more ...; readonly lastSync: "Последняя синхронизация"; }; readonly en: { ...; }; re...'.
app/screens/notifications.tsx(110,43): error TS7006: Parameter 'item' implicitly has an 'any' type.
app/screens/notifications.tsx(112,30): error TS2705: An async function or method in ES5 requires the 'Promise' constructor.  Make sure you have a declaration for the 'Promise' constructor or include 'ES2015' in your '--lib' option.
app/screens/notifications.tsx(113,24): error TS2583: Cannot find name 'Set'. Do you need to change your target library? Try changing the 'lib' compiler option to 'es2015' or later.
app/screens/notifications.tsx(113,45): error TS7006: Parameter 'item' implicitly has an 'any' type.
app/screens/notifications.tsx(133,54): error TS7006: Parameter 'state' implicitly has an 'any' type.
app/screens/notifications.tsx(145,16): error TS2705: An async function or method in ES5 requires the 'Promise' constructor.  Make sure you have a declaration for the 'Promise' constructor or include 'ES2015' in your '--lib' option.
app/screens/notifications.tsx(160,18): error TS2705: An async function or method in ES5 requires the 'Promise' constructor.  Make sure you have a declaration for the 'Promise' constructor or include 'ES2015' in your '--lib' option.
app/screens/notifications.tsx(187,5): error TS17004: Cannot use JSX unless the '--jsx' flag is provided.
app/screens/notifications.tsx(187,6): error TS2741: Property 'children' is missing in type '{ title: any; closeIcon: string; }' but required in type '{ children: React.ReactNode; title: string; closeIcon?: string | undefined; onBack?: (() => void) | undefined; backgroundVariant?: "cosmic" | "minimal" | "liquid" | undefined; keyboard?: boolean | undefined; }'.
app/screens/notifications.tsx(188,7): error TS17004: Cannot use JSX unless the '--jsx' flag is provided.
app/screens/notifications.tsx(189,9): error TS17004: Cannot use JSX unless the '--jsx' flag is provided.
app/screens/notifications.tsx(192,9): error TS17004: Cannot use JSX unless the '--jsx' flag is provided.
app/screens/notifications.tsx(193,11): error TS17004: Cannot use JSX unless the '--jsx' flag is provided.
app/screens/notifications.tsx(194,13): error TS17004: Cannot use JSX unless the '--jsx' flag is provided.
app/screens/notifications.tsx(195,15): error TS17004: Cannot use JSX unless the '--jsx' flag is provided.
app/screens/notifications.tsx(196,15): error TS17004: Cannot use JSX unless the '--jsx' flag is provided.
app/screens/notifications.tsx(198,13): error TS17004: Cannot use JSX unless the '--jsx' flag is provided.
app/screens/notifications.tsx(199,30): error TS17004: Cannot use JSX unless the '--jsx' flag is provided.
app/screens/notifications.tsx(199,31): error TS2741: Property 'children' is missing in type '{ onPress: () => void; style: any; }' but required in type 'PressScaleProps'.
app/screens/notifications.tsx(199,165): error TS17004: Cannot use JSX unless the '--jsx' flag is provided.
app/screens/notifications.tsx(200,15): error TS17004: Cannot use JSX unless the '--jsx' flag is provided.
app/screens/notifications.tsx(200,16): error TS2741: Property 'children' is missing in type '{ onPress: () => Promise<void>; style: any; }' but required in type 'PressScaleProps'.
app/screens/notifications.tsx(200,169): error TS17004: Cannot use JSX unless the '--jsx' flag is provided.
app/screens/notifications.tsx(201,37): error TS17004: Cannot use JSX unless the '--jsx' flag is provided.
app/screens/notifications.tsx(201,38): error TS2741: Property 'children' is missing in type '{ onPress: any; style: any; }' but required in type 'PressScaleProps'.
app/screens/notifications.tsx(201,102): error TS17004: Cannot use JSX unless the '--jsx' flag is provided.
app/screens/notifications.tsx(205,13): error TS17004: Cannot use JSX unless the '--jsx' flag is provided.
app/screens/notifications.tsx(206,45): error TS7006: Parameter 'item' implicitly has an 'any' type.
app/screens/notifications.tsx(206,51): error TS7006: Parameter 'index' implicitly has an 'any' type.
app/screens/notifications.tsx(207,17): error TS17004: Cannot use JSX unless the '--jsx' flag is provided.
app/screens/notifications.tsx(208,28): error TS17004: Cannot use JSX unless the '--jsx' flag is provided.
app/screens/notifications.tsx(209,19): error TS17004: Cannot use JSX unless the '--jsx' flag is provided.
app/screens/notifications.tsx(209,20): error TS2741: Property 'children' is missing in type '{ onPress: () => void; style: any; }' but required in type 'PressScaleProps'.
app/screens/notifications.tsx(210,21): error TS17004: Cannot use JSX unless the '--jsx' flag is provided.
app/screens/notifications.tsx(211,21): error TS17004: Cannot use JSX unless the '--jsx' flag is provided.
app/screens/notifications.tsx(212,23): error TS17004: Cannot use JSX unless the '--jsx' flag is provided.
app/screens/notifications.tsx(212,58): error TS17004: Cannot use JSX unless the '--jsx' flag is provided.
app/screens/notifications.tsx(212,177): error TS17004: Cannot use JSX unless the '--jsx' flag is provided.
app/screens/notifications.tsx(213,23): error TS17004: Cannot use JSX unless the '--jsx' flag is provided.
app/screens/notifications.tsx(215,21): error TS17004: Cannot use JSX unless the '--jsx' flag is provided.
app/screens/notifications.tsx(221,13): error TS17004: Cannot use JSX unless the '--jsx' flag is provided.
app/screens/notifications.tsx(221,39): error TS17004: Cannot use JSX unless the '--jsx' flag is provided.
app/screens/notifications.tsx(224,24): error TS17004: Cannot use JSX unless the '--jsx' flag is provided.
app/screens/notifications.tsx(224,56): error TS17004: Cannot use JSX unless the '--jsx' flag is provided.
app/screens/notifications.tsx(225,31): error TS17004: Cannot use JSX unless the '--jsx' flag is provided.
app/screens/notifications.tsx(226,9): error TS17004: Cannot use JSX unless the '--jsx' flag is provided.
app/screens/notifications.tsx(227,50): error TS17004: Cannot use JSX unless the '--jsx' flag is provided.
app/screens/notifications.tsx(227,85): error TS17004: Cannot use JSX unless the '--jsx' flag is provided.
app/screens/notifications.tsx(228,11): error TS17004: Cannot use JSX unless the '--jsx' flag is provided.
app/screens/notifications.tsx(229,13): error TS17004: Cannot use JSX unless the '--jsx' flag is provided.
app/screens/notifications.tsx(229,96): error TS17004: Cannot use JSX unless the '--jsx' flag is provided.
app/screens/notifications.tsx(230,13): error TS17004: Cannot use JSX unless the '--jsx' flag is provided.
app/screens/notifications.tsx(231,13): error TS17004: Cannot use JSX unless the '--jsx' flag is provided.
app/screens/notifications.tsx(232,15): error TS17004: Cannot use JSX unless the '--jsx' flag is provided.
app/screens/notifications.tsx(234,17): error TS17004: Cannot use JSX unless the '--jsx' flag is provided.
app/screens/notifications.tsx(234,18): error TS2741: Property 'children' is missing in type '{ onPress: () => Promise<void>; style: any; }' but required in type 'PressScaleProps'.
app/screens/notifications.tsx(235,19): error TS17004: Cannot use JSX unless the '--jsx' flag is provided.
app/screens/notifications.tsx(242,9): error TS17004: Cannot use JSX unless the '--jsx' flag is provided.
app/screens/notifications.tsx(243,11): error TS17004: Cannot use JSX unless the '--jsx' flag is provided.
app/screens/notifications.tsx(244,11): error TS17004: Cannot use JSX unless the '--jsx' flag is provided.
app/screens/notifications.tsx(253,17): error TS17004: Cannot use JSX unless the '--jsx' flag is provided.
app/screens/notifications.tsx(254,28): error TS17004: Cannot use JSX unless the '--jsx' flag is provided.
app/screens/notifications.tsx(255,19): error TS17004: Cannot use JSX unless the '--jsx' flag is provided.
app/screens/notifications.tsx(255,84): error TS17004: Cannot use JSX unless the '--jsx' flag is provided.
app/screens/notifications.tsx(262,9): error TS17004: Cannot use JSX unless the '--jsx' flag is provided.
app/screens/notifications.tsx(263,11): error TS17004: Cannot use JSX unless the '--jsx' flag is provided.
app/screens/notifications.tsx(264,11): error TS17004: Cannot use JSX unless the '--jsx' flag is provided.
app/screens/notifications.tsx(265,13): error TS17004: Cannot use JSX unless the '--jsx' flag is provided.
app/screens/notifications.tsx(266,13): error TS17004: Cannot use JSX unless the '--jsx' flag is provided.
app/screens/notifications.tsx(267,13): error TS17004: Cannot use JSX unless the '--jsx' flag is provided.
app/screens/notifications.tsx(268,13): error TS17004: Cannot use JSX unless the '--jsx' flag is provided.
app/screens/notifications.tsx(270,11): error TS17004: Cannot use JSX unless the '--jsx' flag is provided.
app/screens/notifications.tsx(271,11): error TS17004: Cannot use JSX unless the '--jsx' flag is provided.
app/screens/notifications.tsx(272,13): error TS17004: Cannot use JSX unless the '--jsx' flag is provided.
app/screens/notifications.tsx(272,131): error TS17004: Cannot use JSX unless the '--jsx' flag is provided.
app/screens/notifications.tsx(276,9): error TS17004: Cannot use JSX unless the '--jsx' flag is provided.
app/screens/notifications.tsx(277,11): error TS17004: Cannot use JSX unless the '--jsx' flag is provided.
app/screens/notifications.tsx(278,11): error TS17004: Cannot use JSX unless the '--jsx' flag is provided.
app/screens/notifications.tsx(279,13): error TS17004: Cannot use JSX unless the '--jsx' flag is provided.
app/screens/notifications.tsx(279,107): error TS17004: Cannot use JSX unless the '--jsx' flag is provided.
app/screens/notifications.tsx(283,9): error TS17004: Cannot use JSX unless the '--jsx' flag is provided.
app/screens/notifications.tsx(284,11): error TS17004: Cannot use JSX unless the '--jsx' flag is provided.
app/screens/notifications.tsx(285,11): error TS17004: Cannot use JSX unless the '--jsx' flag is provided.
app/screens/notifications.tsx(286,13): error TS17004: Cannot use JSX unless the '--jsx' flag is provided.
app/screens/notifications.tsx(286,103): error TS17004: Cannot use JSX unless the '--jsx' flag is provided.
app/screens/notifications.tsx(287,13): error TS17004: Cannot use JSX unless the '--jsx' flag is provided.
app/screens/notifications.tsx(288,13): error TS17004: Cannot use JSX unless the '--jsx' flag is provided.
app/screens/notifications.tsx(288,112): error TS17004: Cannot use JSX unless the '--jsx' flag is provided.
app/screens/notifications.tsx(292,9): error TS17004: Cannot use JSX unless the '--jsx' flag is provided.
app/screens/notifications.tsx(293,11): error TS17004: Cannot use JSX unless the '--jsx' flag is provided.
app/screens/notifications.tsx(294,11): error TS17004: Cannot use JSX unless the '--jsx' flag is provided.
app/screens/notifications.tsx(295,13): error TS17004: Cannot use JSX unless the '--jsx' flag is provided.
app/screens/notifications.tsx(295,14): error TS2741: Property 'children' is missing in type '{ disabled: boolean; onPress: () => Promise<void>; style: any[]; }' but required in type 'PressScaleProps'.
app/screens/notifications.tsx(295,79): error TS2705: An async function or method in ES5 requires the 'Promise' constructor.  Make sure you have a declaration for the 'Promise' constructor or include 'ES2015' in your '--lib' option.
app/screens/notifications.tsx(296,15): error TS17004: Cannot use JSX unless the '--jsx' flag is provided.
app/screens/notifications.tsx(297,15): error TS17004: Cannot use JSX unless the '--jsx' flag is provided.
app/screens/notifications.tsx(299,13): error TS17004: Cannot use JSX unless the '--jsx' flag is provided.
app/screens/period-editor.tsx(1,42): error TS2307: Cannot find module 'react' or its corresponding type declarations.
app/screens/period-editor.tsx(2,58): error TS2307: Cannot find module 'react-native' or its corresponding type declarations.
app/screens/period-editor.tsx(3,46): error TS2307: Cannot find module 'expo-router' or its corresponding type declarations.
app/screens/period-editor.tsx(5,36): error TS6142: Module '../../src/components/DateCalendarPicker' was resolved to '/mnt/data/lousa_work/LOUSA_MOON_V1.18.22_BUILD133_PAPER_MOON_NATIVE_HANDOFF_FIX_SOURCE/src/components/DateCalendarPicker.tsx', but '--jsx' is not set.
app/screens/period-editor.tsx(6,43): error TS6142: Module '../../src/components/layout' was resolved to '/mnt/data/lousa_work/LOUSA_MOON_V1.18.22_BUILD133_PAPER_MOON_NATIVE_HANDOFF_FIX_SOURCE/src/components/layout.tsx', but '--jsx' is not set.
app/screens/period-editor.tsx(7,32): error TS6142: Module '../../src/components/MaterialSymbol' was resolved to '/mnt/data/lousa_work/LOUSA_MOON_V1.18.22_BUILD133_PAPER_MOON_NATIVE_HANDOFF_FIX_SOURCE/src/components/MaterialSymbol.tsx', but '--jsx' is not set.
app/screens/period-editor.tsx(8,86): error TS6142: Module '../../src/components/ui' was resolved to '/mnt/data/lousa_work/LOUSA_MOON_V1.18.22_BUILD133_PAPER_MOON_NATIVE_HANDOFF_FIX_SOURCE/src/components/ui/index.tsx', but '--jsx' is not set.
app/screens/period-editor.tsx(11,26): error TS6142: Module '../../src/theme/ThemeProvider' was resolved to '/mnt/data/lousa_work/LOUSA_MOON_V1.18.22_BUILD133_PAPER_MOON_NATIVE_HANDOFF_FIX_SOURCE/src/theme/ThemeProvider.tsx', but '--jsx' is not set.
app/screens/period-editor.tsx(38,34): error TS7006: Parameter 'state' implicitly has an 'any' type.
app/screens/period-editor.tsx(39,16): error TS7053: Element implicitly has an 'any' type because expression of type 'any' can't be used to index type '{ readonly ru: { readonly title: "Редактор менструации"; readonly start: "Первый день"; readonly end: "Последний день"; readonly noEnd: "Ещё продолжается"; readonly flow: "Интенсивность по дням"; ... 15 more ...; readonly flows: { ...; }; }; readonly en: { ...; }; readonly hy: { ...; }; }'.
app/screens/period-editor.tsx(41,58): error TS7006: Parameter 'item' implicitly has an 'any' type.
app/screens/period-editor.tsx(55,18): error TS2550: Property 'from' does not exist on type 'ArrayConstructor'. Do you need to change your target library? Try changing the 'lib' compiler option to 'es2015' or later.
app/screens/period-editor.tsx(55,36): error TS7006: Parameter '_' implicitly has an 'any' type.
app/screens/period-editor.tsx(55,39): error TS7006: Parameter 'index' implicitly has an 'any' type.
app/screens/period-editor.tsx(101,5): error TS17004: Cannot use JSX unless the '--jsx' flag is provided.
app/screens/period-editor.tsx(101,6): error TS2741: Property 'children' is missing in type '{ title: any; closeIcon: string; keyboard: true; }' but required in type '{ children: React.ReactNode; title: string; closeIcon?: string | undefined; onBack?: (() => void) | undefined; backgroundVariant?: "cosmic" | "minimal" | "liquid" | undefined; keyboard?: boolean | undefined; }'.
app/screens/period-editor.tsx(102,7): error TS17004: Cannot use JSX unless the '--jsx' flag is provided.
app/screens/period-editor.tsx(103,21): error TS17004: Cannot use JSX unless the '--jsx' flag is provided.
app/screens/period-editor.tsx(103,22): error TS2741: Property 'body' is missing in type '{ tone: "warning"; title: any; }' but required in type '{ title?: string | undefined; body: string; tone?: "success" | "neutral" | "warning" | "danger" | undefined; }'.
app/screens/period-editor.tsx(104,9): error TS17004: Cannot use JSX unless the '--jsx' flag is provided.
app/screens/period-editor.tsx(105,9): error TS17004: Cannot use JSX unless the '--jsx' flag is provided.
app/screens/period-editor.tsx(107,9): error TS17004: Cannot use JSX unless the '--jsx' flag is provided.
app/screens/period-editor.tsx(108,9): error TS17004: Cannot use JSX unless the '--jsx' flag is provided.
app/screens/period-editor.tsx(109,11): error TS17004: Cannot use JSX unless the '--jsx' flag is provided.
app/screens/period-editor.tsx(109,12): error TS2741: Property 'children' is missing in type '{ onPress: () => any; style: any[]; }' but required in type 'PressScaleProps'.
app/screens/period-editor.tsx(110,13): error TS17004: Cannot use JSX unless the '--jsx' flag is provided.
app/screens/period-editor.tsx(111,13): error TS17004: Cannot use JSX unless the '--jsx' flag is provided.
app/screens/period-editor.tsx(114,29): error TS17004: Cannot use JSX unless the '--jsx' flag is provided.
app/screens/period-editor.tsx(115,11): error TS17004: Cannot use JSX unless the '--jsx' flag is provided.
app/screens/period-editor.tsx(115,12): error TS2741: Property 'children' is missing in type '{ onPress: () => any; style: any[]; }' but required in type 'PressScaleProps'.
app/screens/period-editor.tsx(116,13): error TS17004: Cannot use JSX unless the '--jsx' flag is provided.
app/screens/period-editor.tsx(120,9): error TS17004: Cannot use JSX unless the '--jsx' flag is provided.
app/screens/period-editor.tsx(121,20): error TS7006: Parameter 'date' implicitly has an 'any' type.
app/screens/period-editor.tsx(122,11): error TS17004: Cannot use JSX unless the '--jsx' flag is provided.
app/screens/period-editor.tsx(123,13): error TS17004: Cannot use JSX unless the '--jsx' flag is provided.
app/screens/period-editor.tsx(124,13): error TS17004: Cannot use JSX unless the '--jsx' flag is provided.
app/screens/period-editor.tsx(126,17): error TS17004: Cannot use JSX unless the '--jsx' flag is provided.
app/screens/period-editor.tsx(126,29): error TS2322: Type '{ key: FlowLevel; onPress: () => any; style: any[]; }' is not assignable to type 'PressScaleProps'.
  Property 'key' does not exist on type 'PressScaleProps'.
app/screens/period-editor.tsx(126,69): error TS7006: Parameter 'current' implicitly has an 'any' type.
app/screens/period-editor.tsx(127,19): error TS17004: Cannot use JSX unless the '--jsx' flag is provided.
app/screens/period-editor.tsx(131,13): error TS17004: Cannot use JSX unless the '--jsx' flag is provided.
app/screens/period-editor.tsx(132,15): error TS17004: Cannot use JSX unless the '--jsx' flag is provided.
app/screens/period-editor.tsx(132,124): error TS7006: Parameter 'current' implicitly has an 'any' type.
app/screens/period-editor.tsx(133,15): error TS17004: Cannot use JSX unless the '--jsx' flag is provided.
app/screens/period-editor.tsx(133,144): error TS7006: Parameter 'current' implicitly has an 'any' type.
app/screens/period-editor.tsx(135,13): error TS17004: Cannot use JSX unless the '--jsx' flag is provided.
app/screens/period-editor.tsx(136,13): error TS17004: Cannot use JSX unless the '--jsx' flag is provided.
app/screens/period-editor.tsx(138,17): error TS17004: Cannot use JSX unless the '--jsx' flag is provided.
app/screens/period-editor.tsx(138,29): error TS2322: Type '{ key: string; onPress: () => any; style: any[]; }' is not assignable to type 'PressScaleProps'.
  Property 'key' does not exist on type 'PressScaleProps'.
app/screens/period-editor.tsx(138,86): error TS7006: Parameter 'current' implicitly has an 'any' type.
app/screens/period-editor.tsx(139,19): error TS17004: Cannot use JSX unless the '--jsx' flag is provided.
app/screens/period-editor.tsx(143,13): error TS17004: Cannot use JSX unless the '--jsx' flag is provided.
app/screens/period-editor.tsx(145,30): error TS7006: Parameter 'value' implicitly has an 'any' type.
app/screens/period-editor.tsx(145,55): error TS7006: Parameter 'current' implicitly has an 'any' type.
app/screens/period-editor.tsx(153,9): error TS17004: Cannot use JSX unless the '--jsx' flag is provided.
app/screens/period-editor.tsx(155,11): error TS17004: Cannot use JSX unless the '--jsx' flag is provided.
app/screens/period-editor.tsx(155,12): error TS2741: Property 'children' is missing in type '{ onPress: () => void; style: any; }' but required in type 'PressScaleProps'.
app/screens/period-editor.tsx(156,13): error TS17004: Cannot use JSX unless the '--jsx' flag is provided.
app/screens/period-editor.tsx(157,13): error TS17004: Cannot use JSX unless the '--jsx' flag is provided.
app/screens/period-editor.tsx(168,5): error TS17004: Cannot use JSX unless the '--jsx' flag is provided.
app/screens/period-editor.tsx(169,7): error TS17004: Cannot use JSX unless the '--jsx' flag is provided.
app/screens/period-editor.tsx(170,7): error TS17004: Cannot use JSX unless the '--jsx' flag is provided.
app/screens/period-editor.tsx(171,9): error TS17004: Cannot use JSX unless the '--jsx' flag is provided.
app/screens/period-editor.tsx(171,10): error TS2741: Property 'children' is missing in type '{ onPress: () => void; style: any; }' but required in type 'PressScaleProps'.
app/screens/period-editor.tsx(171,99): error TS17004: Cannot use JSX unless the '--jsx' flag is provided.
app/screens/period-editor.tsx(172,9): error TS17004: Cannot use JSX unless the '--jsx' flag is provided.
app/screens/period-editor.tsx(173,9): error TS17004: Cannot use JSX unless the '--jsx' flag is provided.
app/screens/period-editor.tsx(173,10): error TS2741: Property 'children' is missing in type '{ onPress: () => void; style: any; }' but required in type 'PressScaleProps'.
app/screens/period-editor.tsx(173,101): error TS17004: Cannot use JSX unless the '--jsx' flag is provided.
app/screens/period-review.tsx(1,32): error TS2307: Cannot find module 'react' or its corresponding type declarations.
app/screens/period-review.tsx(2,47): error TS2307: Cannot find module 'react-native' or its corresponding type declarations.
app/screens/period-review.tsx(3,24): error TS2307: Cannot find module 'expo-router' or its corresponding type declarations.
app/screens/period-review.tsx(5,43): error TS6142: Module '../../src/components/layout' was resolved to '/mnt/data/lousa_work/LOUSA_MOON_V1.18.22_BUILD133_PAPER_MOON_NATIVE_HANDOFF_FIX_SOURCE/src/components/layout.tsx', but '--jsx' is not set.
app/screens/period-review.tsx(6,32): error TS6142: Module '../../src/components/MaterialSymbol' was resolved to '/mnt/data/lousa_work/LOUSA_MOON_V1.18.22_BUILD133_PAPER_MOON_NATIVE_HANDOFF_FIX_SOURCE/src/components/MaterialSymbol.tsx', but '--jsx' is not set.
app/screens/period-review.tsx(7,56): error TS6142: Module '../../src/components/ui' was resolved to '/mnt/data/lousa_work/LOUSA_MOON_V1.18.22_BUILD133_PAPER_MOON_NATIVE_HANDOFF_FIX_SOURCE/src/components/ui/index.tsx', but '--jsx' is not set.
app/screens/period-review.tsx(9,26): error TS6142: Module '../../src/theme/ThemeProvider' was resolved to '/mnt/data/lousa_work/LOUSA_MOON_V1.18.22_BUILD133_PAPER_MOON_NATIVE_HANDOFF_FIX_SOURCE/src/theme/ThemeProvider.tsx', but '--jsx' is not set.
app/screens/period-review.tsx(34,34): error TS7006: Parameter 'state' implicitly has an 'any' type.
app/screens/period-review.tsx(35,16): error TS7053: Element implicitly has an 'any' type because expression of type 'any' can't be used to index type '{ readonly ru: { readonly title: "Проверка перенесённых дат"; readonly intro: "Подтверди, исправь или удали каждую перенесённую запись. После проверки LOUSA сможет использовать её для прогноза."; ... 8 more ...; readonly source: "Перенесено из старой версии"; }; readonly en: { ...; }; readonly hy: { ...; }; }'.
app/screens/period-review.tsx(38,39): error TS7006: Parameter 'record' implicitly has an 'any' type.
app/screens/period-review.tsx(50,5): error TS17004: Cannot use JSX unless the '--jsx' flag is provided.
app/screens/period-review.tsx(50,6): error TS2741: Property 'children' is missing in type '{ title: any; closeIcon: string; }' but required in type '{ children: React.ReactNode; title: string; closeIcon?: string | undefined; onBack?: (() => void) | undefined; backgroundVariant?: "cosmic" | "minimal" | "liquid" | undefined; keyboard?: boolean | undefined; }'.
app/screens/period-review.tsx(51,7): error TS17004: Cannot use JSX unless the '--jsx' flag is provided.
app/screens/period-review.tsx(53,11): error TS17004: Cannot use JSX unless the '--jsx' flag is provided.
app/screens/period-review.tsx(54,13): error TS17004: Cannot use JSX unless the '--jsx' flag is provided.
app/screens/period-review.tsx(55,15): error TS17004: Cannot use JSX unless the '--jsx' flag is provided.
app/screens/period-review.tsx(56,15): error TS17004: Cannot use JSX unless the '--jsx' flag is provided.
app/screens/period-review.tsx(61,40): error TS7006: Parameter 'record' implicitly has an 'any' type.
app/screens/period-review.tsx(62,11): error TS17004: Cannot use JSX unless the '--jsx' flag is provided.
app/screens/period-review.tsx(63,13): error TS17004: Cannot use JSX unless the '--jsx' flag is provided.
app/screens/period-review.tsx(64,15): error TS17004: Cannot use JSX unless the '--jsx' flag is provided.
app/screens/period-review.tsx(65,17): error TS17004: Cannot use JSX unless the '--jsx' flag is provided.
app/screens/period-review.tsx(66,17): error TS17004: Cannot use JSX unless the '--jsx' flag is provided.
app/screens/period-review.tsx(68,15): error TS17004: Cannot use JSX unless the '--jsx' flag is provided.
app/screens/period-review.tsx(69,17): error TS17004: Cannot use JSX unless the '--jsx' flag is provided.
app/screens/period-review.tsx(72,13): error TS17004: Cannot use JSX unless the '--jsx' flag is provided.
app/screens/period-review.tsx(73,15): error TS17004: Cannot use JSX unless the '--jsx' flag is provided.
app/screens/period-review.tsx(73,16): error TS2741: Property 'children' is missing in type '{ onPress: () => any; style: any[]; }' but required in type 'PressScaleProps'.
app/screens/period-review.tsx(74,17): error TS17004: Cannot use JSX unless the '--jsx' flag is provided.
app/screens/period-review.tsx(76,15): error TS17004: Cannot use JSX unless the '--jsx' flag is provided.
app/screens/period-review.tsx(76,16): error TS2741: Property 'children' is missing in type '{ onPress: () => any; style: any[]; }' but required in type 'PressScaleProps'.
app/screens/period-review.tsx(77,17): error TS17004: Cannot use JSX unless the '--jsx' flag is provided.
app/screens/period-review.tsx(79,15): error TS17004: Cannot use JSX unless the '--jsx' flag is provided.
app/screens/period-review.tsx(79,16): error TS2741: Property 'children' is missing in type '{ onPress: () => void; style: any; }' but required in type 'PressScaleProps'.
app/screens/period-review.tsx(80,17): error TS17004: Cannot use JSX unless the '--jsx' flag is provided.
app/screens/period-review.tsx(85,11): error TS17004: Cannot use JSX unless the '--jsx' flag is provided.
app/screens/period-review.tsx(86,13): error TS17004: Cannot use JSX unless the '--jsx' flag is provided.
app/screens/period-review.tsx(87,15): error TS17004: Cannot use JSX unless the '--jsx' flag is provided.
app/screens/period-review.tsx(88,15): error TS17004: Cannot use JSX unless the '--jsx' flag is provided.
app/screens/period-review.tsx(93,9): error TS17004: Cannot use JSX unless the '--jsx' flag is provided.
app/screens/profile.tsx(1,42): error TS2307: Cannot find module 'react' or its corresponding type declarations.
app/screens/profile.tsx(2,84): error TS2307: Cannot find module 'react-native' or its corresponding type declarations.
app/screens/profile.tsx(3,24): error TS2307: Cannot find module 'expo-router' or its corresponding type declarations.
app/screens/profile.tsx(4,26): error TS2307: Cannot find module 'expo-haptics' or its corresponding type declarations.
app/screens/profile.tsx(6,32): error TS6142: Module '../../src/components/MaterialSymbol' was resolved to '/mnt/data/lousa_work/LOUSA_MOON_V1.18.22_BUILD133_PAPER_MOON_NATIVE_HANDOFF_FIX_SOURCE/src/components/MaterialSymbol.tsx', but '--jsx' is not set.
app/screens/profile.tsx(7,75): error TS6142: Module '../../src/components/layout' was resolved to '/mnt/data/lousa_work/LOUSA_MOON_V1.18.22_BUILD133_PAPER_MOON_NATIVE_HANDOFF_FIX_SOURCE/src/components/layout.tsx', but '--jsx' is not set.
app/screens/profile.tsx(8,122): error TS6142: Module '../../src/components/ui' was resolved to '/mnt/data/lousa_work/LOUSA_MOON_V1.18.22_BUILD133_PAPER_MOON_NATIVE_HANDOFF_FIX_SOURCE/src/components/ui/index.tsx', but '--jsx' is not set.
app/screens/profile.tsx(10,26): error TS6142: Module '../../src/theme/ThemeProvider' was resolved to '/mnt/data/lousa_work/LOUSA_MOON_V1.18.22_BUILD133_PAPER_MOON_NATIVE_HANDOFF_FIX_SOURCE/src/theme/ThemeProvider.tsx', but '--jsx' is not set.
app/screens/profile.tsx(49,5): error TS17004: Cannot use JSX unless the '--jsx' flag is provided.
app/screens/profile.tsx(49,6): error TS2741: Property 'children' is missing in type '{ onPress: () => void; style: any; accessibilityLabel: string; }' but required in type 'PressScaleProps'.
app/screens/profile.tsx(50,7): error TS17004: Cannot use JSX unless the '--jsx' flag is provided.
app/screens/profile.tsx(51,9): error TS17004: Cannot use JSX unless the '--jsx' flag is provided.
app/screens/profile.tsx(52,9): error TS17004: Cannot use JSX unless the '--jsx' flag is provided.
app/screens/profile.tsx(54,7): error TS17004: Cannot use JSX unless the '--jsx' flag is provided.
app/screens/profile.tsx(55,18): error TS17004: Cannot use JSX unless the '--jsx' flag is provided.
app/screens/profile.tsx(56,9): error TS17004: Cannot use JSX unless the '--jsx' flag is provided.
app/screens/profile.tsx(65,34): error TS7006: Parameter 's' implicitly has an 'any' type.
app/screens/profile.tsx(66,16): error TS7053: Element implicitly has an 'any' type because expression of type 'any' can't be used to index type '{ readonly ru: { readonly appBar: "Профиль"; readonly title: "Твоё пространство"; readonly subtitle: "Личные данные, цикл, подписка и приватность — в одном месте."; readonly edit: "Изменить имя"; ... 48 more ...; readonly logoutConfirm: "Выйти"; }; readonly en: { ...; }; readonly hy: { ...; }; }'.
app/screens/profile.tsx(67,30): error TS7006: Parameter 's' implicitly has an 'any' type.
app/screens/profile.tsx(68,31): error TS7006: Parameter 's' implicitly has an 'any' type.
app/screens/profile.tsx(69,31): error TS7006: Parameter 's' implicitly has an 'any' type.
app/screens/profile.tsx(70,33): error TS7006: Parameter 's' implicitly has an 'any' type.
app/screens/profile.tsx(71,35): error TS7006: Parameter 's' implicitly has an 'any' type.
app/screens/profile.tsx(72,35): error TS7006: Parameter 's' implicitly has an 'any' type.
app/screens/profile.tsx(73,35): error TS7006: Parameter 's' implicitly has an 'any' type.
app/screens/profile.tsx(74,37): error TS7006: Parameter 's' implicitly has an 'any' type.
app/screens/profile.tsx(75,54): error TS7006: Parameter 's' implicitly has an 'any' type.
app/screens/profile.tsx(76,56): error TS7006: Parameter 's' implicitly has an 'any' type.
app/screens/profile.tsx(77,41): error TS7006: Parameter 's' implicitly has an 'any' type.
app/screens/profile.tsx(78,42): error TS7006: Parameter 's' implicitly has an 'any' type.
app/screens/profile.tsx(79,40): error TS7006: Parameter 's' implicitly has an 'any' type.
app/screens/profile.tsx(80,44): error TS7006: Parameter 's' implicitly has an 'any' type.
app/screens/profile.tsx(81,50): error TS7006: Parameter 's' implicitly has an 'any' type.
app/screens/profile.tsx(82,37): error TS7006: Parameter 's' implicitly has an 'any' type.
app/screens/profile.tsx(83,40): error TS7006: Parameter 's' implicitly has an 'any' type.
app/screens/profile.tsx(91,21): error TS2705: An async function or method in ES5 requires the 'Promise' constructor.  Make sure you have a declaration for the 'Promise' constructor or include 'ES2015' in your '--lib' option.
app/screens/profile.tsx(122,48): error TS2550: Property 'finally' does not exist on type 'Promise<void>'. Do you need to change your target library? Try changing the 'lib' compiler option to 'es2018' or later.
app/screens/profile.tsx(133,11): error TS2585: 'Promise' only refers to a type, but is being used as a value here. Do you need to change your target library? Try changing the 'lib' compiler option to es2015 or later.
app/screens/profile.tsx(142,5): error TS17004: Cannot use JSX unless the '--jsx' flag is provided.
app/screens/profile.tsx(142,6): error TS2741: Property 'children' is missing in type '{ title: any; closeIcon: string; }' but required in type '{ children: React.ReactNode; title: string; closeIcon?: string | undefined; onBack?: (() => void) | undefined; backgroundVariant?: "cosmic" | "minimal" | "liquid" | undefined; keyboard?: boolean | undefined; }'.
app/screens/profile.tsx(143,7): error TS17004: Cannot use JSX unless the '--jsx' flag is provided.
app/screens/profile.tsx(144,9): error TS17004: Cannot use JSX unless the '--jsx' flag is provided.
app/screens/profile.tsx(145,9): error TS17004: Cannot use JSX unless the '--jsx' flag is provided.
app/screens/profile.tsx(146,11): error TS17004: Cannot use JSX unless the '--jsx' flag is provided.
app/screens/profile.tsx(146,12): error TS2741: Property 'children' is missing in type '{ onPress: () => any; style: any; accessibilityLabel: any; }' but required in type 'PressScaleProps'.
app/screens/profile.tsx(147,13): error TS17004: Cannot use JSX unless the '--jsx' flag is provided.
app/screens/profile.tsx(148,15): error TS17004: Cannot use JSX unless the '--jsx' flag is provided.
app/screens/profile.tsx(149,58): error TS2580: Cannot find name 'require'. Do you need to install type definitions for node? Try `npm i --save-dev @types/node`.
app/screens/profile.tsx(152,15): error TS17004: Cannot use JSX unless the '--jsx' flag is provided.
app/screens/profile.tsx(152,67): error TS17004: Cannot use JSX unless the '--jsx' flag is provided.
app/screens/profile.tsx(152,117): error TS17004: Cannot use JSX unless the '--jsx' flag is provided.
app/screens/profile.tsx(156,11): error TS17004: Cannot use JSX unless the '--jsx' flag is provided.
app/screens/profile.tsx(158,15): error TS17004: Cannot use JSX unless the '--jsx' flag is provided.
app/screens/profile.tsx(159,17): error TS17004: Cannot use JSX unless the '--jsx' flag is provided.
app/screens/profile.tsx(169,17): error TS17004: Cannot use JSX unless the '--jsx' flag is provided.
app/screens/profile.tsx(169,18): error TS2741: Property 'children' is missing in type '{ onPress: () => void; style: any; }' but required in type 'PressScaleProps'.
app/screens/profile.tsx(169,74): error TS17004: Cannot use JSX unless the '--jsx' flag is provided.
app/screens/profile.tsx(172,15): error TS17004: Cannot use JSX unless the '--jsx' flag is provided.
app/screens/profile.tsx(173,17): error TS17004: Cannot use JSX unless the '--jsx' flag is provided.
app/screens/profile.tsx(174,17): error TS17004: Cannot use JSX unless the '--jsx' flag is provided.
app/screens/profile.tsx(174,18): error TS2741: Property 'children' is missing in type '{ onPress: () => void; style: any; accessibilityLabel: any; }' but required in type 'PressScaleProps'.
app/screens/profile.tsx(175,19): error TS17004: Cannot use JSX unless the '--jsx' flag is provided.
app/screens/profile.tsx(179,13): error TS17004: Cannot use JSX unless the '--jsx' flag is provided.
app/screens/profile.tsx(184,11): error TS17004: Cannot use JSX unless the '--jsx' flag is provided.
app/screens/profile.tsx(185,13): error TS17004: Cannot use JSX unless the '--jsx' flag is provided.
app/screens/profile.tsx(186,13): error TS17004: Cannot use JSX unless the '--jsx' flag is provided.
app/screens/profile.tsx(187,13): error TS17004: Cannot use JSX unless the '--jsx' flag is provided.
app/screens/profile.tsx(191,9): error TS17004: Cannot use JSX unless the '--jsx' flag is provided.
app/screens/profile.tsx(198,13): error TS17004: Cannot use JSX unless the '--jsx' flag is provided.
app/screens/profile.tsx(199,15): error TS17004: Cannot use JSX unless the '--jsx' flag is provided.
app/screens/profile.tsx(200,15): error TS17004: Cannot use JSX unless the '--jsx' flag is provided.
app/screens/profile.tsx(201,15): error TS17004: Cannot use JSX unless the '--jsx' flag is provided.
app/screens/profile.tsx(206,9): error TS17004: Cannot use JSX unless the '--jsx' flag is provided.
app/screens/profile.tsx(207,11): error TS17004: Cannot use JSX unless the '--jsx' flag is provided.
app/screens/profile.tsx(208,11): error TS17004: Cannot use JSX unless the '--jsx' flag is provided.
app/screens/profile.tsx(209,29): error TS17004: Cannot use JSX unless the '--jsx' flag is provided.
app/screens/profile.tsx(210,15): error TS17004: Cannot use JSX unless the '--jsx' flag is provided.
app/screens/profile.tsx(211,15): error TS17004: Cannot use JSX unless the '--jsx' flag is provided.
app/screens/profile.tsx(212,15): error TS17004: Cannot use JSX unless the '--jsx' flag is provided.
app/screens/profile.tsx(213,15): error TS17004: Cannot use JSX unless the '--jsx' flag is provided.
app/screens/profile.tsx(214,15): error TS17004: Cannot use JSX unless the '--jsx' flag is provided.
app/screens/profile.tsx(215,15): error TS17004: Cannot use JSX unless the '--jsx' flag is provided.
app/screens/profile.tsx(216,15): error TS17004: Cannot use JSX unless the '--jsx' flag is provided.
app/screens/profile.tsx(217,15): error TS17004: Cannot use JSX unless the '--jsx' flag is provided.
app/screens/profile.tsx(219,13): error TS17004: Cannot use JSX unless the '--jsx' flag is provided.
app/screens/profile.tsx(220,13): error TS17004: Cannot use JSX unless the '--jsx' flag is provided.
app/screens/profile.tsx(221,40): error TS17004: Cannot use JSX unless the '--jsx' flag is provided.
app/screens/profile.tsx(222,15): error TS17004: Cannot use JSX unless the '--jsx' flag is provided.
app/screens/profile.tsx(222,105): error TS7006: Parameter 'item' implicitly has an 'any' type.
app/screens/profile.tsx(223,15): error TS17004: Cannot use JSX unless the '--jsx' flag is provided.
app/screens/profile.tsx(225,13): error TS17004: Cannot use JSX unless the '--jsx' flag is provided.
app/screens/profile.tsx(226,13): error TS17004: Cannot use JSX unless the '--jsx' flag is provided.
app/screens/profile.tsx(227,13): error TS17004: Cannot use JSX unless the '--jsx' flag is provided.
app/screens/profile.tsx(228,13): error TS17004: Cannot use JSX unless the '--jsx' flag is provided.
app/screens/profile.tsx(229,13): error TS17004: Cannot use JSX unless the '--jsx' flag is provided.
app/screens/profile.tsx(230,13): error TS17004: Cannot use JSX unless the '--jsx' flag is provided.
app/screens/profile.tsx(231,13): error TS17004: Cannot use JSX unless the '--jsx' flag is provided.
app/screens/profile.tsx(232,13): error TS17004: Cannot use JSX unless the '--jsx' flag is provided.
app/screens/profile.tsx(233,13): error TS17004: Cannot use JSX unless the '--jsx' flag is provided.
app/screens/profile.tsx(237,9): error TS17004: Cannot use JSX unless the '--jsx' flag is provided.
app/screens/profile.tsx(237,10): error TS2741: Property 'children' is missing in type '{ onPress: () => void; style: any; accessibilityLabel: any; }' but required in type 'PressScaleProps'.
app/screens/profile.tsx(238,11): error TS17004: Cannot use JSX unless the '--jsx' flag is provided.
app/screens/profile.tsx(239,11): error TS17004: Cannot use JSX unless the '--jsx' flag is provided.
app/screens/profile.tsx(244,9): error TS17004: Cannot use JSX unless the '--jsx' flag is provided.
app/screens/profile.tsx(245,11): error TS17004: Cannot use JSX unless the '--jsx' flag is provided.
app/screens/profile.tsx(245,12): error TS2741: Property 'children' is missing in type '{ onPress: () => any; style: any; haptic: false; }' but required in type 'PressScaleProps'.
app/screens/profile.tsx(245,109): error TS17004: Cannot use JSX unless the '--jsx' flag is provided.
app/screens/profile.tsx(246,11): error TS17004: Cannot use JSX unless the '--jsx' flag is provided.
app/screens/profile.tsx(247,13): error TS17004: Cannot use JSX unless the '--jsx' flag is provided.
app/screens/profile.tsx(248,13): error TS17004: Cannot use JSX unless the '--jsx' flag is provided.
app/screens/profile.tsx(250,15): error TS17004: Cannot use JSX unless the '--jsx' flag is provided.
app/screens/profile.tsx(250,16): error TS2741: Property 'children' is missing in type '{ onPress: () => void; style: any; }' but required in type 'PressScaleProps'.
app/screens/profile.tsx(250,74): error TS2550: Property 'finally' does not exist on type 'Promise<void>'. Do you need to change your target library? Try changing the 'lib' compiler option to 'es2018' or later.
app/screens/profile.tsx(251,17): error TS17004: Cannot use JSX unless the '--jsx' flag is provided.
app/screens/profile.tsx(252,17): error TS17004: Cannot use JSX unless the '--jsx' flag is provided.
app/screens/profile.tsx(255,13): error TS17004: Cannot use JSX unless the '--jsx' flag is provided.
app/screens/profile.tsx(255,14): error TS2741: Property 'children' is missing in type '{ onPress: () => any; style: any; }' but required in type 'PressScaleProps'.
app/screens/profile.tsx(256,15): error TS17004: Cannot use JSX unless the '--jsx' flag is provided.
app/screens/settings.tsx(1,19): error TS2307: Cannot find module 'react' or its corresponding type declarations.
app/screens/settings.tsx(2,47): error TS2307: Cannot find module 'react-native' or its corresponding type declarations.
app/screens/settings.tsx(3,24): error TS2307: Cannot find module 'expo-router' or its corresponding type declarations.
app/screens/settings.tsx(4,26): error TS2307: Cannot find module 'expo-haptics' or its corresponding type declarations.
app/screens/settings.tsx(5,23): error TS2307: Cannot find module 'expo-constants' or its corresponding type declarations.
app/screens/settings.tsx(7,32): error TS6142: Module '../../src/components/MaterialSymbol' was resolved to '/mnt/data/lousa_work/LOUSA_MOON_V1.18.22_BUILD133_PAPER_MOON_NATIVE_HANDOFF_FIX_SOURCE/src/components/MaterialSymbol.tsx', but '--jsx' is not set.
app/screens/settings.tsx(8,75): error TS6142: Module '../../src/components/layout' was resolved to '/mnt/data/lousa_work/LOUSA_MOON_V1.18.22_BUILD133_PAPER_MOON_NATIVE_HANDOFF_FIX_SOURCE/src/components/layout.tsx', but '--jsx' is not set.
app/screens/settings.tsx(9,80): error TS6142: Module '../../src/components/ui' was resolved to '/mnt/data/lousa_work/LOUSA_MOON_V1.18.22_BUILD133_PAPER_MOON_NATIVE_HANDOFF_FIX_SOURCE/src/components/ui/index.tsx', but '--jsx' is not set.
app/screens/settings.tsx(12,26): error TS6142: Module '../../src/theme/ThemeProvider' was resolved to '/mnt/data/lousa_work/LOUSA_MOON_V1.18.22_BUILD133_PAPER_MOON_NATIVE_HANDOFF_FIX_SOURCE/src/theme/ThemeProvider.tsx', but '--jsx' is not set.
app/screens/settings.tsx(53,5): error TS17004: Cannot use JSX unless the '--jsx' flag is provided.
app/screens/settings.tsx(54,7): error TS17004: Cannot use JSX unless the '--jsx' flag is provided.
app/screens/settings.tsx(55,7): error TS17004: Cannot use JSX unless the '--jsx' flag is provided.
app/screens/settings.tsx(56,9): error TS17004: Cannot use JSX unless the '--jsx' flag is provided.
app/screens/settings.tsx(57,24): error TS17004: Cannot use JSX unless the '--jsx' flag is provided.
app/screens/settings.tsx(59,28): error TS17004: Cannot use JSX unless the '--jsx' flag is provided.
app/screens/settings.tsx(62,20): error TS17004: Cannot use JSX unless the '--jsx' flag is provided.
app/screens/settings.tsx(62,21): error TS2741: Property 'children' is missing in type '{ onPress: () => void; }' but required in type 'PressScaleProps'.
app/screens/settings.tsx(68,34): error TS7006: Parameter 's' implicitly has an 'any' type.
app/screens/settings.tsx(69,37): error TS7006: Parameter 's' implicitly has an 'any' type.
app/screens/settings.tsx(70,37): error TS7006: Parameter 's' implicitly has an 'any' type.
app/screens/settings.tsx(71,44): error TS7006: Parameter 's' implicitly has an 'any' type.
app/screens/settings.tsx(72,47): error TS7006: Parameter 's' implicitly has an 'any' type.
app/screens/settings.tsx(73,47): error TS7006: Parameter 's' implicitly has an 'any' type.
app/screens/settings.tsx(74,56): error TS7006: Parameter 's' implicitly has an 'any' type.
app/screens/settings.tsx(75,16): error TS7053: Element implicitly has an 'any' type because expression of type 'any' can't be used to index type '{ readonly ru: { readonly appBar: "Настройки"; readonly title: "Настройки LOUSA"; readonly subtitle: "Выбери удобный вид, язык, уведомления и уровень приватности."; readonly appearance: "Внешний вид"; ... 38 more ...; readonly systemInfo: "LOUSA показывает только реально включённые механизмы защиты."; }; readonly en...'.
app/screens/settings.tsx(111,17): error TS2705: An async function or method in ES5 requires the 'Promise' constructor.  Make sure you have a declaration for the 'Promise' constructor or include 'ES2015' in your '--lib' option.
app/screens/settings.tsx(122,23): error TS2705: An async function or method in ES5 requires the 'Promise' constructor.  Make sure you have a declaration for the 'Promise' constructor or include 'ES2015' in your '--lib' option.
app/screens/settings.tsx(134,5): error TS17004: Cannot use JSX unless the '--jsx' flag is provided.
app/screens/settings.tsx(134,6): error TS2741: Property 'children' is missing in type '{ title: any; closeIcon: string; }' but required in type '{ children: React.ReactNode; title: string; closeIcon?: string | undefined; onBack?: (() => void) | undefined; backgroundVariant?: "cosmic" | "minimal" | "liquid" | undefined; keyboard?: boolean | undefined; }'.
app/screens/settings.tsx(135,7): error TS17004: Cannot use JSX unless the '--jsx' flag is provided.
app/screens/settings.tsx(136,9): error TS17004: Cannot use JSX unless the '--jsx' flag is provided.
app/screens/settings.tsx(138,9): error TS17004: Cannot use JSX unless the '--jsx' flag is provided.
app/screens/settings.tsx(139,11): error TS17004: Cannot use JSX unless the '--jsx' flag is provided.
app/screens/settings.tsx(140,11): error TS17004: Cannot use JSX unless the '--jsx' flag is provided.
app/screens/settings.tsx(147,17): error TS17004: Cannot use JSX unless the '--jsx' flag is provided.
app/screens/settings.tsx(147,29): error TS2322: Type '{ key: ThemeName; onPress: () => void; style: any[]; }' is not assignable to type 'PressScaleProps'.
  Property 'key' does not exist on type 'PressScaleProps'.
app/screens/settings.tsx(148,19): error TS17004: Cannot use JSX unless the '--jsx' flag is provided.
app/screens/settings.tsx(149,19): error TS17004: Cannot use JSX unless the '--jsx' flag is provided.
app/screens/settings.tsx(150,31): error TS17004: Cannot use JSX unless the '--jsx' flag is provided.
app/screens/settings.tsx(150,66): error TS17004: Cannot use JSX unless the '--jsx' flag is provided.
app/screens/settings.tsx(157,9): error TS17004: Cannot use JSX unless the '--jsx' flag is provided.
app/screens/settings.tsx(158,11): error TS17004: Cannot use JSX unless the '--jsx' flag is provided.
app/screens/settings.tsx(159,11): error TS17004: Cannot use JSX unless the '--jsx' flag is provided.
app/screens/settings.tsx(160,13): error TS17004: Cannot use JSX unless the '--jsx' flag is provided.
app/screens/settings.tsx(162,17): error TS17004: Cannot use JSX unless the '--jsx' flag is provided.
app/screens/settings.tsx(162,29): error TS2322: Type '{ key: "ru" | "en" | "hy"; onPress: () => any; style: any[]; }' is not assignable to type 'PressScaleProps'.
  Property 'key' does not exist on type 'PressScaleProps'.
app/screens/settings.tsx(163,19): error TS17004: Cannot use JSX unless the '--jsx' flag is provided.
app/screens/settings.tsx(170,9): error TS17004: Cannot use JSX unless the '--jsx' flag is provided.
app/screens/settings.tsx(171,11): error TS17004: Cannot use JSX unless the '--jsx' flag is provided.
app/screens/settings.tsx(172,11): error TS17004: Cannot use JSX unless the '--jsx' flag is provided.
app/screens/settings.tsx(173,11): error TS17004: Cannot use JSX unless the '--jsx' flag is provided.
app/screens/settings.tsx(174,13): error TS17004: Cannot use JSX unless the '--jsx' flag is provided.
app/screens/settings.tsx(176,17): error TS17004: Cannot use JSX unless the '--jsx' flag is provided.
app/screens/settings.tsx(176,29): error TS2322: Type '{ key: "brief" | "neutral" | "warm"; onPress: () => any; style: any[]; }' is not assignable to type 'PressScaleProps'.
  Property 'key' does not exist on type 'PressScaleProps'.
app/screens/settings.tsx(177,19): error TS17004: Cannot use JSX unless the '--jsx' flag is provided.
app/screens/settings.tsx(184,9): error TS17004: Cannot use JSX unless the '--jsx' flag is provided.
app/screens/settings.tsx(185,11): error TS17004: Cannot use JSX unless the '--jsx' flag is provided.
app/screens/settings.tsx(186,11): error TS17004: Cannot use JSX unless the '--jsx' flag is provided.
app/screens/settings.tsx(187,13): error TS17004: Cannot use JSX unless the '--jsx' flag is provided.
app/screens/settings.tsx(192,22): error TS17004: Cannot use JSX unless the '--jsx' flag is provided.
app/screens/settings.tsx(197,9): error TS17004: Cannot use JSX unless the '--jsx' flag is provided.
app/screens/settings.tsx(198,11): error TS17004: Cannot use JSX unless the '--jsx' flag is provided.
app/screens/settings.tsx(199,11): error TS17004: Cannot use JSX unless the '--jsx' flag is provided.
app/screens/settings.tsx(200,13): error TS17004: Cannot use JSX unless the '--jsx' flag is provided.
app/screens/settings.tsx(200,93): error TS17004: Cannot use JSX unless the '--jsx' flag is provided.
app/screens/settings.tsx(201,13): error TS17004: Cannot use JSX unless the '--jsx' flag is provided.
app/screens/settings.tsx(202,13): error TS17004: Cannot use JSX unless the '--jsx' flag is provided.
app/screens/settings.tsx(202,100): error TS17004: Cannot use JSX unless the '--jsx' flag is provided.
app/screens/settings.tsx(204,11): error TS17004: Cannot use JSX unless the '--jsx' flag is provided.
app/screens/settings.tsx(205,13): error TS17004: Cannot use JSX unless the '--jsx' flag is provided.
app/screens/settings.tsx(206,13): error TS17004: Cannot use JSX unless the '--jsx' flag is provided.
app/screens/settings.tsx(210,9): error TS17004: Cannot use JSX unless the '--jsx' flag is provided.
app/screens/settings.tsx(211,11): error TS17004: Cannot use JSX unless the '--jsx' flag is provided.
app/screens/settings.tsx(212,11): error TS17004: Cannot use JSX unless the '--jsx' flag is provided.
app/screens/settings.tsx(213,13): error TS17004: Cannot use JSX unless the '--jsx' flag is provided.
app/screens/settings.tsx(214,13): error TS17004: Cannot use JSX unless the '--jsx' flag is provided.
app/screens/settings.tsx(215,13): error TS17004: Cannot use JSX unless the '--jsx' flag is provided.
app/screens/settings.tsx(216,13): error TS17004: Cannot use JSX unless the '--jsx' flag is provided.
app/screens/settings.tsx(217,13): error TS17004: Cannot use JSX unless the '--jsx' flag is provided.
app/screens/settings.tsx(218,13): error TS17004: Cannot use JSX unless the '--jsx' flag is provided.
app/screens/settings.tsx(219,13): error TS17004: Cannot use JSX unless the '--jsx' flag is provided.
app/screens/settings.tsx(220,13): error TS17004: Cannot use JSX unless the '--jsx' flag is provided.
app/screens/settings.tsx(221,13): error TS17004: Cannot use JSX unless the '--jsx' flag is provided.
app/screens/settings.tsx(222,29): error TS17004: Cannot use JSX unless the '--jsx' flag is provided.
app/screens/settings.tsx(223,15): error TS17004: Cannot use JSX unless the '--jsx' flag is provided.
app/screens/settings.tsx(224,15): error TS17004: Cannot use JSX unless the '--jsx' flag is provided.
app/screens/settings.tsx(229,9): error TS17004: Cannot use JSX unless the '--jsx' flag is provided.
app/screens/subscription.tsx(1,53): error TS2307: Cannot find module 'react' or its corresponding type declarations.
app/screens/subscription.tsx(2,65): error TS2307: Cannot find module 'react-native' or its corresponding type declarations.
app/screens/subscription.tsx(3,24): error TS2307: Cannot find module 'expo-router' or its corresponding type declarations.
app/screens/subscription.tsx(4,26): error TS2307: Cannot find module 'expo-haptics' or its corresponding type declarations.
app/screens/subscription.tsx(5,32): error TS6142: Module '../../src/components/MaterialSymbol' was resolved to '/mnt/data/lousa_work/LOUSA_MOON_V1.18.22_BUILD133_PAPER_MOON_NATIVE_HANDOFF_FIX_SOURCE/src/components/MaterialSymbol.tsx', but '--jsx' is not set.
app/screens/subscription.tsx(6,32): error TS6142: Module '../../src/components/RealMapPreview' was resolved to '/mnt/data/lousa_work/LOUSA_MOON_V1.18.22_BUILD133_PAPER_MOON_NATIVE_HANDOFF_FIX_SOURCE/src/components/RealMapPreview.tsx', but '--jsx' is not set.
app/screens/subscription.tsx(7,64): error TS6142: Module '../../src/components/layout' was resolved to '/mnt/data/lousa_work/LOUSA_MOON_V1.18.22_BUILD133_PAPER_MOON_NATIVE_HANDOFF_FIX_SOURCE/src/components/layout.tsx', but '--jsx' is not set.
app/screens/subscription.tsx(8,236): error TS6142: Module '../../src/components/ui' was resolved to '/mnt/data/lousa_work/LOUSA_MOON_V1.18.22_BUILD133_PAPER_MOON_NATIVE_HANDOFF_FIX_SOURCE/src/components/ui/index.tsx', but '--jsx' is not set.
app/screens/subscription.tsx(11,26): error TS6142: Module '../../src/theme/ThemeProvider' was resolved to '/mnt/data/lousa_work/LOUSA_MOON_V1.18.22_BUILD133_PAPER_MOON_NATIVE_HANDOFF_FIX_SOURCE/src/theme/ThemeProvider.tsx', but '--jsx' is not set.
app/screens/subscription.tsx(21,34): error TS6142: Module '../../src/features/auth/components/GuestAccountGate' was resolved to '/mnt/data/lousa_work/LOUSA_MOON_V1.18.22_BUILD133_PAPER_MOON_NATIVE_HANDOFF_FIX_SOURCE/src/features/auth/components/GuestAccountGate.tsx', but '--jsx' is not set.
app/screens/subscription.tsx(24,16): error TS2580: Cannot find name 'require'. Do you need to install type definitions for node? Try `npm i --save-dev @types/node`.
app/screens/subscription.tsx(25,14): error TS2580: Cannot find name 'require'. Do you need to install type definitions for node? Try `npm i --save-dev @types/node`.
app/screens/subscription.tsx(26,13): error TS2580: Cannot find name 'require'. Do you need to install type definitions for node? Try `npm i --save-dev @types/node`.
app/screens/subscription.tsx(68,12): error TS17004: Cannot use JSX unless the '--jsx' flag is provided.
app/screens/subscription.tsx(75,12): error TS17004: Cannot use JSX unless the '--jsx' flag is provided.
app/screens/subscription.tsx(83,12): error TS17004: Cannot use JSX unless the '--jsx' flag is provided.
app/screens/subscription.tsx(83,44): error TS17004: Cannot use JSX unless the '--jsx' flag is provided.
app/screens/subscription.tsx(83,91): error TS17004: Cannot use JSX unless the '--jsx' flag is provided.
app/screens/subscription.tsx(83,177): error TS17004: Cannot use JSX unless the '--jsx' flag is provided.
app/screens/subscription.tsx(86,36): error TS7006: Parameter 'state' implicitly has an 'any' type.
app/screens/subscription.tsx(87,39): error TS7006: Parameter 'state' implicitly has an 'any' type.
app/screens/subscription.tsx(88,18): error TS7053: Element implicitly has an 'any' type because expression of type 'any' can't be used to index type '{ readonly ru: { readonly appBar: "Настройка LOUSA BOX"; readonly steps: readonly ["Тариф", "Состав", "Доставка", "Проверка"]; readonly titles: readonly ["Выбери уровень заботы", "Настрой состав под себя", "Куда и когда доставить", "Проверь заказ"]; ... 81 more ...; readonly substitutionsHelp: "Только на товар той ж...'.
app/screens/subscription.tsx(89,29): error TS17004: Cannot use JSX unless the '--jsx' flag is provided.
app/screens/subscription.tsx(90,12): error TS17004: Cannot use JSX unless the '--jsx' flag is provided.
app/screens/subscription.tsx(96,36): error TS7006: Parameter 's' implicitly has an 'any' type.
app/screens/subscription.tsx(97,18): error TS7053: Element implicitly has an 'any' type because expression of type 'any' can't be used to index type '{ readonly ru: { readonly appBar: "Настройка LOUSA BOX"; readonly steps: readonly ["Тариф", "Состав", "Доставка", "Проверка"]; readonly titles: readonly ["Выбери уровень заботы", "Настрой состав под себя", "Куда и когда доставить", "Проверь заказ"]; ... 81 more ...; readonly substitutionsHelp: "Только на товар той ж...'.
app/screens/subscription.tsx(100,38): error TS7006: Parameter 's' implicitly has an 'any' type.
app/screens/subscription.tsx(105,35): error TS2550: Property 'find' does not exist on type 'BoxPlan[]'. Do you need to change your target library? Try changing the 'lib' compiler option to 'es2015' or later.
app/screens/subscription.tsx(105,41): error TS7006: Parameter 'item' implicitly has an 'any' type.
app/screens/subscription.tsx(132,19): error TS7006: Parameter 'current' implicitly has an 'any' type.
app/screens/subscription.tsx(134,28): error TS7006: Parameter 'current' implicitly has an 'any' type.
app/screens/subscription.tsx(138,36): error TS2550: Property 'find' does not exist on type 'BoxPlan[]'. Do you need to change your target library? Try changing the 'lib' compiler option to 'es2015' or later.
app/screens/subscription.tsx(138,42): error TS7006: Parameter 'item' implicitly has an 'any' type.
app/screens/subscription.tsx(142,24): error TS7006: Parameter 'current' implicitly has an 'any' type.
app/screens/subscription.tsx(220,58): error TS7006: Parameter 'value' implicitly has an 'any' type.
app/screens/subscription.tsx(221,70): error TS7006: Parameter 'value' implicitly has an 'any' type.
app/screens/subscription.tsx(222,62): error TS7006: Parameter 'value' implicitly has an 'any' type.
app/screens/subscription.tsx(262,18): error TS7006: Parameter 'value' implicitly has an 'any' type.
app/screens/subscription.tsx(264,22): error TS2705: An async function or method in ES5 requires the 'Promise' constructor.  Make sure you have a declaration for the 'Promise' constructor or include 'ES2015' in your '--lib' option.
app/screens/subscription.tsx(292,58): error TS7006: Parameter 'value' implicitly has an 'any' type.
app/screens/subscription.tsx(293,70): error TS7006: Parameter 'value' implicitly has an 'any' type.
app/screens/subscription.tsx(294,62): error TS7006: Parameter 'value' implicitly has an 'any' type.
app/screens/subscription.tsx(336,35): error TS7006: Parameter 'state' implicitly has an 'any' type.
app/screens/subscription.tsx(347,157): error TS7006: Parameter 'item' implicitly has an 'any' type.
app/screens/subscription.tsx(360,32): error TS2705: An async function or method in ES5 requires the 'Promise' constructor.  Make sure you have a declaration for the 'Promise' constructor or include 'ES2015' in your '--lib' option.
app/screens/subscription.tsx(377,9): error TS17004: Cannot use JSX unless the '--jsx' flag is provided.
app/screens/subscription.tsx(377,121): error TS17004: Cannot use JSX unless the '--jsx' flag is provided.
app/screens/subscription.tsx(377,133): error TS2322: Type '{ key: BoxPlanId; onPress: () => any; style: any; }' is not assignable to type 'PressScaleProps'.
  Property 'key' does not exist on type 'PressScaleProps'.
app/screens/subscription.tsx(377,207): error TS17004: Cannot use JSX unless the '--jsx' flag is provided.
app/screens/subscription.tsx(377,330): error TS17004: Cannot use JSX unless the '--jsx' flag is provided.
app/screens/subscription.tsx(377,414): error TS17004: Cannot use JSX unless the '--jsx' flag is provided.
app/screens/subscription.tsx(377,447): error TS17004: Cannot use JSX unless the '--jsx' flag is provided.
app/screens/subscription.tsx(377,477): error TS17004: Cannot use JSX unless the '--jsx' flag is provided.
app/screens/subscription.tsx(377,503): error TS17004: Cannot use JSX unless the '--jsx' flag is provided.
app/screens/subscription.tsx(377,536): error TS17004: Cannot use JSX unless the '--jsx' flag is provided.
app/screens/subscription.tsx(377,643): error TS17004: Cannot use JSX unless the '--jsx' flag is provided.
app/screens/subscription.tsx(377,704): error TS17004: Cannot use JSX unless the '--jsx' flag is provided.
app/screens/subscription.tsx(377,829): error TS17004: Cannot use JSX unless the '--jsx' flag is provided.
app/screens/subscription.tsx(377,934): error TS17004: Cannot use JSX unless the '--jsx' flag is provided.
app/screens/subscription.tsx(377,1047): error TS17004: Cannot use JSX unless the '--jsx' flag is provided.
app/screens/subscription.tsx(378,9): error TS17004: Cannot use JSX unless the '--jsx' flag is provided.
app/screens/subscription.tsx(378,54): error TS17004: Cannot use JSX unless the '--jsx' flag is provided.
app/screens/subscription.tsx(379,7): error TS17004: Cannot use JSX unless the '--jsx' flag is provided.
app/screens/subscription.tsx(379,94): error TS17004: Cannot use JSX unless the '--jsx' flag is provided.
app/screens/subscription.tsx(379,184): error TS17004: Cannot use JSX unless the '--jsx' flag is provided.
app/screens/subscription.tsx(379,196): error TS2322: Type '{ key: ProductType; label: string; selected: boolean; onPress: () => any; }' is not assignable to type '{ label: string; selected: boolean; onPress: () => void; }'.
  Property 'key' does not exist on type '{ label: string; selected: boolean; onPress: () => void; }'.
app/screens/subscription.tsx(380,65): error TS17004: Cannot use JSX unless the '--jsx' flag is provided.
app/screens/subscription.tsx(380,67): error TS17004: Cannot use JSX unless the '--jsx' flag is provided.
app/screens/subscription.tsx(380,174): error TS17004: Cannot use JSX unless the '--jsx' flag is provided.
app/screens/subscription.tsx(380,201): error TS17004: Cannot use JSX unless the '--jsx' flag is provided.
app/screens/subscription.tsx(380,345): error TS17004: Cannot use JSX unless the '--jsx' flag is provided.
app/screens/subscription.tsx(380,500): error TS17004: Cannot use JSX unless the '--jsx' flag is provided.
app/screens/subscription.tsx(381,7): error TS17004: Cannot use JSX unless the '--jsx' flag is provided.
app/screens/subscription.tsx(382,9): error TS17004: Cannot use JSX unless the '--jsx' flag is provided.
app/screens/subscription.tsx(382,43): error TS17004: Cannot use JSX unless the '--jsx' flag is provided.
app/screens/subscription.tsx(382,139): error TS17004: Cannot use JSX unless the '--jsx' flag is provided.
app/screens/subscription.tsx(383,9): error TS17004: Cannot use JSX unless the '--jsx' flag is provided.
app/screens/subscription.tsx(383,43): error TS17004: Cannot use JSX unless the '--jsx' flag is provided.
app/screens/subscription.tsx(383,145): error TS17004: Cannot use JSX unless the '--jsx' flag is provided.
app/screens/subscription.tsx(384,9): error TS17004: Cannot use JSX unless the '--jsx' flag is provided.
app/screens/subscription.tsx(384,43): error TS17004: Cannot use JSX unless the '--jsx' flag is provided.
app/screens/subscription.tsx(384,139): error TS17004: Cannot use JSX unless the '--jsx' flag is provided.
app/screens/subscription.tsx(385,9): error TS17004: Cannot use JSX unless the '--jsx' flag is provided.
app/screens/subscription.tsx(385,43): error TS17004: Cannot use JSX unless the '--jsx' flag is provided.
app/screens/subscription.tsx(385,136): error TS17004: Cannot use JSX unless the '--jsx' flag is provided.
app/screens/subscription.tsx(386,9): error TS17004: Cannot use JSX unless the '--jsx' flag is provided.
app/screens/subscription.tsx(387,35): error TS17004: Cannot use JSX unless the '--jsx' flag is provided.
app/screens/subscription.tsx(387,73): error TS17004: Cannot use JSX unless the '--jsx' flag is provided.
app/screens/subscription.tsx(387,74): error TS2741: Property 'children' is missing in type '{ onPress: () => any; style: any[]; }' but required in type 'PressScaleProps'.
app/screens/subscription.tsx(387,243): error TS17004: Cannot use JSX unless the '--jsx' flag is provided.
app/screens/subscription.tsx(387,396): error TS17004: Cannot use JSX unless the '--jsx' flag is provided.
app/screens/subscription.tsx(387,397): error TS2741: Property 'children' is missing in type '{ onPress: () => any; style: any[]; }' but required in type 'PressScaleProps'.
app/screens/subscription.tsx(387,545): error TS17004: Cannot use JSX unless the '--jsx' flag is provided.
app/screens/subscription.tsx(389,7): error TS17004: Cannot use JSX unless the '--jsx' flag is provided.
app/screens/subscription.tsx(389,37): error TS17004: Cannot use JSX unless the '--jsx' flag is provided.
app/screens/subscription.tsx(390,7): error TS17004: Cannot use JSX unless the '--jsx' flag is provided.
app/screens/subscription.tsx(391,7): error TS17004: Cannot use JSX unless the '--jsx' flag is provided.
app/screens/subscription.tsx(391,122): error TS17004: Cannot use JSX unless the '--jsx' flag is provided.
app/screens/subscription.tsx(392,7): error TS17004: Cannot use JSX unless the '--jsx' flag is provided.
app/screens/subscription.tsx(392,40): error TS17004: Cannot use JSX unless the '--jsx' flag is provided.
app/screens/subscription.tsx(392,129): error TS7006: Parameter 'value' implicitly has an 'any' type.
app/screens/subscription.tsx(392,149): error TS17004: Cannot use JSX unless the '--jsx' flag is provided.
app/screens/subscription.tsx(392,238): error TS7006: Parameter 'value' implicitly has an 'any' type.
app/screens/subscription.tsx(392,258): error TS17004: Cannot use JSX unless the '--jsx' flag is provided.
app/screens/subscription.tsx(392,351): error TS7006: Parameter 'value' implicitly has an 'any' type.
app/screens/subscription.tsx(392,371): error TS17004: Cannot use JSX unless the '--jsx' flag is provided.
app/screens/subscription.tsx(392,458): error TS7006: Parameter 'value' implicitly has an 'any' type.
app/screens/subscription.tsx(393,7): error TS17004: Cannot use JSX unless the '--jsx' flag is provided.
app/screens/subscription.tsx(393,121): error TS17004: Cannot use JSX unless the '--jsx' flag is provided.
app/screens/subscription.tsx(394,7): error TS17004: Cannot use JSX unless the '--jsx' flag is provided.
app/screens/subscription.tsx(394,40): error TS17004: Cannot use JSX unless the '--jsx' flag is provided.
app/screens/subscription.tsx(394,134): error TS7006: Parameter 'value' implicitly has an 'any' type.
app/screens/subscription.tsx(394,154): error TS17004: Cannot use JSX unless the '--jsx' flag is provided.
app/screens/subscription.tsx(394,226): error TS7006: Parameter 'value' implicitly has an 'any' type.
app/screens/subscription.tsx(394,246): error TS17004: Cannot use JSX unless the '--jsx' flag is provided.
app/screens/subscription.tsx(394,309): error TS7006: Parameter 'value' implicitly has an 'any' type.
app/screens/subscription.tsx(394,329): error TS17004: Cannot use JSX unless the '--jsx' flag is provided.
app/screens/subscription.tsx(394,410): error TS7006: Parameter 'value' implicitly has an 'any' type.
app/screens/subscription.tsx(395,7): error TS17004: Cannot use JSX unless the '--jsx' flag is provided.
app/screens/subscription.tsx(395,113): error TS17004: Cannot use JSX unless the '--jsx' flag is provided.
app/screens/subscription.tsx(396,7): error TS17004: Cannot use JSX unless the '--jsx' flag is provided.
app/screens/subscription.tsx(396,121): error TS17004: Cannot use JSX unless the '--jsx' flag is provided.
app/screens/subscription.tsx(397,7): error TS17004: Cannot use JSX unless the '--jsx' flag is provided.
app/screens/subscription.tsx(397,112): error TS17004: Cannot use JSX unless the '--jsx' flag is provided.
app/screens/subscription.tsx(399,9): error TS17004: Cannot use JSX unless the '--jsx' flag is provided.
app/screens/subscription.tsx(399,54): error TS17004: Cannot use JSX unless the '--jsx' flag is provided.
app/screens/subscription.tsx(400,7): error TS17004: Cannot use JSX unless the '--jsx' flag is provided.
app/screens/subscription.tsx(400,43): error TS17004: Cannot use JSX unless the '--jsx' flag is provided.
app/screens/subscription.tsx(400,91): error TS17004: Cannot use JSX unless the '--jsx' flag is provided.
app/screens/subscription.tsx(400,117): error TS17004: Cannot use JSX unless the '--jsx' flag is provided.
app/screens/subscription.tsx(400,204): error TS17004: Cannot use JSX unless the '--jsx' flag is provided.
app/screens/subscription.tsx(400,419): error TS17004: Cannot use JSX unless the '--jsx' flag is provided.
app/screens/subscription.tsx(400,623): error TS17004: Cannot use JSX unless the '--jsx' flag is provided.
app/screens/subscription.tsx(400,758): error TS17004: Cannot use JSX unless the '--jsx' flag is provided.
app/screens/subscription.tsx(401,7): error TS17004: Cannot use JSX unless the '--jsx' flag is provided.
app/screens/subscription.tsx(402,7): error TS17004: Cannot use JSX unless the '--jsx' flag is provided.
app/screens/subscription.tsx(402,8): error TS2741: Property 'children' is missing in type '{ onPress: () => any; style: any[]; }' but required in type 'PressScaleProps'.
app/screens/subscription.tsx(403,9): error TS17004: Cannot use JSX unless the '--jsx' flag is provided.
app/screens/subscription.tsx(403,45): error TS17004: Cannot use JSX unless the '--jsx' flag is provided.
app/screens/subscription.tsx(404,9): error TS17004: Cannot use JSX unless the '--jsx' flag is provided.
app/screens/subscription.tsx(405,11): error TS17004: Cannot use JSX unless the '--jsx' flag is provided.
app/screens/subscription.tsx(406,11): error TS17004: Cannot use JSX unless the '--jsx' flag is provided.
app/screens/subscription.tsx(407,67): error TS17004: Cannot use JSX unless the '--jsx' flag is provided.
app/screens/subscription.tsx(409,9): error TS17004: Cannot use JSX unless the '--jsx' flag is provided.
app/screens/subscription.tsx(411,7): error TS17004: Cannot use JSX unless the '--jsx' flag is provided.
app/screens/subscription.tsx(411,109): error TS17004: Cannot use JSX unless the '--jsx' flag is provided.
app/screens/subscription.tsx(412,7): error TS17004: Cannot use JSX unless the '--jsx' flag is provided.
app/screens/subscription.tsx(412,110): error TS17004: Cannot use JSX unless the '--jsx' flag is provided.
app/screens/subscription.tsx(412,160): error TS17004: Cannot use JSX unless the '--jsx' flag is provided.
app/screens/subscription.tsx(412,172): error TS2322: Type '{ key: string; label: string; selected: boolean; onPress: () => any; }' is not assignable to type '{ label: string; selected: boolean; onPress: () => void; }'.
  Property 'key' does not exist on type '{ label: string; selected: boolean; onPress: () => void; }'.
app/screens/subscription.tsx(413,7): error TS17004: Cannot use JSX unless the '--jsx' flag is provided.
app/screens/subscription.tsx(413,108): error TS17004: Cannot use JSX unless the '--jsx' flag is provided.
app/screens/subscription.tsx(414,7): error TS17004: Cannot use JSX unless the '--jsx' flag is provided.
app/screens/subscription.tsx(414,39): error TS17004: Cannot use JSX unless the '--jsx' flag is provided.
app/screens/subscription.tsx(414,112): error TS17004: Cannot use JSX unless the '--jsx' flag is provided.
app/screens/subscription.tsx(416,9): error TS17004: Cannot use JSX unless the '--jsx' flag is provided.
app/screens/subscription.tsx(416,52): error TS17004: Cannot use JSX unless the '--jsx' flag is provided.
app/screens/subscription.tsx(416,67): error TS7053: Element implicitly has an 'any' type because expression of type 'any' can't be used to index type '{ readonly essential: any; readonly comfort: any; readonly ritual: any; }'.
app/screens/subscription.tsx(416,169): error TS17004: Cannot use JSX unless the '--jsx' flag is provided.
app/screens/subscription.tsx(416,321): error TS17004: Cannot use JSX unless the '--jsx' flag is provided.
app/screens/subscription.tsx(416,346): error TS17004: Cannot use JSX unless the '--jsx' flag is provided.
app/screens/subscription.tsx(416,482): error TS17004: Cannot use JSX unless the '--jsx' flag is provided.
app/screens/subscription.tsx(416,558): error TS17004: Cannot use JSX unless the '--jsx' flag is provided.
app/screens/subscription.tsx(416,602): error TS7053: Element implicitly has an 'any' type because expression of type 'any' can't be used to index type 'Record<ProductType, string>'.
app/screens/subscription.tsx(416,738): error TS17004: Cannot use JSX unless the '--jsx' flag is provided.
app/screens/subscription.tsx(416,814): error TS17004: Cannot use JSX unless the '--jsx' flag is provided.
app/screens/subscription.tsx(416,993): error TS17004: Cannot use JSX unless the '--jsx' flag is provided.
app/screens/subscription.tsx(416,994): error TS2741: Property 'children' is missing in type '{}' but required in type '{ children: React.ReactNode; style?: any; padded?: boolean | undefined; }'.
app/screens/subscription.tsx(416,1009): error TS17004: Cannot use JSX unless the '--jsx' flag is provided.
app/screens/subscription.tsx(416,1148): error TS7006: Parameter 'value' implicitly has an 'any' type.
app/screens/subscription.tsx(416,1186): error TS17004: Cannot use JSX unless the '--jsx' flag is provided.
app/screens/subscription.tsx(416,1187): error TS2741: Property 'children' is missing in type '{}' but required in type '{ children: React.ReactNode; style?: any; padded?: boolean | undefined; }'.
app/screens/subscription.tsx(416,1202): error TS17004: Cannot use JSX unless the '--jsx' flag is provided.
app/screens/subscription.tsx(416,1317): error TS7006: Parameter 'value' implicitly has an 'any' type.
app/screens/subscription.tsx(416,1355): error TS17004: Cannot use JSX unless the '--jsx' flag is provided.
app/screens/subscription.tsx(416,1395): error TS17004: Cannot use JSX unless the '--jsx' flag is provided.
app/screens/subscription.tsx(416,1463): error TS17004: Cannot use JSX unless the '--jsx' flag is provided.
app/screens/subscription.tsx(416,1469): error TS17004: Cannot use JSX unless the '--jsx' flag is provided.
app/screens/subscription.tsx(416,1557): error TS17004: Cannot use JSX unless the '--jsx' flag is provided.
app/screens/subscription.tsx(416,1665): error TS17004: Cannot use JSX unless the '--jsx' flag is provided.
app/screens/subscription.tsx(420,9): error TS17004: Cannot use JSX unless the '--jsx' flag is provided.
app/screens/subscription.tsx(420,10): error TS2741: Property 'children' is missing in type '{ title: any; closeIcon: string; keyboard: true; }' but required in type '{ children: React.ReactNode; title: string; closeIcon?: string | undefined; onBack?: (() => void) | undefined; backgroundVariant?: "cosmic" | "minimal" | "liquid" | undefined; keyboard?: boolean | undefined; }'.
app/screens/subscription.tsx(421,13): error TS17004: Cannot use JSX unless the '--jsx' flag is provided.
app/screens/subscription.tsx(422,17): error TS17004: Cannot use JSX unless the '--jsx' flag is provided.
app/screens/subscription.tsx(423,21): error TS17004: Cannot use JSX unless the '--jsx' flag is provided.
app/screens/subscription.tsx(424,21): error TS17004: Cannot use JSX unless the '--jsx' flag is provided.
app/screens/subscription.tsx(425,25): error TS17004: Cannot use JSX unless the '--jsx' flag is provided.
app/screens/subscription.tsx(426,25): error TS17004: Cannot use JSX unless the '--jsx' flag is provided.
app/screens/subscription.tsx(429,30): error TS17004: Cannot use JSX unless the '--jsx' flag is provided.
app/screens/subscription.tsx(430,21): error TS17004: Cannot use JSX unless the '--jsx' flag is provided.
app/screens/subscription.tsx(430,22): error TS2741: Property 'children' is missing in type '{ style: any; }' but required in type '{ children: React.ReactNode; style?: any; padded?: boolean | undefined; }'.
app/screens/subscription.tsx(431,25): error TS17004: Cannot use JSX unless the '--jsx' flag is provided.
app/screens/subscription.tsx(432,29): error TS17004: Cannot use JSX unless the '--jsx' flag is provided.
app/screens/subscription.tsx(433,33): error TS17004: Cannot use JSX unless the '--jsx' flag is provided.
app/screens/subscription.tsx(434,33): error TS17004: Cannot use JSX unless the '--jsx' flag is provided.
app/screens/subscription.tsx(436,29): error TS17004: Cannot use JSX unless the '--jsx' flag is provided.
app/screens/subscription.tsx(437,33): error TS17004: Cannot use JSX unless the '--jsx' flag is provided.
app/screens/subscription.tsx(438,33): error TS17004: Cannot use JSX unless the '--jsx' flag is provided.
app/screens/subscription.tsx(440,29): error TS17004: Cannot use JSX unless the '--jsx' flag is provided.
app/screens/subscription.tsx(441,33): error TS17004: Cannot use JSX unless the '--jsx' flag is provided.
app/screens/subscription.tsx(442,33): error TS17004: Cannot use JSX unless the '--jsx' flag is provided.
app/screens/subscription.tsx(445,25): error TS17004: Cannot use JSX unless the '--jsx' flag is provided.
app/screens/subscription.tsx(446,29): error TS17004: Cannot use JSX unless the '--jsx' flag is provided.
app/screens/subscription.tsx(447,29): error TS17004: Cannot use JSX unless the '--jsx' flag is provided.
app/screens/subscription.tsx(451,25): error TS17004: Cannot use JSX unless the '--jsx' flag is provided.
app/screens/subscription.tsx(461,17): error TS17004: Cannot use JSX unless the '--jsx' flag is provided.
app/screens/subscription.tsx(467,76): error TS7006: Parameter 'value' implicitly has an 'any' type.
app/screens/support.tsx(1,53): error TS2307: Cannot find module 'react' or its corresponding type declarations.
app/screens/support.tsx(2,67): error TS2307: Cannot find module 'react-native' or its corresponding type declarations.
app/screens/support.tsx(3,26): error TS2307: Cannot find module 'expo-haptics' or its corresponding type declarations.
app/screens/support.tsx(5,32): error TS6142: Module '../../src/components/MaterialSymbol' was resolved to '/mnt/data/lousa_work/LOUSA_MOON_V1.18.22_BUILD133_PAPER_MOON_NATIVE_HANDOFF_FIX_SOURCE/src/components/MaterialSymbol.tsx', but '--jsx' is not set.
app/screens/support.tsx(6,54): error TS6142: Module '../../src/components/layout' was resolved to '/mnt/data/lousa_work/LOUSA_MOON_V1.18.22_BUILD133_PAPER_MOON_NATIVE_HANDOFF_FIX_SOURCE/src/components/layout.tsx', but '--jsx' is not set.
app/screens/support.tsx(7,80): error TS6142: Module '../../src/components/ui' was resolved to '/mnt/data/lousa_work/LOUSA_MOON_V1.18.22_BUILD133_PAPER_MOON_NATIVE_HANDOFF_FIX_SOURCE/src/components/ui/index.tsx', but '--jsx' is not set.
app/screens/support.tsx(11,26): error TS6142: Module '../../src/theme/ThemeProvider' was resolved to '/mnt/data/lousa_work/LOUSA_MOON_V1.18.22_BUILD133_PAPER_MOON_NATIVE_HANDOFF_FIX_SOURCE/src/theme/ThemeProvider.tsx', but '--jsx' is not set.
app/screens/support.tsx(14,34): error TS6142: Module '../../src/features/auth/components/GuestAccountGate' was resolved to '/mnt/data/lousa_work/LOUSA_MOON_V1.18.22_BUILD133_PAPER_MOON_NATIVE_HANDOFF_FIX_SOURCE/src/features/auth/components/GuestAccountGate.tsx', but '--jsx' is not set.
app/screens/support.tsx(69,52): error TS2550: Property 'includes' does not exist on type 'string'. Do you need to change your target library? Try changing the 'lib' compiler option to 'es2015' or later.
app/screens/support.tsx(73,30): error TS2550: Property 'includes' does not exist on type 'string[]'. Do you need to change your target library? Try changing the 'lib' compiler option to 'es2016' or later.
app/screens/support.tsx(74,52): error TS2550: Property 'includes' does not exist on type 'string[]'. Do you need to change your target library? Try changing the 'lib' compiler option to 'es2016' or later.
app/screens/support.tsx(75,26): error TS2550: Property 'includes' does not exist on type 'string[]'. Do you need to change your target library? Try changing the 'lib' compiler option to 'es2016' or later.
app/screens/support.tsx(89,14): error TS2550: Property 'isNaN' does not exist on type 'NumberConstructor'. Do you need to change your target library? Try changing the 'lib' compiler option to 'es2015' or later.
app/screens/support.tsx(95,34): error TS7006: Parameter 's' implicitly has an 'any' type.
app/screens/support.tsx(96,37): error TS7006: Parameter 's' implicitly has an 'any' type.
app/screens/support.tsx(97,16): error TS7053: Element implicitly has an 'any' type because expression of type 'any' can't be used to index type '{ readonly ru: { readonly appBar: "Поддержка"; readonly title: "Поддержка LOUSA"; readonly subtitle: "Здесь можно написать команде LOUSA, увидеть ответы из админ-панели и связаться с курьером после назначения доставки."; ... 35 more ...; readonly topics: readonly [...]; }; readonly en: { ...; }; readonly hy: { ...; ...'.
app/screens/support.tsx(98,27): error TS17004: Cannot use JSX unless the '--jsx' flag is provided.
app/screens/support.tsx(99,10): error TS17004: Cannot use JSX unless the '--jsx' flag is provided.
app/screens/support.tsx(104,34): error TS7006: Parameter 's' implicitly has an 'any' type.
app/screens/support.tsx(105,16): error TS7053: Element implicitly has an 'any' type because expression of type 'any' can't be used to index type '{ readonly ru: { readonly appBar: "Поддержка"; readonly title: "Поддержка LOUSA"; readonly subtitle: "Здесь можно написать команде LOUSA, увидеть ответы из админ-панели и связаться с курьером после назначения доставки."; ... 35 more ...; readonly topics: readonly [...]; }; readonly en: { ...; }; readonly hy: { ...; ...'.
app/screens/support.tsx(119,54): error TS7006: Parameter 'item' implicitly has an 'any' type.
app/screens/support.tsx(121,19): error TS2705: An async function or method in ES5 requires the 'Promise' constructor.  Make sure you have a declaration for the 'Promise' constructor or include 'ES2015' in your '--lib' option.
app/screens/support.tsx(122,59): error TS2585: 'Promise' only refers to a type, but is being used as a value here. Do you need to change your target library? Try changing the 'lib' compiler option to es2015 or later.
app/screens/support.tsx(129,27): error TS7006: Parameter 'current' implicitly has an 'any' type.
app/screens/support.tsx(133,28): error TS7006: Parameter 'current' implicitly has an 'any' type.
app/screens/support.tsx(168,17): error TS7006: Parameter 'current' implicitly has an 'any' type.
app/screens/support.tsx(168,42): error TS7006: Parameter 'ticket' implicitly has an 'any' type.
app/screens/support.tsx(185,25): error TS7006: Parameter 'current' implicitly has an 'any' type.
app/screens/support.tsx(185,50): error TS7006: Parameter 'ticket' implicitly has an 'any' type.
app/screens/support.tsx(194,23): error TS2705: An async function or method in ES5 requires the 'Promise' constructor.  Make sure you have a declaration for the 'Promise' constructor or include 'ES2015' in your '--lib' option.
app/screens/support.tsx(217,5): error TS17004: Cannot use JSX unless the '--jsx' flag is provided.
app/screens/support.tsx(217,6): error TS2741: Property 'children' is missing in type '{ title: any; closeIcon: string; }' but required in type '{ children: React.ReactNode; title: string; closeIcon?: string | undefined; onBack?: (() => void) | undefined; backgroundVariant?: "cosmic" | "minimal" | "liquid" | undefined; keyboard?: boolean | undefined; }'.
app/screens/support.tsx(218,7): error TS17004: Cannot use JSX unless the '--jsx' flag is provided.
app/screens/support.tsx(219,9): error TS17004: Cannot use JSX unless the '--jsx' flag is provided.
app/screens/support.tsx(221,9): error TS17004: Cannot use JSX unless the '--jsx' flag is provided.
app/screens/support.tsx(222,11): error TS17004: Cannot use JSX unless the '--jsx' flag is provided.
app/screens/support.tsx(223,13): error TS17004: Cannot use JSX unless the '--jsx' flag is provided.
app/screens/support.tsx(224,15): error TS17004: Cannot use JSX unless the '--jsx' flag is provided.
app/screens/support.tsx(225,15): error TS17004: Cannot use JSX unless the '--jsx' flag is provided.
app/screens/support.tsx(226,17): error TS17004: Cannot use JSX unless the '--jsx' flag is provided.
app/screens/support.tsx(227,17): error TS17004: Cannot use JSX unless the '--jsx' flag is provided.
app/screens/support.tsx(229,15): error TS17004: Cannot use JSX unless the '--jsx' flag is provided.
app/screens/support.tsx(229,16): error TS2741: Property 'children' is missing in type '{ onPress: () => Promise<any>; style: any; }' but required in type 'PressScaleProps'.
app/screens/support.tsx(230,17): error TS17004: Cannot use JSX unless the '--jsx' flag is provided.
app/screens/support.tsx(236,9): error TS17004: Cannot use JSX unless the '--jsx' flag is provided.
app/screens/support.tsx(237,11): error TS17004: Cannot use JSX unless the '--jsx' flag is provided.
app/screens/support.tsx(238,13): error TS17004: Cannot use JSX unless the '--jsx' flag is provided.
app/screens/support.tsx(239,15): error TS17004: Cannot use JSX unless the '--jsx' flag is provided.
app/screens/support.tsx(240,15): error TS17004: Cannot use JSX unless the '--jsx' flag is provided.
app/screens/support.tsx(241,17): error TS17004: Cannot use JSX unless the '--jsx' flag is provided.
app/screens/support.tsx(242,17): error TS17004: Cannot use JSX unless the '--jsx' flag is provided.
app/screens/support.tsx(248,9): error TS17004: Cannot use JSX unless the '--jsx' flag is provided.
app/screens/support.tsx(249,11): error TS17004: Cannot use JSX unless the '--jsx' flag is provided.
app/screens/support.tsx(250,11): error TS17004: Cannot use JSX unless the '--jsx' flag is provided.
app/screens/support.tsx(251,54): error TS7006: Parameter 'order' implicitly has an 'any' type.
app/screens/support.tsx(254,17): error TS17004: Cannot use JSX unless the '--jsx' flag is provided.
app/screens/support.tsx(254,29): error TS2322: Type '{ key: any; onPress: () => any; style: any[]; }' is not assignable to type 'PressScaleProps'.
  Property 'key' does not exist on type 'PressScaleProps'.
app/screens/support.tsx(255,19): error TS17004: Cannot use JSX unless the '--jsx' flag is provided.
app/screens/support.tsx(256,29): error TS17004: Cannot use JSX unless the '--jsx' flag is provided.
app/screens/support.tsx(259,18): error TS17004: Cannot use JSX unless the '--jsx' flag is provided.
app/screens/support.tsx(263,9): error TS17004: Cannot use JSX unless the '--jsx' flag is provided.
app/screens/support.tsx(264,11): error TS17004: Cannot use JSX unless the '--jsx' flag is provided.
app/screens/support.tsx(265,11): error TS17004: Cannot use JSX unless the '--jsx' flag is provided.
app/screens/support.tsx(267,15): error TS17004: Cannot use JSX unless the '--jsx' flag is provided.
app/screens/support.tsx(268,17): error TS17004: Cannot use JSX unless the '--jsx' flag is provided.
app/screens/support.tsx(269,19): error TS17004: Cannot use JSX unless the '--jsx' flag is provided.
app/screens/support.tsx(270,19): error TS17004: Cannot use JSX unless the '--jsx' flag is provided.
app/screens/support.tsx(271,21): error TS17004: Cannot use JSX unless the '--jsx' flag is provided.
app/screens/support.tsx(272,21): error TS17004: Cannot use JSX unless the '--jsx' flag is provided.
app/screens/support.tsx(275,17): error TS17004: Cannot use JSX unless the '--jsx' flag is provided.
app/screens/support.tsx(276,38): error TS17004: Cannot use JSX unless the '--jsx' flag is provided.
app/screens/support.tsx(276,39): error TS2741: Property 'children' is missing in type '{ onPress: () => Promise<void>; style: any; }' but required in type 'PressScaleProps'.
app/screens/support.tsx(276,101): error TS17004: Cannot use JSX unless the '--jsx' flag is provided.
app/screens/support.tsx(278,17): error TS17004: Cannot use JSX unless the '--jsx' flag is provided.
app/screens/support.tsx(279,17): error TS17004: Cannot use JSX unless the '--jsx' flag is provided.
app/screens/support.tsx(280,17): error TS17004: Cannot use JSX unless the '--jsx' flag is provided.
app/screens/support.tsx(280,18): error TS2741: Property 'children' is missing in type '{ disabled: any; onPress: () => Promise<any>; style: any[]; }' but required in type 'PressScaleProps'.
app/screens/support.tsx(280,175): error TS17004: Cannot use JSX unless the '--jsx' flag is provided.
app/screens/support.tsx(283,15): error TS17004: Cannot use JSX unless the '--jsx' flag is provided.
app/screens/support.tsx(288,9): error TS17004: Cannot use JSX unless the '--jsx' flag is provided.
app/screens/support.tsx(289,11): error TS17004: Cannot use JSX unless the '--jsx' flag is provided.
app/screens/support.tsx(290,54): error TS7006: Parameter 'ticket' implicitly has an 'any' type.
app/screens/support.tsx(293,15): error TS17004: Cannot use JSX unless the '--jsx' flag is provided.
app/screens/support.tsx(293,27): error TS2322: Type '{ key: any; onPress: () => any; }' is not assignable to type 'PressScaleProps'.
  Property 'key' does not exist on type 'PressScaleProps'.
app/screens/support.tsx(294,17): error TS17004: Cannot use JSX unless the '--jsx' flag is provided.
app/screens/support.tsx(295,19): error TS17004: Cannot use JSX unless the '--jsx' flag is provided.
app/screens/support.tsx(296,21): error TS17004: Cannot use JSX unless the '--jsx' flag is provided.
app/screens/support.tsx(297,21): error TS17004: Cannot use JSX unless the '--jsx' flag is provided.
app/screens/support.tsx(299,19): error TS17004: Cannot use JSX unless the '--jsx' flag is provided.
app/screens/support.tsx(300,43): error TS17004: Cannot use JSX unless the '--jsx' flag is provided.
app/screens/support.tsx(301,39): error TS17004: Cannot use JSX unless the '--jsx' flag is provided.
app/screens/support.tsx(305,16): error TS17004: Cannot use JSX unless the '--jsx' flag is provided.
app/screens/support.tsx(305,42): error TS17004: Cannot use JSX unless the '--jsx' flag is provided.
app/screens/support.tsx(309,11): error TS17004: Cannot use JSX unless the '--jsx' flag is provided.
app/screens/support.tsx(310,13): error TS17004: Cannot use JSX unless the '--jsx' flag is provided.
app/screens/support.tsx(311,13): error TS17004: Cannot use JSX unless the '--jsx' flag is provided.
app/screens/support.tsx(312,79): error TS7006: Parameter 'item' implicitly has an 'any' type.
app/screens/support.tsx(313,17): error TS17004: Cannot use JSX unless the '--jsx' flag is provided.
app/screens/support.tsx(314,19): error TS17004: Cannot use JSX unless the '--jsx' flag is provided.
app/screens/support.tsx(315,19): error TS17004: Cannot use JSX unless the '--jsx' flag is provided.
app/screens/support.tsx(317,20): error TS17004: Cannot use JSX unless the '--jsx' flag is provided.
app/screens/support.tsx(318,40): error TS2550: Property 'includes' does not exist on type 'string[]'. Do you need to change your target library? Try changing the 'lib' compiler option to 'es2016' or later.
app/screens/support.tsx(319,17): error TS17004: Cannot use JSX unless the '--jsx' flag is provided.
app/screens/support.tsx(320,19): error TS17004: Cannot use JSX unless the '--jsx' flag is provided.
app/screens/support.tsx(321,19): error TS17004: Cannot use JSX unless the '--jsx' flag is provided.
app/screens/support.tsx(321,20): error TS2741: Property 'children' is missing in type '{ disabled: any; onPress: () => Promise<any>; style: any[]; }' but required in type 'PressScaleProps'.
app/screens/support.tsx(321,169): error TS17004: Cannot use JSX unless the '--jsx' flag is provided.
app/screens/support.tsx(322,19): error TS17004: Cannot use JSX unless the '--jsx' flag is provided.
app/screens/support.tsx(322,20): error TS2741: Property 'children' is missing in type '{ disabled: any; onPress: () => void; style: any; }' but required in type 'PressScaleProps'.
app/screens/support.tsx(322,96): error TS17004: Cannot use JSX unless the '--jsx' flag is provided.
app/screens/support.tsx(329,9): error TS17004: Cannot use JSX unless the '--jsx' flag is provided.
app/screens/support.tsx(330,11): error TS17004: Cannot use JSX unless the '--jsx' flag is provided.
app/screens/support.tsx(331,11): error TS17004: Cannot use JSX unless the '--jsx' flag is provided.
app/screens/support.tsx(332,13): error TS17004: Cannot use JSX unless the '--jsx' flag is provided.
app/screens/support.tsx(333,33): error TS7006: Parameter 'topic' implicitly has an 'any' type.
app/screens/support.tsx(333,40): error TS7006: Parameter 'index' implicitly has an 'any' type.
app/screens/support.tsx(337,19): error TS17004: Cannot use JSX unless the '--jsx' flag is provided.
app/screens/support.tsx(338,21): error TS2322: Type '{ key: any; accessibilityRole: string; accessibilityState: { selected: boolean; }; onPress: () => void; style: any[]; }' is not assignable to type 'PressScaleProps'.
  Property 'key' does not exist on type 'PressScaleProps'.
app/screens/support.tsx(344,21): error TS17004: Cannot use JSX unless the '--jsx' flag is provided.
app/screens/support.tsx(349,13): error TS17004: Cannot use JSX unless the '--jsx' flag is provided.
app/screens/support.tsx(350,13): error TS17004: Cannot use JSX unless the '--jsx' flag is provided.
app/screens/support.tsx(351,13): error TS17004: Cannot use JSX unless the '--jsx' flag is provided.
app/screens/support.tsx(352,13): error TS17004: Cannot use JSX unless the '--jsx' flag is provided.
app/screens/support.tsx(353,13): error TS17004: Cannot use JSX unless the '--jsx' flag is provided.
app/screens/support.tsx(353,14): error TS2741: Property 'children' is missing in type '{ disabled: any; onPress: () => Promise<any>; style: any[]; }' but required in type 'PressScaleProps'.
app/screens/support.tsx(353,156): error TS17004: Cannot use JSX unless the '--jsx' flag is provided.
app/screens/wellness-log.tsx(1,42): error TS2307: Cannot find module 'react' or its corresponding type declarations.
app/screens/wellness-log.tsx(2,51): error TS2307: Cannot find module 'react-native' or its corresponding type declarations.
app/screens/wellness-log.tsx(3,24): error TS2307: Cannot find module 'expo-router' or its corresponding type declarations.
app/screens/wellness-log.tsx(4,26): error TS2307: Cannot find module 'expo-haptics' or its corresponding type declarations.
app/screens/wellness-log.tsx(6,32): error TS6142: Module '../../src/components/MaterialSymbol' was resolved to '/mnt/data/lousa_work/LOUSA_MOON_V1.18.22_BUILD133_PAPER_MOON_NATIVE_HANDOFF_FIX_SOURCE/src/components/MaterialSymbol.tsx', but '--jsx' is not set.
app/screens/wellness-log.tsx(7,64): error TS6142: Module '../../src/components/layout' was resolved to '/mnt/data/lousa_work/LOUSA_MOON_V1.18.22_BUILD133_PAPER_MOON_NATIVE_HANDOFF_FIX_SOURCE/src/components/layout.tsx', but '--jsx' is not set.
app/screens/wellness-log.tsx(8,83): error TS6142: Module '../../src/components/ui' was resolved to '/mnt/data/lousa_work/LOUSA_MOON_V1.18.22_BUILD133_PAPER_MOON_NATIVE_HANDOFF_FIX_SOURCE/src/components/ui/index.tsx', but '--jsx' is not set.
app/screens/wellness-log.tsx(12,26): error TS6142: Module '../../src/theme/ThemeProvider' was resolved to '/mnt/data/lousa_work/LOUSA_MOON_V1.18.22_BUILD133_PAPER_MOON_NATIVE_HANDOFF_FIX_SOURCE/src/theme/ThemeProvider.tsx', but '--jsx' is not set.
app/screens/wellness-log.tsx(47,34): error TS7006: Parameter 'state' implicitly has an 'any' type.
app/screens/wellness-log.tsx(48,16): error TS7053: Element implicitly has an 'any' type because expression of type 'any' can't be used to index type '{ readonly ru: { readonly title: "Запись состояния"; readonly subtitle: "Отметь главное за сегодня. Эти данные помогают видеть закономерности, но даты цикла прогнозируются по подтверждённой истории менструаций."; ... 33 more ...; readonly energyLabels: readonly [...]; }; readonly en: { ...; }; readonly hy: { ...; }; }'.
app/screens/wellness-log.tsx(70,22): error TS7053: Element implicitly has an 'any' type because expression of type 'any' can't be used to index type 'Record<SupportedLanguage, Record<MoodType, string>>'.
app/screens/wellness-log.tsx(71,25): error TS7053: Element implicitly has an 'any' type because expression of type 'any' can't be used to index type 'Record<SupportedLanguage, Record<SymptomType, string>>'.
app/screens/wellness-log.tsx(75,18): error TS7006: Parameter 'current' implicitly has an 'any' type.
app/screens/wellness-log.tsx(75,69): error TS7006: Parameter 'item' implicitly has an 'any' type.
app/screens/wellness-log.tsx(78,16): error TS2705: An async function or method in ES5 requires the 'Promise' constructor.  Make sure you have a declaration for the 'Promise' constructor or include 'ES2015' in your '--lib' option.
app/screens/wellness-log.tsx(93,38): error TS2550: Property 'parseFloat' does not exist on type 'NumberConstructor'. Do you need to change your target library? Try changing the 'lib' compiler option to 'es2015' or later.
app/screens/wellness-log.tsx(95,32): error TS2550: Property 'isFinite' does not exist on type 'NumberConstructor'. Do you need to change your target library? Try changing the 'lib' compiler option to 'es2015' or later.
app/screens/wellness-log.tsx(102,50): error TS7006: Parameter 'record' implicitly has an 'any' type.
app/screens/wellness-log.tsx(121,32): error TS7006: Parameter 'state' implicitly has an 'any' type.
app/screens/wellness-log.tsx(130,5): error TS17004: Cannot use JSX unless the '--jsx' flag is provided.
app/screens/wellness-log.tsx(130,6): error TS2741: Property 'children' is missing in type '{ title: any; keyboard: true; }' but required in type '{ children: React.ReactNode; title: string; closeIcon?: string | undefined; onBack?: (() => void) | undefined; backgroundVariant?: "cosmic" | "minimal" | "liquid" | undefined; keyboard?: boolean | undefined; }'.
app/screens/wellness-log.tsx(131,7): error TS17004: Cannot use JSX unless the '--jsx' flag is provided.
app/screens/wellness-log.tsx(132,9): error TS17004: Cannot use JSX unless the '--jsx' flag is provided.
app/screens/wellness-log.tsx(133,11): error TS17004: Cannot use JSX unless the '--jsx' flag is provided.
app/screens/wellness-log.tsx(135,11): error TS17004: Cannot use JSX unless the '--jsx' flag is provided.
app/screens/wellness-log.tsx(136,11): error TS17004: Cannot use JSX unless the '--jsx' flag is provided.
app/screens/wellness-log.tsx(140,17): error TS17004: Cannot use JSX unless the '--jsx' flag is provided.
app/screens/wellness-log.tsx(140,29): error TS2322: Type '{ key: MoodType; onPress: () => any; style: any[]; }' is not assignable to type 'PressScaleProps'.
  Property 'key' does not exist on type 'PressScaleProps'.
app/screens/wellness-log.tsx(141,19): error TS17004: Cannot use JSX unless the '--jsx' flag is provided.
app/screens/wellness-log.tsx(142,19): error TS17004: Cannot use JSX unless the '--jsx' flag is provided.
app/screens/wellness-log.tsx(148,11): error TS17004: Cannot use JSX unless the '--jsx' flag is provided.
app/screens/wellness-log.tsx(149,11): error TS17004: Cannot use JSX unless the '--jsx' flag is provided.
app/screens/wellness-log.tsx(150,13): error TS17004: Cannot use JSX unless the '--jsx' flag is provided.
app/screens/wellness-log.tsx(151,35): error TS7006: Parameter 'value' implicitly has an 'any' type.
app/screens/wellness-log.tsx(154,19): error TS17004: Cannot use JSX unless the '--jsx' flag is provided.
app/screens/wellness-log.tsx(154,31): error TS2322: Type '{ key: any; onPress: () => any; style: any[]; }' is not assignable to type 'PressScaleProps'.
  Property 'key' does not exist on type 'PressScaleProps'.
app/screens/wellness-log.tsx(155,21): error TS17004: Cannot use JSX unless the '--jsx' flag is provided.
app/screens/wellness-log.tsx(160,13): error TS17004: Cannot use JSX unless the '--jsx' flag is provided.
app/screens/wellness-log.tsx(163,11): error TS17004: Cannot use JSX unless the '--jsx' flag is provided.
app/screens/wellness-log.tsx(164,11): error TS17004: Cannot use JSX unless the '--jsx' flag is provided.
app/screens/wellness-log.tsx(165,13): error TS17004: Cannot use JSX unless the '--jsx' flag is provided.
app/screens/wellness-log.tsx(169,19): error TS17004: Cannot use JSX unless the '--jsx' flag is provided.
app/screens/wellness-log.tsx(169,31): error TS2322: Type '{ key: SymptomType; onPress: () => void; style: any[]; }' is not assignable to type 'PressScaleProps'.
  Property 'key' does not exist on type 'PressScaleProps'.
app/screens/wellness-log.tsx(170,21): error TS17004: Cannot use JSX unless the '--jsx' flag is provided.
app/screens/wellness-log.tsx(171,21): error TS17004: Cannot use JSX unless the '--jsx' flag is provided.
app/screens/wellness-log.tsx(178,11): error TS17004: Cannot use JSX unless the '--jsx' flag is provided.
app/screens/wellness-log.tsx(179,11): error TS17004: Cannot use JSX unless the '--jsx' flag is provided.
app/screens/wellness-log.tsx(180,13): error TS17004: Cannot use JSX unless the '--jsx' flag is provided.
app/screens/wellness-log.tsx(181,13): error TS17004: Cannot use JSX unless the '--jsx' flag is provided.
app/screens/wellness-log.tsx(182,15): error TS17004: Cannot use JSX unless the '--jsx' flag is provided.
app/screens/wellness-log.tsx(183,44): error TS17004: Cannot use JSX unless the '--jsx' flag is provided.
app/screens/wellness-log.tsx(183,52): error TS2322: Type '{ key: FlowLevel; label: any; selected: boolean; onPress: () => any; }' is not assignable to type '{ label: string; selected: boolean; onPress: () => void; compact?: boolean | undefined; }'.
  Property 'key' does not exist on type '{ label: string; selected: boolean; onPress: () => void; compact?: boolean | undefined; }'.
app/screens/wellness-log.tsx(186,13): error TS17004: Cannot use JSX unless the '--jsx' flag is provided.
app/screens/wellness-log.tsx(187,13): error TS17004: Cannot use JSX unless the '--jsx' flag is provided.
app/screens/wellness-log.tsx(187,80): error TS17004: Cannot use JSX unless the '--jsx' flag is provided.
app/screens/wellness-log.tsx(187,88): error TS2322: Type '{ key: number; label: string; selected: boolean; onPress: () => any; compact: true; }' is not assignable to type '{ label: string; selected: boolean; onPress: () => void; compact?: boolean | undefined; }'.
  Property 'key' does not exist on type '{ label: string; selected: boolean; onPress: () => void; compact?: boolean | undefined; }'.
app/screens/wellness-log.tsx(189,13): error TS17004: Cannot use JSX unless the '--jsx' flag is provided.
app/screens/wellness-log.tsx(190,13): error TS17004: Cannot use JSX unless the '--jsx' flag is provided.
app/screens/wellness-log.tsx(192,13): error TS17004: Cannot use JSX unless the '--jsx' flag is provided.
app/screens/wellness-log.tsx(193,13): error TS17004: Cannot use JSX unless the '--jsx' flag is provided.
app/screens/wellness-log.tsx(193,40): error TS17004: Cannot use JSX unless the '--jsx' flag is provided.
app/screens/wellness-log.tsx(193,124): error TS17004: Cannot use JSX unless the '--jsx' flag is provided.
app/screens/wellness-log.tsx(196,11): error TS17004: Cannot use JSX unless the '--jsx' flag is provided.
app/screens/wellness-log.tsx(196,149): error TS7006: Parameter 'value' implicitly has an 'any' type.
app/screens/wellness-log.tsx(198,13): error TS17004: Cannot use JSX unless the '--jsx' flag is provided.
app/screens/wellness-log.tsx(199,15): error TS17004: Cannot use JSX unless the '--jsx' flag is provided.
app/screens/wellness-log.tsx(200,17): error TS17004: Cannot use JSX unless the '--jsx' flag is provided.
app/screens/wellness-log.tsx(201,17): error TS17004: Cannot use JSX unless the '--jsx' flag is provided.
app/screens/wellness-log.tsx(203,15): error TS17004: Cannot use JSX unless the '--jsx' flag is provided.
app/screens/wellness-log.tsx(204,15): error TS17004: Cannot use JSX unless the '--jsx' flag is provided.
app/screens/wellness-log.tsx(206,32): error TS7006: Parameter 'value' implicitly has an 'any' type.
app/screens/wellness-log.tsx(213,15): error TS17004: Cannot use JSX unless the '--jsx' flag is provided.
app/screens/wellness-log.tsx(214,15): error TS17004: Cannot use JSX unless the '--jsx' flag is provided.
app/screens/wellness-log.tsx(215,17): error TS17004: Cannot use JSX unless the '--jsx' flag is provided.
app/screens/wellness-log.tsx(218,53): error TS17004: Cannot use JSX unless the '--jsx' flag is provided.
app/screens/wellness-log.tsx(218,61): error TS2322: Type '{ key: "dry" | "sticky" | "creamy" | "watery" | "egg_white"; label: any; selected: boolean; onPress: () => any; }' is not assignable to type '{ label: string; selected: boolean; onPress: () => void; compact?: boolean | undefined; }'.
  Property 'key' does not exist on type '{ label: string; selected: boolean; onPress: () => void; compact?: boolean | undefined; }'.
app/screens/wellness-log.tsx(221,15): error TS17004: Cannot use JSX unless the '--jsx' flag is provided.
app/screens/wellness-log.tsx(222,15): error TS17004: Cannot use JSX unless the '--jsx' flag is provided.
app/screens/wellness-log.tsx(223,17): error TS17004: Cannot use JSX unless the '--jsx' flag is provided.
app/screens/wellness-log.tsx(224,17): error TS17004: Cannot use JSX unless the '--jsx' flag is provided.
app/screens/wellness-log.tsx(225,17): error TS17004: Cannot use JSX unless the '--jsx' flag is provided.
app/screens/wellness-log.tsx(230,11): error TS17004: Cannot use JSX unless the '--jsx' flag is provided.
app/screens/wellness-log.tsx(231,13): error TS17004: Cannot use JSX unless the '--jsx' flag is provided.
app/screens/wellness-log.tsx(232,13): error TS17004: Cannot use JSX unless the '--jsx' flag is provided.
app/screens/wellness-log.tsx(235,11): error TS17004: Cannot use JSX unless the '--jsx' flag is provided.
app/screens/wellness-log.tsx(236,11): error TS17004: Cannot use JSX unless the '--jsx' flag is provided.
app/screens/wellness-log.tsx(237,13): error TS17004: Cannot use JSX unless the '--jsx' flag is provided.
app/screens/wellness-log.tsx(241,9): error TS17004: Cannot use JSX unless the '--jsx' flag is provided.
app/screens/wellness-log.tsx(242,11): error TS17004: Cannot use JSX unless the '--jsx' flag is provided.
app/screens/wellness-log.tsx(258,10): error TS17004: Cannot use JSX unless the '--jsx' flag is provided.
app/screens/wellness-log.tsx(258,11): error TS2741: Property 'children' is missing in type '{ onPress: () => void; style: any[]; }' but required in type 'PressScaleProps'.
app/screens/wellness-log.tsx(258,126): error TS17004: Cannot use JSX unless the '--jsx' flag is provided.
app/screens/wellness-log.tsx(263,10): error TS17004: Cannot use JSX unless the '--jsx' flag is provided.
app/screens/wellness-log.tsx(263,45): error TS17004: Cannot use JSX unless the '--jsx' flag is provided.
app/screens/wellness-log.tsx(263,46): error TS2741: Property 'children' is missing in type '{ onPress: () => void; style: any[]; }' but required in type 'PressScaleProps'.
app/screens/wellness-log.tsx(263,144): error TS17004: Cannot use JSX unless the '--jsx' flag is provided.
app/screens/wellness-log.tsx(263,227): error TS17004: Cannot use JSX unless the '--jsx' flag is provided.
app/screens/wellness-log.tsx(263,310): error TS17004: Cannot use JSX unless the '--jsx' flag is provided.
app/screens/wellness-log.tsx(263,311): error TS2741: Property 'children' is missing in type '{ onPress: () => void; style: any[]; }' but required in type 'PressScaleProps'.
app/screens/wellness-log.tsx(263,394): error TS17004: Cannot use JSX unless the '--jsx' flag is provided.
app/screens/wellness-log.tsx(268,10): error TS17004: Cannot use JSX unless the '--jsx' flag is provided.
app/screens/wellness-log.tsx(268,63): error TS17004: Cannot use JSX unless the '--jsx' flag is provided.
app/screens/wellness-log.tsx(268,96): error TS17004: Cannot use JSX unless the '--jsx' flag is provided.
app/screens/wellness-log.tsx(268,144): error TS17004: Cannot use JSX unless the '--jsx' flag is provided.
app/screens/wellness-log.tsx(268,233): error TS17004: Cannot use JSX unless the '--jsx' flag is provided.
app/screens/wellness-log.tsx(268,315): error TS17004: Cannot use JSX unless the '--jsx' flag is provided.
app/screens/wellness-log.tsx(268,338): error TS2550: Property 'parseFloat' does not exist on type 'NumberConstructor'. Do you need to change your target library? Try changing the 'lib' compiler option to 'es2015' or later.
apps/api/__integration__/order-flow.test.ts(1,1): error TS2582: Cannot find name 'describe'. Do you need to install type definitions for a test runner? Try `npm i --save-dev @types/jest` or `npm i --save-dev @types/mocha`.
apps/api/__integration__/order-flow.test.ts(2,3): error TS2582: Cannot find name 'it'. Do you need to install type definitions for a test runner? Try `npm i --save-dev @types/jest` or `npm i --save-dev @types/mocha`.
apps/api/__integration__/order-flow.test.ts(3,25): error TS2580: Cannot find name 'process'. Do you need to install type definitions for node? Try `npm i --save-dev @types/node`.
apps/api/__integration__/order-flow.test.ts(4,22): error TS2580: Cannot find name 'process'. Do you need to install type definitions for node? Try `npm i --save-dev @types/node`.
apps/api/__integration__/order-flow.test.ts(5,5): error TS2304: Cannot find name 'expect'.
apps/api/__integration__/order-flow.test.ts(6,5): error TS2304: Cannot find name 'expect'.
apps/api/__integration__/order-flow.test.ts(9,3): error TS2582: Cannot find name 'it'. Do you need to install type definitions for a test runner? Try `npm i --save-dev @types/jest` or `npm i --save-dev @types/mocha`.
apps/api/__integration__/order-flow.test.ts(11,5): error TS2304: Cannot find name 'expect'.
apps/api/__integration__/order-flow.test.ts(11,27): error TS2304: Cannot find name 'expect'.
apps/api/prisma/seed.ts(7,16): error TS2705: An async function or method in ES5 requires the 'Promise' constructor.  Make sure you have a declaration for the 'Promise' constructor or include 'ES2015' in your '--lib' option.
apps/api/prisma/seed.ts(96,8): error TS2550: Property 'finally' does not exist on type 'Promise<void>'. Do you need to change your target library? Try changing the 'lib' compiler option to 'es2018' or later.
apps/api/src/addresses/fieldOrigins.ts(4,21): error TS2583: Cannot find name 'Set'. Do you need to change your target library? Try changing the 'lib' compiler option to 'es2015' or later.
apps/api/src/addresses/fieldOrigins.ts(20,23): error TS2583: Cannot find name 'Set'. Do you need to change your target library? Try changing the 'lib' compiler option to 'es2015' or later.
apps/api/src/adminCheckOwner.ts(5,16): error TS2705: An async function or method in ES5 requires the 'Promise' constructor.  Make sure you have a declaration for the 'Promise' constructor or include 'ES2015' in your '--lib' option.
apps/api/src/adminCheckOwner.ts(35,49): error TS2580: Cannot find name 'process'. Do you need to install type definitions for node? Try `npm i --save-dev @types/node`.
apps/api/src/adminCheckOwner.ts(35,69): error TS2550: Property 'finally' does not exist on type 'Promise<void>'. Do you need to change your target library? Try changing the 'lib' compiler option to 'es2018' or later.
apps/api/src/adminClearDevData.ts(6,16): error TS2705: An async function or method in ES5 requires the 'Promise' constructor.  Make sure you have a declaration for the 'Promise' constructor or include 'ES2015' in your '--lib' option.
apps/api/src/adminClearDevData.ts(7,24): error TS2580: Cannot find name 'process'. Do you need to install type definitions for node? Try `npm i --save-dev @types/node`.
apps/api/src/adminClearDevData.ts(7,65): error TS2580: Cannot find name 'process'. Do you need to install type definitions for node? Try `npm i --save-dev @types/node`.
apps/api/src/adminClearDevData.ts(10,5): error TS2580: Cannot find name 'process'. Do you need to install type definitions for node? Try `npm i --save-dev @types/node`.
apps/api/src/adminClearDevData.ts(95,8): error TS2550: Property 'finally' does not exist on type 'Promise<void>'. Do you need to change your target library? Try changing the 'lib' compiler option to 'es2018' or later.
apps/api/src/adminCreateOwner.ts(2,33): error TS2307: Cannot find module 'node:readline/promises' or its corresponding type declarations.
apps/api/src/adminCreateOwner.ts(6,16): error TS2705: An async function or method in ES5 requires the 'Promise' constructor.  Make sure you have a declaration for the 'Promise' constructor or include 'ES2015' in your '--lib' option.
apps/api/src/adminCreateOwner.ts(13,5): error TS2580: Cannot find name 'process'. Do you need to install type definitions for node? Try `npm i --save-dev @types/node`.
apps/api/src/adminCreateOwner.ts(18,21): error TS2580: Cannot find name 'process'. Do you need to install type definitions for node? Try `npm i --save-dev @types/node`.
apps/api/src/adminCreateOwner.ts(22,5): error TS2580: Cannot find name 'process'. Do you need to install type definitions for node? Try `npm i --save-dev @types/node`.
apps/api/src/adminCreateOwner.ts(25,39): error TS2580: Cannot find name 'process'. Do you need to install type definitions for node? Try `npm i --save-dev @types/node`.
apps/api/src/adminCreateOwner.ts(25,69): error TS2580: Cannot find name 'process'. Do you need to install type definitions for node? Try `npm i --save-dev @types/node`.
apps/api/src/adminCreateOwner.ts(87,5): error TS2580: Cannot find name 'process'. Do you need to install type definitions for node? Try `npm i --save-dev @types/node`.
apps/api/src/adminCreateOwner.ts(93,49): error TS2580: Cannot find name 'process'. Do you need to install type definitions for node? Try `npm i --save-dev @types/node`.
apps/api/src/adminCreateOwner.ts(93,69): error TS2550: Property 'finally' does not exist on type 'Promise<void>'. Do you need to change your target library? Try changing the 'lib' compiler option to 'es2018' or later.
apps/api/src/adminSeedDev.ts(7,16): error TS2705: An async function or method in ES5 requires the 'Promise' constructor.  Make sure you have a declaration for the 'Promise' constructor or include 'ES2015' in your '--lib' option.
apps/api/src/adminSeedDev.ts(8,24): error TS2580: Cannot find name 'process'. Do you need to install type definitions for node? Try `npm i --save-dev @types/node`.
apps/api/src/adminSeedDev.ts(8,65): error TS2580: Cannot find name 'process'. Do you need to install type definitions for node? Try `npm i --save-dev @types/node`.
apps/api/src/adminSeedDev.ts(11,5): error TS2580: Cannot find name 'process'. Do you need to install type definitions for node? Try `npm i --save-dev @types/node`.
apps/api/src/adminSeedDev.ts(219,8): error TS2550: Property 'finally' does not exist on type 'Promise<void>'. Do you need to change your target library? Try changing the 'lib' compiler option to 'es2018' or later.
apps/api/src/auth/firebaseAdmin.ts(1,66): error TS2307: Cannot find module 'firebase-admin/app' or its corresponding type declarations.
apps/api/src/auth/firebaseAdmin.ts(2,25): error TS2307: Cannot find module 'firebase-admin/auth' or its corresponding type declarations.
apps/api/src/auth/firebaseAdmin.ts(42,4): error TS2705: An async function or method in ES5 requires the 'Promise' constructor.  Make sure you have a declaration for the 'Promise' constructor or include 'ES2015' in your '--lib' option.
apps/api/src/auth/firebaseAdmin.ts(130,76): error TS2705: An async function or method in ES5 requires the 'Promise' constructor.  Make sure you have a declaration for the 'Promise' constructor or include 'ES2015' in your '--lib' option.
apps/api/src/config/env.ts(43,10): error TS2580: Cannot find name 'process'. Do you need to install type definitions for node? Try `npm i --save-dev @types/node`.
apps/api/src/config/env.ts(70,57): error TS2550: Property 'includes' does not exist on type 'string[]'. Do you need to change your target library? Try changing the 'lib' compiler option to 'es2016' or later.
apps/api/src/courier/dto.ts(21,17): error TS2550: Property 'isFinite' does not exist on type 'NumberConstructor'. Do you need to change your target library? Try changing the 'lib' compiler option to 'es2015' or later.
apps/api/src/courier/dto.ts(29,70): error TS1501: This regular expression flag is only available when targeting 'es6' or later.
apps/api/src/courier/dto.ts(30,74): error TS1501: This regular expression flag is only available when targeting 'es6' or later.
apps/api/src/db/prisma.ts(6,8): error TS2580: Cannot find name 'process'. Do you need to install type definitions for node? Try `npm i --save-dev @types/node`.
apps/api/src/db/prisma.ts(9,5): error TS2580: Cannot find name 'process'. Do you need to install type definitions for node? Try `npm i --save-dev @types/node`.
apps/api/src/db/redis.ts(1,17): error TS2307: Cannot find module 'node:net' or its corresponding type declarations.
apps/api/src/db/redis.ts(2,17): error TS2307: Cannot find module 'node:tls' or its corresponding type declarations.
apps/api/src/db/redis.ts(21,15): error TS2550: Property 'isInteger' does not exist on type 'NumberConstructor'. Do you need to change your target library? Try changing the 'lib' compiler option to 'es2015' or later.
apps/api/src/db/redis.ts(38,16): error TS2580: Cannot find name 'Buffer'. Do you need to install type definitions for node? Try `npm i --save-dev @types/node`.
apps/api/src/db/redis.ts(42,34): error TS2580: Cannot find name 'Buffer'. Do you need to install type definitions for node? Try `npm i --save-dev @types/node`.
apps/api/src/db/redis.ts(71,16): error TS2585: 'Promise' only refers to a type, but is being used as a value here. Do you need to change your target library? Try changing the 'lib' compiler option to es2015 or later.
apps/api/src/db/redis.ts(71,40): error TS7006: Parameter 'resolve' implicitly has an 'any' type.
apps/api/src/db/redis.ts(71,49): error TS7006: Parameter 'reject' implicitly has an 'any' type.
apps/api/src/db/redis.ts(76,18): error TS2580: Cannot find name 'Buffer'. Do you need to install type definitions for node? Try `npm i --save-dev @types/node`.
apps/api/src/db/redis.ts(84,26): error TS7006: Parameter 'chunk' implicitly has an 'any' type.
apps/api/src/db/redis.ts(85,16): error TS2580: Cannot find name 'Buffer'. Do you need to install type definitions for node? Try `npm i --save-dev @types/node`.
apps/api/src/db/redis.ts(85,37): error TS2580: Cannot find name 'Buffer'. Do you need to install type definitions for node? Try `npm i --save-dev @types/node`.
apps/api/src/db/redis.ts(87,18): error TS2580: Cannot find name 'Buffer'. Do you need to install type definitions for node? Try `npm i --save-dev @types/node`.
apps/api/src/emailService.ts(1,24): error TS2307: Cannot find module 'nodemailer' or its corresponding type declarations.
apps/api/src/emailService.ts(19,17): error TS2580: Cannot find name 'process'. Do you need to install type definitions for node? Try `npm i --save-dev @types/node`.
apps/api/src/emailService.ts(19,40): error TS2580: Cannot find name 'process'. Do you need to install type definitions for node? Try `npm i --save-dev @types/node`.
apps/api/src/emailService.ts(20,31): error TS2580: Cannot find name 'process'. Do you need to install type definitions for node? Try `npm i --save-dev @types/node`.
apps/api/src/emailService.ts(21,27): error TS2580: Cannot find name 'process'. Do you need to install type definitions for node? Try `npm i --save-dev @types/node`.
apps/api/src/emailService.ts(22,30): error TS2580: Cannot find name 'process'. Do you need to install type definitions for node? Try `npm i --save-dev @types/node`.
apps/api/src/emailService.ts(23,20): error TS2580: Cannot find name 'process'. Do you need to install type definitions for node? Try `npm i --save-dev @types/node`.
apps/api/src/emailService.ts(24,24): error TS2580: Cannot find name 'process'. Do you need to install type definitions for node? Try `npm i --save-dev @types/node`.
apps/api/src/emailService.ts(78,63): error TS2705: An async function or method in ES5 requires the 'Promise' constructor.  Make sure you have a declaration for the 'Promise' constructor or include 'ES2015' in your '--lib' option.
apps/api/src/emailService.ts(79,18): error TS2580: Cannot find name 'process'. Do you need to install type definitions for node? Try `npm i --save-dev @types/node`.
apps/api/src/emailService.ts(100,61): error TS2705: An async function or method in ES5 requires the 'Promise' constructor.  Make sure you have a declaration for the 'Promise' constructor or include 'ES2015' in your '--lib' option.
apps/api/src/emailService.ts(101,16): error TS2580: Cannot find name 'process'. Do you need to install type definitions for node? Try `npm i --save-dev @types/node`.
apps/api/src/emailService.ts(102,23): error TS2580: Cannot find name 'process'. Do you need to install type definitions for node? Try `npm i --save-dev @types/node`.
apps/api/src/emailService.ts(103,16): error TS2580: Cannot find name 'process'. Do you need to install type definitions for node? Try `npm i --save-dev @types/node`.
apps/api/src/emailService.ts(104,16): error TS2580: Cannot find name 'process'. Do you need to install type definitions for node? Try `npm i --save-dev @types/node`.
apps/api/src/emailService.ts(109,13): error TS2580: Cannot find name 'process'. Do you need to install type definitions for node? Try `npm i --save-dev @types/node`.
apps/api/src/emailService.ts(123,51): error TS2580: Cannot find name 'process'. Do you need to install type definitions for node? Try `npm i --save-dev @types/node`.
apps/api/src/emailService.ts(124,49): error TS2580: Cannot find name 'process'. Do you need to install type definitions for node? Try `npm i --save-dev @types/node`.
apps/api/src/emailService.ts(124,74): error TS2580: Cannot find name 'process'. Do you need to install type definitions for node? Try `npm i --save-dev @types/node`.
apps/api/src/emailService.ts(124,99): error TS2580: Cannot find name 'process'. Do you need to install type definitions for node? Try `npm i --save-dev @types/node`.
apps/api/src/emailService.ts(129,38): error TS2580: Cannot find name 'process'. Do you need to install type definitions for node? Try `npm i --save-dev @types/node`.
apps/api/src/emailService.ts(130,36): error TS2580: Cannot find name 'process'. Do you need to install type definitions for node? Try `npm i --save-dev @types/node`.
apps/api/src/emailService.ts(130,61): error TS2580: Cannot find name 'process'. Do you need to install type definitions for node? Try `npm i --save-dev @types/node`.
apps/api/src/emailService.ts(130,86): error TS2580: Cannot find name 'process'. Do you need to install type definitions for node? Try `npm i --save-dev @types/node`.
apps/api/src/emailService.ts(136,39): error TS2580: Cannot find name 'process'. Do you need to install type definitions for node? Try `npm i --save-dev @types/node`.
apps/api/src/emailService.ts(139,77): error TS2705: An async function or method in ES5 requires the 'Promise' constructor.  Make sure you have a declaration for the 'Promise' constructor or include 'ES2015' in your '--lib' option.
apps/api/src/payments/provider.ts(1,57): error TS2307: Cannot find module 'node:crypto' or its corresponding type declarations.
apps/api/src/payments/provider.ts(60,31): error TS2705: An async function or method in ES5 requires the 'Promise' constructor.  Make sure you have a declaration for the 'Promise' constructor or include 'ES2015' in your '--lib' option.
apps/api/src/payments/provider.ts(72,55): error TS2705: An async function or method in ES5 requires the 'Promise' constructor.  Make sure you have a declaration for the 'Promise' constructor or include 'ES2015' in your '--lib' option.
apps/api/src/payments/provider.ts(73,17): error TS2550: Property 'isFinite' does not exist on type 'NumberConstructor'. Do you need to change your target library? Try changing the 'lib' compiler option to 'es2015' or later.
apps/api/src/payments/provider.ts(85,86): error TS2705: An async function or method in ES5 requires the 'Promise' constructor.  Make sure you have a declaration for the 'Promise' constructor or include 'ES2015' in your '--lib' option.
apps/api/src/payments/provider.ts(97,49): error TS2705: An async function or method in ES5 requires the 'Promise' constructor.  Make sure you have a declaration for the 'Promise' constructor or include 'ES2015' in your '--lib' option.
apps/api/src/payments/provider.ts(98,17): error TS2550: Property 'isFinite' does not exist on type 'NumberConstructor'. Do you need to change your target library? Try changing the 'lib' compiler option to 'es2015' or later.
apps/api/src/payments/provider.ts(126,31): error TS2705: An async function or method in ES5 requires the 'Promise' constructor.  Make sure you have a declaration for the 'Promise' constructor or include 'ES2015' in your '--lib' option.
apps/api/src/payments/provider.ts(127,25): error TS2705: An async function or method in ES5 requires the 'Promise' constructor.  Make sure you have a declaration for the 'Promise' constructor or include 'ES2015' in your '--lib' option.
apps/api/src/payments/provider.ts(128,26): error TS2705: An async function or method in ES5 requires the 'Promise' constructor.  Make sure you have a declaration for the 'Promise' constructor or include 'ES2015' in your '--lib' option.
apps/api/src/payments/provider.ts(129,19): error TS2705: An async function or method in ES5 requires the 'Promise' constructor.  Make sure you have a declaration for the 'Promise' constructor or include 'ES2015' in your '--lib' option.
apps/api/src/payments/provider.ts(136,28): error TS2580: Cannot find name 'Buffer'. Do you need to install type definitions for node? Try `npm i --save-dev @types/node`.
apps/api/src/payments/provider.ts(136,49): error TS2580: Cannot find name 'Buffer'. Do you need to install type definitions for node? Try `npm i --save-dev @types/node`.
apps/api/src/quality/policy.ts(49,57): error TS2550: Property 'values' does not exist on type 'ObjectConstructor'. Do you need to change your target library? Try changing the 'lib' compiler option to 'es2017' or later.
apps/api/src/quality/policy.ts(60,17): error TS2550: Property 'isFinite' does not exist on type 'NumberConstructor'. Do you need to change your target library? Try changing the 'lib' compiler option to 'es2015' or later.
apps/api/src/quality/policy.ts(123,15): error TS2550: Property 'isFinite' does not exist on type 'NumberConstructor'. Do you need to change your target library? Try changing the 'lib' compiler option to 'es2015' or later.
apps/api/src/security/hash.ts(1,78): error TS2307: Cannot find module 'node:crypto' or its corresponding type declarations.
apps/api/src/security/hash.ts(2,27): error TS2307: Cannot find module 'node:util' or its corresponding type declarations.
apps/api/src/security/hash.ts(8,59): error TS2580: Cannot find name 'Buffer'. Do you need to install type definitions for node? Try `npm i --save-dev @types/node`.
apps/api/src/security/hash.ts(16,20): error TS2580: Cannot find name 'Buffer'. Do you need to install type definitions for node? Try `npm i --save-dev @types/node`.
apps/api/src/security/hash.ts(17,67): error TS2580: Cannot find name 'Buffer'. Do you need to install type definitions for node? Try `npm i --save-dev @types/node`.
apps/api/src/server.ts(3,63): error TS2307: Cannot find module 'node:http' or its corresponding type declarations.
apps/api/src/server.ts(4,51): error TS2307: Cannot find module 'node:crypto' or its corresponding type declarations.
apps/api/src/server.ts(5,21): error TS2307: Cannot find module 'node:url' or its corresponding type declarations.
apps/api/src/server.ts(6,30): error TS2307: Cannot find module 'google-auth-library' or its corresponding type declarations.
apps/api/src/server.ts(30,31): error TS2580: Cannot find name 'process'. Do you need to install type definitions for node? Try `npm i --save-dev @types/node`.
apps/api/src/server.ts(59,85): error TS2550: Property 'isFinite' does not exist on type 'NumberConstructor'. Do you need to change your target library? Try changing the 'lib' compiler option to 'es2015' or later.
apps/api/src/server.ts(59,104): error TS2550: Property 'trunc' does not exist on type 'Math'. Do you need to change your target library? Try changing the 'lib' compiler option to 'es2015' or later.
apps/api/src/server.ts(62,16): error TS2339: Property 'includes' does not exist on type 'readonly T[]'.
apps/api/src/server.ts(72,27): error TS2550: Property 'isFinite' does not exist on type 'NumberConstructor'. Do you need to change your target library? Try changing the 'lib' compiler option to 'es2015' or later.
apps/api/src/server.ts(79,15): error TS2550: Property 'isFinite' does not exist on type 'NumberConstructor'. Do you need to change your target library? Try changing the 'lib' compiler option to 'es2015' or later.
apps/api/src/server.ts(84,93): error TS2705: An async function or method in ES5 requires the 'Promise' constructor.  Make sure you have a declaration for the 'Promise' constructor or include 'ES2015' in your '--lib' option.
apps/api/src/server.ts(87,18): error TS2585: 'Promise' only refers to a type, but is being used as a value here. Do you need to change your target library? Try changing the 'lib' compiler option to es2015 or later.
apps/api/src/server.ts(89,11): error TS2585: 'Promise' only refers to a type, but is being used as a value here. Do you need to change your target library? Try changing the 'lib' compiler option to es2015 or later.
apps/api/src/server.ts(89,23): error TS7006: Parameter '_resolve' implicitly has an 'any' type.
apps/api/src/server.ts(89,33): error TS7006: Parameter 'reject' implicitly has an 'any' type.
apps/api/src/server.ts(99,20): error TS2580: Cannot find name 'process'. Do you need to install type definitions for node? Try `npm i --save-dev @types/node`.
apps/api/src/server.ts(124,26): error TS2550: Property 'startsWith' does not exist on type 'string'. Do you need to change your target library? Try changing the 'lib' compiler option to 'es2015' or later.
apps/api/src/server.ts(126,11): error TS2550: Property 'startsWith' does not exist on type 'string'. Do you need to change your target library? Try changing the 'lib' compiler option to 'es2015' or later.
apps/api/src/server.ts(128,13): error TS2550: Property 'startsWith' does not exist on type 'string'. Do you need to change your target library? Try changing the 'lib' compiler option to 'es2015' or later.
apps/api/src/server.ts(130,15): error TS2550: Property 'startsWith' does not exist on type 'string'. Do you need to change your target library? Try changing the 'lib' compiler option to 'es2015' or later.
apps/api/src/server.ts(143,41): error TS2580: Cannot find name 'process'. Do you need to install type definitions for node? Try `npm i --save-dev @types/node`.
apps/api/src/server.ts(172,16): error TS2580: Cannot find name 'Buffer'. Do you need to install type definitions for node? Try `npm i --save-dev @types/node`.
apps/api/src/server.ts(220,36): error TS2550: Property 'includes' does not exist on type 'string[]'. Do you need to change your target library? Try changing the 'lib' compiler option to 'es2016' or later.
apps/api/src/server.ts(221,70): error TS2550: Property 'includes' does not exist on type 'string[]'. Do you need to change your target library? Try changing the 'lib' compiler option to 'es2016' or later.
apps/api/src/server.ts(255,48): error TS2705: An async function or method in ES5 requires the 'Promise' constructor.  Make sure you have a declaration for the 'Promise' constructor or include 'ES2015' in your '--lib' option.
apps/api/src/server.ts(256,17): error TS2580: Cannot find name 'Buffer'. Do you need to install type definitions for node? Try `npm i --save-dev @types/node`.
apps/api/src/server.ts(258,14): error TS2585: 'Promise' only refers to a type, but is being used as a value here. Do you need to change your target library? Try changing the 'lib' compiler option to es2015 or later.
apps/api/src/server.ts(258,23): error TS7006: Parameter 'resolve' implicitly has an 'any' type.
apps/api/src/server.ts(258,32): error TS7006: Parameter 'reject' implicitly has an 'any' type.
apps/api/src/server.ts(259,21): error TS7006: Parameter 'chunk' implicitly has an 'any' type.
apps/api/src/server.ts(266,19): error TS2580: Cannot find name 'Buffer'. Do you need to install type definitions for node? Try `npm i --save-dev @types/node`.
apps/api/src/server.ts(270,32): error TS2580: Cannot find name 'Buffer'. Do you need to install type definitions for node? Try `npm i --save-dev @types/node`.
apps/api/src/server.ts(277,51): error TS2705: An async function or method in ES5 requires the 'Promise' constructor.  Make sure you have a declaration for the 'Promise' constructor or include 'ES2015' in your '--lib' option.
apps/api/src/server.ts(278,17): error TS2580: Cannot find name 'Buffer'. Do you need to install type definitions for node? Try `npm i --save-dev @types/node`.
apps/api/src/server.ts(280,14): error TS2585: 'Promise' only refers to a type, but is being used as a value here. Do you need to change your target library? Try changing the 'lib' compiler option to es2015 or later.
apps/api/src/server.ts(280,23): error TS7006: Parameter 'resolve' implicitly has an 'any' type.
apps/api/src/server.ts(280,32): error TS7006: Parameter 'reject' implicitly has an 'any' type.
apps/api/src/server.ts(281,21): error TS7006: Parameter 'chunk' implicitly has an 'any' type.
apps/api/src/server.ts(288,19): error TS2580: Cannot find name 'Buffer'. Do you need to install type definitions for node? Try `npm i --save-dev @types/node`.
apps/api/src/server.ts(290,33): error TS2580: Cannot find name 'Buffer'. Do you need to install type definitions for node? Try `npm i --save-dev @types/node`.
apps/api/src/server.ts(295,16): error TS2705: An async function or method in ES5 requires the 'Promise' constructor.  Make sure you have a declaration for the 'Promise' constructor or include 'ES2015' in your '--lib' option.
apps/api/src/server.ts(476,16): error TS2705: An async function or method in ES5 requires the 'Promise' constructor.  Make sure you have a declaration for the 'Promise' constructor or include 'ES2015' in your '--lib' option.
apps/api/src/server.ts(486,42): error TS2550: Property 'entries' does not exist on type 'ObjectConstructor'. Do you need to change your target library? Try changing the 'lib' compiler option to 'es2017' or later.
apps/api/src/server.ts(601,19): error TS2583: Cannot find name 'Map'. Do you need to change your target library? Try changing the 'lib' compiler option to 'es2015' or later.
apps/api/src/server.ts(620,33): error TS2583: Cannot find name 'Map'. Do you need to change your target library? Try changing the 'lib' compiler option to 'es2015' or later.
apps/api/src/server.ts(631,143): error TS2550: Property 'includes' does not exist on type 'string[]'. Do you need to change your target library? Try changing the 'lib' compiler option to 'es2016' or later.
apps/api/src/server.ts(639,41): error TS2585: 'Promise' only refers to a type, but is being used as a value here. Do you need to change your target library? Try changing the 'lib' compiler option to es2015 or later.
apps/api/src/server.ts(643,26): error TS2583: Cannot find name 'Map'. Do you need to change your target library? Try changing the 'lib' compiler option to 'es2015' or later.
apps/api/src/server.ts(644,28): error TS2583: Cannot find name 'Map'. Do you need to change your target library? Try changing the 'lib' compiler option to 'es2015' or later.
apps/api/src/server.ts(646,26): error TS2583: Cannot find name 'Map'. Do you need to change your target library? Try changing the 'lib' compiler option to 'es2015' or later.
apps/api/src/server.ts(807,15): error TS2550: Property 'isFinite' does not exist on type 'NumberConstructor'. Do you need to change your target library? Try changing the 'lib' compiler option to 'es2015' or later.
apps/api/src/server.ts(808,15): error TS2550: Property 'isFinite' does not exist on type 'NumberConstructor'. Do you need to change your target library? Try changing the 'lib' compiler option to 'es2015' or later.
apps/api/src/server.ts(825,92): error TS2550: Property 'startsWith' does not exist on type 'string'. Do you need to change your target library? Try changing the 'lib' compiler option to 'es2015' or later.
apps/api/src/server.ts(834,34): error TS2550: Property 'entries' does not exist on type 'ObjectConstructor'. Do you need to change your target library? Try changing the 'lib' compiler option to 'es2017' or later.
apps/api/src/server.ts(835,17): error TS7031: Binding element 'value' implicitly has an 'any' type.
apps/api/src/server.ts(836,12): error TS7031: Binding element 'key' implicitly has an 'any' type.
apps/api/src/server.ts(860,16): error TS2550: Property 'startsWith' does not exist on type 'string'. Do you need to change your target library? Try changing the 'lib' compiler option to 'es2015' or later.
apps/api/src/server.ts(864,15): error TS2550: Property 'isFinite' does not exist on type 'NumberConstructor'. Do you need to change your target library? Try changing the 'lib' compiler option to 'es2015' or later.
apps/api/src/server.ts(864,45): error TS2550: Property 'isFinite' does not exist on type 'NumberConstructor'. Do you need to change your target library? Try changing the 'lib' compiler option to 'es2015' or later.
apps/api/src/server.ts(976,34): error TS2580: Cannot find name 'process'. Do you need to install type definitions for node? Try `npm i --save-dev @types/node`.
apps/api/src/server.ts(1013,55): error TS2550: Property 'find' does not exist on type 'string[]'. Do you need to change your target library? Try changing the 'lib' compiler option to 'es2015' or later.
apps/api/src/server.ts(1013,61): error TS7006: Parameter 'item' implicitly has an 'any' type.
apps/api/src/server.ts(1027,51): error TS2339: Property 'includes' does not exist on type 'readonly string[]'.
apps/api/src/server.ts(1032,14): error TS2550: Property 'includes' does not exist on type '("OWNER" | "ADMIN" | "COURIER" | "SUPPORT" | "PACKER" | "COURIER_MANAGER" | "READONLY" | "CATALOG_MANAGER")[]'. Do you need to change your target library? Try changing the 'lib' compiler option to 'es2016' or later.
apps/api/src/server.ts(1050,16): error TS2705: An async function or method in ES5 requires the 'Promise' constructor.  Make sure you have a declaration for the 'Promise' constructor or include 'ES2015' in your '--lib' option.
apps/api/src/server.ts(1148,81): error TS2550: Property 'includes' does not exist on type 'string[]'. Do you need to change your target library? Try changing the 'lib' compiler option to 'es2016' or later.
apps/api/src/server.ts(1181,76): error TS2550: Property 'includes' does not exist on type 'string[]'. Do you need to change your target library? Try changing the 'lib' compiler option to 'es2016' or later.
apps/api/src/server.ts(1272,31): error TS2583: Cannot find name 'Map'. Do you need to change your target library? Try changing the 'lib' compiler option to 'es2015' or later.
apps/api/src/server.ts(1534,15): error TS2585: 'Promise' only refers to a type, but is being used as a value here. Do you need to change your target library? Try changing the 'lib' compiler option to es2015 or later.
apps/api/src/server.ts(1607,87): error TS2550: Property 'includes' does not exist on type 'string[]'. Do you need to change your target library? Try changing the 'lib' compiler option to 'es2016' or later.
apps/api/src/server.ts(1764,35): error TS2583: Cannot find name 'Map'. Do you need to change your target library? Try changing the 'lib' compiler option to 'es2015' or later.
apps/api/src/server.ts(1940,18): error TS2550: Property 'includes' does not exist on type 'string[]'. Do you need to change your target library? Try changing the 'lib' compiler option to 'es2016' or later.
apps/api/src/server.ts(1943,139): error TS2550: Property 'includes' does not exist on type 'string[]'. Do you need to change your target library? Try changing the 'lib' compiler option to 'es2016' or later.
apps/api/src/server.ts(2299,16): error TS2550: Property 'startsWith' does not exist on type 'string'. Do you need to change your target library? Try changing the 'lib' compiler option to 'es2015' or later.
apps/api/src/server.ts(2307,72): error TS2550: Property 'includes' does not exist on type 'string[]'. Do you need to change your target library? Try changing the 'lib' compiler option to 'es2016' or later.
apps/api/src/server.ts(2318,16): error TS2550: Property 'startsWith' does not exist on type 'string'. Do you need to change your target library? Try changing the 'lib' compiler option to 'es2015' or later.
apps/api/src/server.ts(2376,16): error TS2550: Property 'startsWith' does not exist on type 'string'. Do you need to change your target library? Try changing the 'lib' compiler option to 'es2015' or later.
apps/api/src/server.ts(2408,32): error TS2583: Cannot find name 'Set'. Do you need to change your target library? Try changing the 'lib' compiler option to 'es2015' or later.
apps/api/src/server.ts(2428,16): error TS2550: Property 'includes' does not exist on type 'string'. Do you need to change your target library? Try changing the 'lib' compiler option to 'es2015' or later.
apps/api/src/server.ts(2651,31): error TS2705: An async function or method in ES5 requires the 'Promise' constructor.  Make sure you have a declaration for the 'Promise' constructor or include 'ES2015' in your '--lib' option.
apps/api/src/server.ts(2657,93): error TS2339: Property 'endsWith' does not exist on type '"payment_intent.failed" | "payment_intent.cancelled"'.
  Property 'endsWith' does not exist on type '"payment_intent.failed"'.
apps/api/src/server.ts(2670,25): error TS2550: Property 'startsWith' does not exist on type 'string'. Do you need to change your target library? Try changing the 'lib' compiler option to 'es2015' or later.
apps/api/src/server.ts(2757,32): error TS2550: Property 'includes' does not exist on type 'string[]'. Do you need to change your target library? Try changing the 'lib' compiler option to 'es2016' or later.
apps/api/src/server.ts(2857,26): error TS2550: Property 'includes' does not exist on type 'string[]'. Do you need to change your target library? Try changing the 'lib' compiler option to 'es2016' or later.
apps/api/src/server.ts(2858,82): error TS2583: Cannot find name 'Set'. Do you need to change your target library? Try changing the 'lib' compiler option to 'es2015' or later.
apps/api/src/server.ts(2859,67): error TS2550: Property 'includes' does not exist on type 'string[]'. Do you need to change your target library? Try changing the 'lib' compiler option to 'es2016' or later.
apps/api/src/server.ts(2860,78): error TS2583: Cannot find name 'Set'. Do you need to change your target library? Try changing the 'lib' compiler option to 'es2015' or later.
apps/api/src/server.ts(2861,44): error TS2550: Property 'includes' does not exist on type 'string[]'. Do you need to change your target library? Try changing the 'lib' compiler option to 'es2016' or later.
apps/api/src/server.ts(2863,26): error TS2550: Property 'includes' does not exist on type 'string[]'. Do you need to change your target library? Try changing the 'lib' compiler option to 'es2016' or later.
apps/api/src/server.ts(2950,43): error TS2585: 'Promise' only refers to a type, but is being used as a value here. Do you need to change your target library? Try changing the 'lib' compiler option to es2015 or later.
apps/api/src/server.ts(2958,43): error TS2585: 'Promise' only refers to a type, but is being used as a value here. Do you need to change your target library? Try changing the 'lib' compiler option to es2015 or later.
apps/api/src/server.ts(2967,43): error TS2585: 'Promise' only refers to a type, but is being used as a value here. Do you need to change your target library? Try changing the 'lib' compiler option to es2015 or later.
apps/api/src/server.ts(2974,29): error TS2769: No overload matches this call.
  Overload 1 of 4, '(vd: VarDate): Date', gave the following error.
    Argument of type 'string | Date' is not assignable to parameter of type 'VarDate'.
      Type 'string' is not assignable to type 'VarDate'.
  Overload 2 of 4, '(value: string | number): Date', gave the following error.
    Argument of type 'string | Date' is not assignable to parameter of type 'string | number'.
      Type 'Date' is not assignable to type 'string | number'.
apps/api/src/server.ts(3000,16): error TS2550: Property 'isNaN' does not exist on type 'NumberConstructor'. Do you need to change your target library? Try changing the 'lib' compiler option to 'es2015' or later.
apps/api/src/server.ts(3000,50): error TS2550: Property 'includes' does not exist on type 'string[]'. Do you need to change your target library? Try changing the 'lib' compiler option to 'es2016' or later.
apps/api/src/server.ts(3102,18): error TS2550: Property 'isNaN' does not exist on type 'NumberConstructor'. Do you need to change your target library? Try changing the 'lib' compiler option to 'es2015' or later.
apps/api/src/server.ts(3198,31): error TS2705: An async function or method in ES5 requires the 'Promise' constructor.  Make sure you have a declaration for the 'Promise' constructor or include 'ES2015' in your '--lib' option.
apps/api/src/server.ts(3404,33): error TS2705: An async function or method in ES5 requires the 'Promise' constructor.  Make sure you have a declaration for the 'Promise' constructor or include 'ES2015' in your '--lib' option.
apps/api/src/server.ts(3421,33): error TS2705: An async function or method in ES5 requires the 'Promise' constructor.  Make sure you have a declaration for the 'Promise' constructor or include 'ES2015' in your '--lib' option.
apps/api/src/server.ts(3431,67): error TS2585: 'Promise' only refers to a type, but is being used as a value here. Do you need to change your target library? Try changing the 'lib' compiler option to es2015 or later.
apps/api/src/server.ts(3450,40): error TS2705: An async function or method in ES5 requires the 'Promise' constructor.  Make sure you have a declaration for the 'Promise' constructor or include 'ES2015' in your '--lib' option.
apps/api/src/server.ts(3467,30): error TS7006: Parameter 'req' implicitly has an 'any' type.
apps/api/src/server.ts(3467,35): error TS7006: Parameter 'res' implicitly has an 'any' type.
apps/api/src/server.ts(3471,38): error TS2705: An async function or method in ES5 requires the 'Promise' constructor.  Make sure you have a declaration for the 'Promise' constructor or include 'ES2015' in your '--lib' option.
apps/api/src/subscriptions/schedule.ts(43,17): error TS2550: Property 'isInteger' does not exist on type 'NumberConstructor'. Do you need to change your target library? Try changing the 'lib' compiler option to 'es2015' or later.
expo-env.d.ts(1,23): error TS2688: Cannot find type definition file for 'expo/types'.
packages/api-client/src/index.ts(12,59): error TS2705: An async function or method in ES5 requires the 'Promise' constructor.  Make sure you have a declaration for the 'Promise' constructor or include 'ES2015' in your '--lib' option.
packages/shared/src/index.ts(39,26): error TS2339: Property 'includes' does not exist on type 'readonly ["NOT_READY", "READY", "READY_FOR_COURIER", "COURIER_ASSIGNED", "PICKED_UP", "OUT_FOR_DELIVERY", "DELIVERED", "DELIVERY_ISSUE", "FAILED", "RETURNED", "CANCELLED"]'.
packages/shared/src/index.ts(39,81): error TS2339: Property 'includes' does not exist on type 'readonly ["NOT_READY", "READY", "READY_FOR_COURIER", "COURIER_ASSIGNED", "PICKED_UP", "OUT_FOR_DELIVERY", "DELIVERED", "DELIVERY_ISSUE", "FAILED", "RETURNED", "CANCELLED"]'.
packages/shared/src/index.ts(44,25): error TS2550: Property 'includes' does not exist on type '("READY_FOR_COURIER" | "COURIER_ASSIGNED" | "PICKED_UP" | "OUT_FOR_DELIVERY" | "DELIVERED" | "CANCELLED" | "FAILED" | "NOT_READY" | "READY" | "DELIVERY_ISSUE" | "RETURNED")[]'. Do you need to change your target library? Try changing the 'lib' compiler option to 'es2016' or later.
packages/shared/src/index.ts(46,61): error TS2550: Property 'includes' does not exist on type '("READY_FOR_COURIER" | "COURIER_ASSIGNED" | "PICKED_UP" | "OUT_FOR_DELIVERY" | "DELIVERED" | "CANCELLED" | "FAILED" | "NOT_READY" | "READY" | "DELIVERY_ISSUE" | "RETURNED")[]'. Do you need to change your target library? Try changing the 'lib' compiler option to 'es2016' or later.
packages/shared/src/index.ts(66,52): error TS2339: Property 'includes' does not exist on type 'readonly ["DRAFT", "PENDING_PAYMENT", "PAID", "PACKING", "READY_FOR_COURIER", "COURIER_ASSIGNED", "PICKED_UP", "OUT_FOR_DELIVERY", "DELIVERED", "CANCELLED", "PAYMENT_FAILED", "REFUNDED", "ISSUE"]'.
packages/shared/src/index.ts(67,23): error TS2339: Property 'includes' does not exist on type 'readonly ["DRAFT", "PENDING_PAYMENT", "PAID", "PACKING", "READY_FOR_COURIER", "COURIER_ASSIGNED", "PICKED_UP", "OUT_FOR_DELIVERY", "DELIVERED", "CANCELLED", "PAYMENT_FAILED", "REFUNDED", "ISSUE"]'.
packages/shared/src/index.ts(67,72): error TS2339: Property 'includes' does not exist on type 'readonly ["DRAFT", "PENDING_PAYMENT", "PAID", "PACKING", "READY_FOR_COURIER", "COURIER_ASSIGNED", "PICKED_UP", "OUT_FOR_DELIVERY", "DELIVERED", "CANCELLED", "PAYMENT_FAILED", "REFUNDED", "ISSUE"]'.
packages/shared/src/index.ts(68,55): error TS2550: Property 'includes' does not exist on type '("PAID" | "READY_FOR_COURIER" | "DRAFT" | "PENDING_PAYMENT" | "PACKING" | "COURIER_ASSIGNED" | "PICKED_UP" | "OUT_FOR_DELIVERY" | "DELIVERED" | "CANCELLED" | "PAYMENT_FAILED" | "REFUNDED" | "ISSUE")[]'. Do you need to change your target library? Try changing the 'lib' compiler option to 'es2016' or later.
packages/shared/src/index.ts(72,45): error TS2339: Property 'includes' does not exist on type 'readonly string[]'.
src/bootstrap/AppShell.tsx(1,65): error TS2307: Cannot find module 'react' or its corresponding type declarations.
src/bootstrap/AppShell.tsx(2,71): error TS2307: Cannot find module 'expo-router' or its corresponding type declarations.
src/bootstrap/AppShell.tsx(3,27): error TS2307: Cannot find module 'expo-status-bar' or its corresponding type declarations.
src/bootstrap/AppShell.tsx(4,102): error TS2307: Cannot find module 'react-native' or its corresponding type declarations.
src/bootstrap/AppShell.tsx(6,41): error TS6142: Module '../theme/ThemeProvider' was resolved to '/mnt/data/lousa_work/LOUSA_MOON_V1.18.22_BUILD133_PAPER_MOON_NATIVE_HANDOFF_FIX_SOURCE/src/theme/ThemeProvider.tsx', but '--jsx' is not set.
src/bootstrap/AppShell.tsx(15,35): error TS6142: Module './StartupExperience' was resolved to '/mnt/data/lousa_work/LOUSA_MOON_V1.18.22_BUILD133_PAPER_MOON_NATIVE_HANDOFF_FIX_SOURCE/src/bootstrap/StartupExperience.tsx', but '--jsx' is not set.
src/bootstrap/AppShell.tsx(34,37): error TS7006: Parameter 'state' implicitly has an 'any' type.
src/bootstrap/AppShell.tsx(46,26): error TS2580: Cannot find name 'require'. Do you need to install type definitions for node? Try `npm i --save-dev @types/node`.
src/bootstrap/AppShell.tsx(59,22): error TS17004: Cannot use JSX unless the '--jsx' flag is provided.
src/bootstrap/AppShell.tsx(64,10): error TS17004: Cannot use JSX unless the '--jsx' flag is provided.
src/bootstrap/AppShell.tsx(68,31): error TS2304: Cannot find name '__DEV__'.
src/bootstrap/AppShell.tsx(68,42): error TS2580: Cannot find name 'process'. Do you need to install type definitions for node? Try `npm i --save-dev @types/node`.
src/bootstrap/AppShell.tsx(82,5): error TS17004: Cannot use JSX unless the '--jsx' flag is provided.
src/bootstrap/AppShell.tsx(83,7): error TS17004: Cannot use JSX unless the '--jsx' flag is provided.
src/bootstrap/AppShell.tsx(84,9): error TS17004: Cannot use JSX unless the '--jsx' flag is provided.
src/bootstrap/AppShell.tsx(85,9): error TS17004: Cannot use JSX unless the '--jsx' flag is provided.
src/bootstrap/AppShell.tsx(86,9): error TS17004: Cannot use JSX unless the '--jsx' flag is provided.
src/bootstrap/AppShell.tsx(87,45): error TS17004: Cannot use JSX unless the '--jsx' flag is provided.
src/bootstrap/AppShell.tsx(88,9): error TS17004: Cannot use JSX unless the '--jsx' flag is provided.
src/bootstrap/AppShell.tsx(89,11): error TS17004: Cannot use JSX unless the '--jsx' flag is provided.
src/bootstrap/AppShell.tsx(90,13): error TS17004: Cannot use JSX unless the '--jsx' flag is provided.
src/bootstrap/AppShell.tsx(92,11): error TS17004: Cannot use JSX unless the '--jsx' flag is provided.
src/bootstrap/AppShell.tsx(93,13): error TS17004: Cannot use JSX unless the '--jsx' flag is provided.
src/bootstrap/AppShell.tsx(96,9): error TS17004: Cannot use JSX unless the '--jsx' flag is provided.
src/bootstrap/AppShell.tsx(122,30): error TS7006: Parameter 'state' implicitly has an 'any' type.
src/bootstrap/AppShell.tsx(129,14): error TS2339: Property 'setState' does not exist on type 'RuntimeErrorBoundary'.
src/bootstrap/AppShell.tsx(129,24): error TS7006: Parameter 'state' implicitly has an 'any' type.
src/bootstrap/AppShell.tsx(140,10): error TS2339: Property 'setState' does not exist on type 'RuntimeErrorBoundary'.
src/bootstrap/AppShell.tsx(140,20): error TS7006: Parameter 'state' implicitly has an 'any' type.
src/bootstrap/AppShell.tsx(153,10): error TS2339: Property 'setState' does not exist on type 'RuntimeErrorBoundary'.
src/bootstrap/AppShell.tsx(153,20): error TS7006: Parameter 'state' implicitly has an 'any' type.
src/bootstrap/AppShell.tsx(159,9): error TS17004: Cannot use JSX unless the '--jsx' flag is provided.
src/bootstrap/AppShell.tsx(167,12): error TS17004: Cannot use JSX unless the '--jsx' flag is provided.
src/bootstrap/AppShell.tsx(167,60): error TS2339: Property 'props' does not exist on type 'RuntimeErrorBoundary'.
src/bootstrap/AppShell.tsx(176,37): error TS7006: Parameter 'state' implicitly has an 'any' type.
src/bootstrap/AppShell.tsx(177,36): error TS7006: Parameter 'state' implicitly has an 'any' type.
src/bootstrap/AppShell.tsx(178,37): error TS7006: Parameter 'state' implicitly has an 'any' type.
src/bootstrap/AppShell.tsx(179,45): error TS7006: Parameter 'state' implicitly has an 'any' type.
src/bootstrap/AppShell.tsx(180,50): error TS7006: Parameter 'state' implicitly has an 'any' type.
src/bootstrap/AppShell.tsx(181,38): error TS7006: Parameter 'state' implicitly has an 'any' type.
src/bootstrap/AppShell.tsx(264,18): error TS7006: Parameter 'result' implicitly has an 'any' type.
src/bootstrap/AppShell.tsx(315,33): error TS7006: Parameter 'value' implicitly has an 'any' type.
src/bootstrap/AppShell.tsx(317,10): error TS2550: Property 'finally' does not exist on type 'Promise<void>'. Do you need to change your target library? Try changing the 'lib' compiler option to 'es2018' or later.
src/bootstrap/AppShell.tsx(329,18): error TS2585: 'Promise' only refers to a type, but is being used as a value here. Do you need to change your target library? Try changing the 'lib' compiler option to es2015 or later.
src/bootstrap/AppShell.tsx(423,5): error TS17004: Cannot use JSX unless the '--jsx' flag is provided.
src/bootstrap/AppShell.tsx(425,9): error TS17004: Cannot use JSX unless the '--jsx' flag is provided.
src/bootstrap/AppShell.tsx(431,11): error TS17004: Cannot use JSX unless the '--jsx' flag is provided.
src/bootstrap/AppShell.tsx(432,11): error TS17004: Cannot use JSX unless the '--jsx' flag is provided.
src/bootstrap/AppShell.tsx(436,9): error TS17004: Cannot use JSX unless the '--jsx' flag is provided.
src/bootstrap/AppShell.tsx(437,11): error TS17004: Cannot use JSX unless the '--jsx' flag is provided.
src/bootstrap/AppShell.tsx(438,13): error TS17004: Cannot use JSX unless the '--jsx' flag is provided.
src/bootstrap/AppShell.tsx(439,13): error TS17004: Cannot use JSX unless the '--jsx' flag is provided.
src/bootstrap/AppShell.tsx(441,11): error TS17004: Cannot use JSX unless the '--jsx' flag is provided.
src/bootstrap/AppShell.tsx(456,18): error TS2550: Property 'finally' does not exist on type 'Promise<void>'. Do you need to change your target library? Try changing the 'lib' compiler option to 'es2018' or later.
src/bootstrap/AppShell.tsx(460,13): error TS17004: Cannot use JSX unless the '--jsx' flag is provided.
src/bootstrap/AppShell.tsx(473,5): error TS17004: Cannot use JSX unless the '--jsx' flag is provided.
src/bootstrap/AppShell.tsx(474,7): error TS17004: Cannot use JSX unless the '--jsx' flag is provided.
src/bootstrap/AppShell.tsx(475,9): error TS17004: Cannot use JSX unless the '--jsx' flag is provided.
src/bootstrap/AppShell.tsx(476,9): error TS17004: Cannot use JSX unless the '--jsx' flag is provided.
src/bootstrap/AppShell.tsx(477,9): error TS17004: Cannot use JSX unless the '--jsx' flag is provided.
src/bootstrap/AppShell.tsx(478,9): error TS17004: Cannot use JSX unless the '--jsx' flag is provided.
src/bootstrap/AppShell.tsx(479,9): error TS17004: Cannot use JSX unless the '--jsx' flag is provided.
src/bootstrap/AppShell.tsx(514,5): error TS17004: Cannot use JSX unless the '--jsx' flag is provided.
src/bootstrap/AppShell.tsx(515,7): error TS17004: Cannot use JSX unless the '--jsx' flag is provided.
src/bootstrap/AppShell.tsx(522,9): error TS17004: Cannot use JSX unless the '--jsx' flag is provided.
src/bootstrap/AppShell.tsx(523,9): error TS17004: Cannot use JSX unless the '--jsx' flag is provided.
src/bootstrap/AppShell.tsx(524,9): error TS17004: Cannot use JSX unless the '--jsx' flag is provided.
src/bootstrap/AppShell.tsx(525,9): error TS17004: Cannot use JSX unless the '--jsx' flag is provided.
src/bootstrap/AppShell.tsx(526,9): error TS17004: Cannot use JSX unless the '--jsx' flag is provided.
src/bootstrap/AppShell.tsx(527,9): error TS17004: Cannot use JSX unless the '--jsx' flag is provided.
src/bootstrap/AppShell.tsx(528,9): error TS17004: Cannot use JSX unless the '--jsx' flag is provided.
src/bootstrap/AppShell.tsx(529,9): error TS17004: Cannot use JSX unless the '--jsx' flag is provided.
src/bootstrap/AppShell.tsx(530,9): error TS17004: Cannot use JSX unless the '--jsx' flag is provided.
src/bootstrap/AppShell.tsx(531,9): error TS17004: Cannot use JSX unless the '--jsx' flag is provided.
src/bootstrap/AppShell.tsx(532,9): error TS17004: Cannot use JSX unless the '--jsx' flag is provided.
src/bootstrap/AppShell.tsx(533,9): error TS17004: Cannot use JSX unless the '--jsx' flag is provided.
src/bootstrap/AppShell.tsx(534,9): error TS17004: Cannot use JSX unless the '--jsx' flag is provided.
src/bootstrap/AppShell.tsx(535,9): error TS17004: Cannot use JSX unless the '--jsx' flag is provided.
src/bootstrap/AppShell.tsx(536,9): error TS17004: Cannot use JSX unless the '--jsx' flag is provided.
src/bootstrap/AppShell.tsx(537,9): error TS17004: Cannot use JSX unless the '--jsx' flag is provided.
src/bootstrap/AppShell.tsx(538,9): error TS17004: Cannot use JSX unless the '--jsx' flag is provided.
src/bootstrap/AppShell.tsx(542,9): error TS17004: Cannot use JSX unless the '--jsx' flag is provided.
src/bootstrap/AppShell.tsx(543,11): error TS17004: Cannot use JSX unless the '--jsx' flag is provided.
src/bootstrap/AppShell.tsx(546,9): error TS17004: Cannot use JSX unless the '--jsx' flag is provided.
src/bootstrap/AppShell.tsx(547,11): error TS17004: Cannot use JSX unless the '--jsx' flag is provided.
src/bootstrap/AppShell.tsx(548,11): error TS17004: Cannot use JSX unless the '--jsx' flag is provided.
src/bootstrap/AppShell.tsx(555,5): error TS17004: Cannot use JSX unless the '--jsx' flag is provided.
src/bootstrap/AppShell.tsx(556,7): error TS17004: Cannot use JSX unless the '--jsx' flag is provided.
src/bootstrap/AppShell.tsx(556,8): error TS2741: Property 'children' is missing in type '{}' but required in type '{ children: React.ReactNode; }'.
src/bootstrap/AppShell.tsx(557,9): error TS17004: Cannot use JSX unless the '--jsx' flag is provided.
src/bootstrap/AppShell.tsx(558,9): error TS17004: Cannot use JSX unless the '--jsx' flag is provided.
src/bootstrap/AppShell.tsx(558,10): error TS2741: Property 'children' is missing in type '{ routeReady: any; }' but required in type 'StartupExperienceProps'.
src/bootstrap/AppShell.tsx(560,13): error TS17004: Cannot use JSX unless the '--jsx' flag is provided.
src/bootstrap/AppShell.tsx(561,15): error TS17004: Cannot use JSX unless the '--jsx' flag is provided.
src/bootstrap/StartupExperience.tsx(1,34): error TS2307: Cannot find module 'react' or its corresponding type declarations.
src/bootstrap/StartupExperience.tsx(3,37): error TS6142: Module '../features/auth/components/AuthPaperReveal' was resolved to '/mnt/data/lousa_work/LOUSA_MOON_V1.18.22_BUILD133_PAPER_MOON_NATIVE_HANDOFF_FIX_SOURCE/src/features/auth/components/AuthPaperReveal.tsx', but '--jsx' is not set.
src/bootstrap/StartupExperience.tsx(19,5): error TS17004: Cannot use JSX unless the '--jsx' flag is provided.
src/bootstrap/StartupExperience.tsx(19,6): error TS2741: Property 'children' is missing in type '{ active: true; startWhenReady: boolean; }' but required in type 'AuthPaperRevealGateProps'.
src/bootstrap/launchCoordinator.ts(1,31): error TS2307: Cannot find module 'expo-splash-screen' or its corresponding type declarations.
src/bootstrap/launchCoordinator.ts(12,8): error TS2304: Cannot find name '__DEV__'.
src/bootstrap/launchCoordinator.ts(18,14): error TS2585: 'Promise' only refers to a type, but is being used as a value here. Do you need to change your target library? Try changing the 'lib' compiler option to es2015 or later.
src/bootstrap/launchCoordinator.ts(18,29): error TS7006: Parameter 'resolve' implicitly has an 'any' type.
src/bootstrap/launchCoordinator.ts(43,22): error TS2585: 'Promise' only refers to a type, but is being used as a value here. Do you need to change your target library? Try changing the 'lib' compiler option to es2015 or later.
src/bootstrap/launchCoordinator.ts(46,18): error TS2705: An async function or method in ES5 requires the 'Promise' constructor.  Make sure you have a declaration for the 'Promise' constructor or include 'ES2015' in your '--lib' option.
src/bootstrap/launchCoordinator.ts(76,8): error TS2550: Property 'finally' does not exist on type 'Promise<void>'. Do you need to change your target library? Try changing the 'lib' compiler option to 'es2018' or later.
src/bootstrap/launchCoordinator.ts(80,3): error TS2322: Type 'Promise<void> | null' is not assignable to type 'Promise<void>'.
  Type 'null' is not assignable to type 'Promise<void>'.
src/bootstrap/startupGate.ts(4,35): error TS2585: 'Promise' only refers to a type, but is being used as a value here. Do you need to change your target library? Try changing the 'lib' compiler option to es2015 or later.
src/bootstrap/startupGate.ts(10,22): error TS2585: 'Promise' only refers to a type, but is being used as a value here. Do you need to change your target library? Try changing the 'lib' compiler option to es2015 or later.
src/bootstrap/startupGate.ts(10,37): error TS7006: Parameter 'resolve' implicitly has an 'any' type.
src/bootstrap/startupGate.ts(27,18): error TS2585: 'Promise' only refers to a type, but is being used as a value here. Do you need to change your target library? Try changing the 'lib' compiler option to es2015 or later.
src/bootstrap/startupGate.ts(31,59): error TS2585: 'Promise' only refers to a type, but is being used as a value here. Do you need to change your target library? Try changing the 'lib' compiler option to es2015 or later.
src/bootstrap/startupTrace.ts(40,19): error TS2304: Cannot find name 'global'.
src/bootstrap/startupTrace.ts(44,15): error TS2304: Cannot find name 'global'.
src/bootstrap/startupTrace.ts(47,7): error TS2304: Cannot find name '__DEV__'.
src/components/AmbientBackground.tsx(1,34): error TS2307: Cannot find module 'react' or its corresponding type declarations.
src/components/AmbientBackground.tsx(2,34): error TS2307: Cannot find module 'react-native' or its corresponding type declarations.
src/components/AmbientBackground.tsx(12,8): error TS2307: Cannot find module 'react-native-reanimated' or its corresponding type declarations.
src/components/AmbientBackground.tsx(13,32): error TS2307: Cannot find module 'expo-linear-gradient' or its corresponding type declarations.
src/components/AmbientBackground.tsx(17,21): error TS2550: Property 'from' does not exist on type 'ArrayConstructor'. Do you need to change your target library? Try changing the 'lib' compiler option to 'es2015' or later.
src/components/AmbientBackground.tsx(17,43): error TS7006: Parameter '_' implicitly has an 'any' type.
src/components/AmbientBackground.tsx(17,46): error TS7006: Parameter 'i' implicitly has an 'any' type.
src/components/AmbientBackground.tsx(48,5): error TS17004: Cannot use JSX unless the '--jsx' flag is provided.
src/components/AmbientBackground.tsx(91,5): error TS17004: Cannot use JSX unless the '--jsx' flag is provided.
src/components/AmbientBackground.tsx(92,7): error TS17004: Cannot use JSX unless the '--jsx' flag is provided.
src/components/AmbientBackground.tsx(93,7): error TS17004: Cannot use JSX unless the '--jsx' flag is provided.
src/components/AmbientBackground.tsx(107,7): error TS17004: Cannot use JSX unless the '--jsx' flag is provided.
src/components/AmbientBackground.tsx(108,9): error TS17004: Cannot use JSX unless the '--jsx' flag is provided.
src/components/AmbientBackground.tsx(114,9): error TS17004: Cannot use JSX unless the '--jsx' flag is provided.
src/components/AmbientBackground.tsx(126,7): error TS17004: Cannot use JSX unless the '--jsx' flag is provided.
src/components/AmbientBackground.tsx(127,9): error TS17004: Cannot use JSX unless the '--jsx' flag is provided.
src/components/AmbientBackground.tsx(138,5): error TS17004: Cannot use JSX unless the '--jsx' flag is provided.
src/components/AmbientBackground.tsx(139,7): error TS17004: Cannot use JSX unless the '--jsx' flag is provided.
src/components/AmbientBackground.tsx(144,7): error TS17004: Cannot use JSX unless the '--jsx' flag is provided.
src/components/AmbientBackground.tsx(145,21): error TS7006: Parameter 'star' implicitly has an 'any' type.
src/components/AmbientBackground.tsx(145,27): error TS7006: Parameter 'i' implicitly has an 'any' type.
src/components/AmbientBackground.tsx(145,33): error TS17004: Cannot use JSX unless the '--jsx' flag is provided.
src/components/AmbientBackground.tsx(147,7): error TS17004: Cannot use JSX unless the '--jsx' flag is provided.
src/components/CycleMoonHero.tsx(1,19): error TS2307: Cannot find module 'react' or its corresponding type declarations.
src/components/CycleMoonHero.tsx(2,61): error TS2307: Cannot find module 'react-native' or its corresponding type declarations.
src/components/CycleMoonHero.tsx(3,57): error TS2307: Cannot find module 'react-native-svg' or its corresponding type declarations.
src/components/CycleMoonHero.tsx(4,31): error TS6142: Module './RealisticMoon' was resolved to '/mnt/data/lousa_work/LOUSA_MOON_V1.18.22_BUILD133_PAPER_MOON_NATIVE_HANDOFF_FIX_SOURCE/src/components/RealisticMoon.tsx', but '--jsx' is not set.
src/components/CycleMoonHero.tsx(6,26): error TS6142: Module '../theme/ThemeProvider' was resolved to '/mnt/data/lousa_work/LOUSA_MOON_V1.18.22_BUILD133_PAPER_MOON_NATIVE_HANDOFF_FIX_SOURCE/src/theme/ThemeProvider.tsx', but '--jsx' is not set.
src/components/CycleMoonHero.tsx(8,28): error TS6142: Module './ui' was resolved to '/mnt/data/lousa_work/LOUSA_MOON_V1.18.22_BUILD133_PAPER_MOON_NATIVE_HANDOFF_FIX_SOURCE/src/components/ui/index.tsx', but '--jsx' is not set.
src/components/CycleMoonHero.tsx(50,5): error TS17004: Cannot use JSX unless the '--jsx' flag is provided.
src/components/CycleMoonHero.tsx(51,7): error TS17004: Cannot use JSX unless the '--jsx' flag is provided.
src/components/CycleMoonHero.tsx(52,9): error TS17004: Cannot use JSX unless the '--jsx' flag is provided.
src/components/CycleMoonHero.tsx(53,11): error TS17004: Cannot use JSX unless the '--jsx' flag is provided.
src/components/CycleMoonHero.tsx(54,13): error TS17004: Cannot use JSX unless the '--jsx' flag is provided.
src/components/CycleMoonHero.tsx(55,15): error TS17004: Cannot use JSX unless the '--jsx' flag is provided.
src/components/CycleMoonHero.tsx(56,15): error TS17004: Cannot use JSX unless the '--jsx' flag is provided.
src/components/CycleMoonHero.tsx(57,15): error TS17004: Cannot use JSX unless the '--jsx' flag is provided.
src/components/CycleMoonHero.tsx(60,11): error TS17004: Cannot use JSX unless the '--jsx' flag is provided.
src/components/CycleMoonHero.tsx(61,11): error TS17004: Cannot use JSX unless the '--jsx' flag is provided.
src/components/CycleMoonHero.tsx(75,9): error TS17004: Cannot use JSX unless the '--jsx' flag is provided.
src/components/CycleMoonHero.tsx(76,11): error TS17004: Cannot use JSX unless the '--jsx' flag is provided.
src/components/CycleMoonHero.tsx(79,9): error TS17004: Cannot use JSX unless the '--jsx' flag is provided.
src/components/CycleMoonHero.tsx(80,11): error TS17004: Cannot use JSX unless the '--jsx' flag is provided.
src/components/CycleMoonHero.tsx(81,11): error TS17004: Cannot use JSX unless the '--jsx' flag is provided.
src/components/CycleMoonHero.tsx(85,7): error TS17004: Cannot use JSX unless the '--jsx' flag is provided.
src/components/CycleMoonHero.tsx(86,9): error TS17004: Cannot use JSX unless the '--jsx' flag is provided.
src/components/CycleMoonHero.tsx(87,9): error TS17004: Cannot use JSX unless the '--jsx' flag is provided.
src/components/CycleMoonHero.tsx(88,9): error TS17004: Cannot use JSX unless the '--jsx' flag is provided.
src/components/DateCalendarPicker.tsx(1,42): error TS2307: Cannot find module 'react' or its corresponding type declarations.
src/components/DateCalendarPicker.tsx(2,40): error TS2307: Cannot find module 'react-native' or its corresponding type declarations.
src/components/DateCalendarPicker.tsx(3,28): error TS6142: Module './ui' was resolved to '/mnt/data/lousa_work/LOUSA_MOON_V1.18.22_BUILD133_PAPER_MOON_NATIVE_HANDOFF_FIX_SOURCE/src/components/ui/index.tsx', but '--jsx' is not set.
src/components/DateCalendarPicker.tsx(4,32): error TS6142: Module './MaterialSymbol' was resolved to '/mnt/data/lousa_work/LOUSA_MOON_V1.18.22_BUILD133_PAPER_MOON_NATIVE_HANDOFF_FIX_SOURCE/src/components/MaterialSymbol.tsx', but '--jsx' is not set.
src/components/DateCalendarPicker.tsx(5,26): error TS6142: Module '../theme/ThemeProvider' was resolved to '/mnt/data/lousa_work/LOUSA_MOON_V1.18.22_BUILD133_PAPER_MOON_NATIVE_HANDOFF_FIX_SOURCE/src/theme/ThemeProvider.tsx', but '--jsx' is not set.
src/components/DateCalendarPicker.tsx(36,25): error TS2550: Property 'from' does not exist on type 'ArrayConstructor'. Do you need to change your target library? Try changing the 'lib' compiler option to 'es2015' or later.
src/components/DateCalendarPicker.tsx(36,58): error TS7006: Parameter '_' implicitly has an 'any' type.
src/components/DateCalendarPicker.tsx(36,61): error TS7006: Parameter 'slot' implicitly has an 'any' type.
src/components/DateCalendarPicker.tsx(47,5): error TS17004: Cannot use JSX unless the '--jsx' flag is provided.
src/components/DateCalendarPicker.tsx(48,7): error TS17004: Cannot use JSX unless the '--jsx' flag is provided.
src/components/DateCalendarPicker.tsx(49,9): error TS17004: Cannot use JSX unless the '--jsx' flag is provided.
src/components/DateCalendarPicker.tsx(49,10): error TS2741: Property 'children' is missing in type '{ accessibilityLabel: string; onPress: () => any; style: any; }' but required in type 'PressScaleProps'.
src/components/DateCalendarPicker.tsx(50,11): error TS17004: Cannot use JSX unless the '--jsx' flag is provided.
src/components/DateCalendarPicker.tsx(52,9): error TS17004: Cannot use JSX unless the '--jsx' flag is provided.
src/components/DateCalendarPicker.tsx(55,9): error TS17004: Cannot use JSX unless the '--jsx' flag is provided.
src/components/DateCalendarPicker.tsx(55,10): error TS2741: Property 'children' is missing in type '{ accessibilityLabel: string; onPress: () => any; style: any; }' but required in type 'PressScaleProps'.
src/components/DateCalendarPicker.tsx(56,11): error TS17004: Cannot use JSX unless the '--jsx' flag is provided.
src/components/DateCalendarPicker.tsx(59,7): error TS17004: Cannot use JSX unless the '--jsx' flag is provided.
src/components/DateCalendarPicker.tsx(61,11): error TS17004: Cannot use JSX unless the '--jsx' flag is provided.
src/components/DateCalendarPicker.tsx(62,13): error TS17004: Cannot use JSX unless the '--jsx' flag is provided.
src/components/DateCalendarPicker.tsx(66,7): error TS17004: Cannot use JSX unless the '--jsx' flag is provided.
src/components/DateCalendarPicker.tsx(67,30): error TS7006: Parameter 'day' implicitly has an 'any' type.
src/components/DateCalendarPicker.tsx(67,35): error TS7006: Parameter 'index' implicitly has an 'any' type.
src/components/DateCalendarPicker.tsx(68,28): error TS17004: Cannot use JSX unless the '--jsx' flag is provided.
src/components/DateCalendarPicker.tsx(74,13): error TS17004: Cannot use JSX unless the '--jsx' flag is provided.
src/components/DateCalendarPicker.tsx(75,15): error TS17004: Cannot use JSX unless the '--jsx' flag is provided.
src/components/DateCalendarPicker.tsx(75,16): error TS2741: Property 'children' is missing in type '{ disabled: boolean; accessibilityLabel: string; onPress: () => void; hitSlop: { top: number; bottom: number; left: number; right: number; }; style: any[]; }' but required in type 'PressScaleProps'.
src/components/DateCalendarPicker.tsx(82,17): error TS17004: Cannot use JSX unless the '--jsx' flag is provided.
src/components/DeliveryMapPreview.tsx(1,19): error TS2307: Cannot find module 'react' or its corresponding type declarations.
src/components/DeliveryMapPreview.tsx(2,47): error TS2307: Cannot find module 'react-native' or its corresponding type declarations.
src/components/DeliveryMapPreview.tsx(4,41): error TS6142: Module './LousaMapLibreAddressMap' was resolved to '/mnt/data/lousa_work/LOUSA_MOON_V1.18.22_BUILD133_PAPER_MOON_NATIVE_HANDOFF_FIX_SOURCE/src/components/LousaMapLibreAddressMap.tsx', but '--jsx' is not set.
src/components/DeliveryMapPreview.tsx(20,32): error TS2550: Property 'isFinite' does not exist on type 'NumberConstructor'. Do you need to change your target library? Try changing the 'lib' compiler option to 'es2015' or later.
src/components/DeliveryMapPreview.tsx(20,61): error TS2550: Property 'isFinite' does not exist on type 'NumberConstructor'. Do you need to change your target library? Try changing the 'lib' compiler option to 'es2015' or later.
src/components/DeliveryMapPreview.tsx(23,5): error TS17004: Cannot use JSX unless the '--jsx' flag is provided.
src/components/DeliveryMapPreview.tsx(24,7): error TS17004: Cannot use JSX unless the '--jsx' flag is provided.
src/components/DeliveryMapPreview.tsx(26,11): error TS17004: Cannot use JSX unless the '--jsx' flag is provided.
src/components/DeliveryMapPreview.tsx(36,11): error TS17004: Cannot use JSX unless the '--jsx' flag is provided.
src/components/DeliveryMapPreview.tsx(37,13): error TS17004: Cannot use JSX unless the '--jsx' flag is provided.
src/components/DeliveryMapPreview.tsx(38,13): error TS17004: Cannot use JSX unless the '--jsx' flag is provided.
src/components/DeliveryMapPreview.tsx(41,9): error TS17004: Cannot use JSX unless the '--jsx' flag is provided.
src/components/DeliveryMapPreview.tsx(42,11): error TS17004: Cannot use JSX unless the '--jsx' flag is provided.
src/components/DeliveryMapPreview.tsx(46,7): error TS17004: Cannot use JSX unless the '--jsx' flag is provided.
src/components/DeliveryMapPreview.tsx(47,9): error TS17004: Cannot use JSX unless the '--jsx' flag is provided.
src/components/DeliveryMapPreview.tsx(47,24): error TS2580: Cannot find name 'require'. Do you need to install type definitions for node? Try `npm i --save-dev @types/node`.
src/components/DeliveryMapPreview.tsx(48,9): error TS17004: Cannot use JSX unless the '--jsx' flag is provided.
src/components/DeliveryMapPreview.tsx(49,11): error TS17004: Cannot use JSX unless the '--jsx' flag is provided.
src/components/DeliveryMapPreview.tsx(50,11): error TS17004: Cannot use JSX unless the '--jsx' flag is provided.
src/components/DeliveryMapPreview.tsx(52,9): error TS17004: Cannot use JSX unless the '--jsx' flag is provided.
src/components/DeliveryMapPreview.tsx(53,11): error TS17004: Cannot use JSX unless the '--jsx' flag is provided.
src/components/DeliveryMapPreview.tsx(54,11): error TS17004: Cannot use JSX unless the '--jsx' flag is provided.
src/components/LiquidDivider.tsx(1,19): error TS2307: Cannot find module 'react' or its corresponding type declarations.
src/components/LiquidDivider.tsx(2,28): error TS2307: Cannot find module 'react-native' or its corresponding type declarations.
src/components/LiquidDivider.tsx(3,32): error TS2307: Cannot find module 'expo-linear-gradient' or its corresponding type declarations.
src/components/LiquidDivider.tsx(17,5): error TS17004: Cannot use JSX unless the '--jsx' flag is provided.
src/components/LousaMapLibreAddressMap.tsx(1,83): error TS2307: Cannot find module 'react' or its corresponding type declarations.
src/components/LousaMapLibreAddressMap.tsx(2,51): error TS2307: Cannot find module 'react-native' or its corresponding type declarations.
src/components/LousaMapLibreAddressMap.tsx(3,27): error TS2307: Cannot find module '@maplibre/maplibre-react-native' or its corresponding type declarations.
src/components/LousaMapLibreAddressMap.tsx(5,32): error TS6142: Module './LousaMapMarker' was resolved to '/mnt/data/lousa_work/LOUSA_MOON_V1.18.22_BUILD133_PAPER_MOON_NATIVE_HANDOFF_FIX_SOURCE/src/components/LousaMapMarker.tsx', but '--jsx' is not set.
src/components/LousaMapLibreAddressMap.tsx(6,32): error TS6142: Module './MaterialSymbol' was resolved to '/mnt/data/lousa_work/LOUSA_MOON_V1.18.22_BUILD133_PAPER_MOON_NATIVE_HANDOFF_FIX_SOURCE/src/components/MaterialSymbol.tsx', but '--jsx' is not set.
src/components/LousaMapLibreAddressMap.tsx(78,5): error TS17004: Cannot use JSX unless the '--jsx' flag is provided.
src/components/LousaMapLibreAddressMap.tsx(79,7): error TS17004: Cannot use JSX unless the '--jsx' flag is provided.
src/components/LousaMapLibreAddressMap.tsx(80,9): error TS17004: Cannot use JSX unless the '--jsx' flag is provided.
src/components/LousaMapLibreAddressMap.tsx(82,7): error TS17004: Cannot use JSX unless the '--jsx' flag is provided.
src/components/LousaMapLibreAddressMap.tsx(83,7): error TS17004: Cannot use JSX unless the '--jsx' flag is provided.
src/components/LousaMapLibreAddressMap.tsx(84,7): error TS17004: Cannot use JSX unless the '--jsx' flag is provided.
src/components/LousaMapLibreAddressMap.tsx(91,5): error TS17004: Cannot use JSX unless the '--jsx' flag is provided.
src/components/LousaMapLibreAddressMap.tsx(92,7): error TS17004: Cannot use JSX unless the '--jsx' flag is provided.
src/components/LousaMapLibreAddressMap.tsx(93,7): error TS17004: Cannot use JSX unless the '--jsx' flag is provided.
src/components/LousaMapLibreAddressMap.tsx(94,9): error TS17004: Cannot use JSX unless the '--jsx' flag is provided.
src/components/LousaMapLibreAddressMap.tsx(96,7): error TS17004: Cannot use JSX unless the '--jsx' flag is provided.
src/components/LousaMapLibreAddressMap.tsx(103,5): error TS7031: Binding element 'latitude' implicitly has an 'any' type.
src/components/LousaMapLibreAddressMap.tsx(104,5): error TS7031: Binding element 'longitude' implicitly has an 'any' type.
src/components/LousaMapLibreAddressMap.tsx(107,5): error TS7031: Binding element 'label' implicitly has an 'any' type.
src/components/LousaMapLibreAddressMap.tsx(111,5): error TS7031: Binding element 'onMapReady' implicitly has an 'any' type.
src/components/LousaMapLibreAddressMap.tsx(112,5): error TS7031: Binding element 'onSelectCoordinate' implicitly has an 'any' type.
src/components/LousaMapLibreAddressMap.tsx(113,5): error TS7031: Binding element 'onCameraCenterChanged' implicitly has an 'any' type.
src/components/LousaMapLibreAddressMap.tsx(114,5): error TS7031: Binding element 'onCameraIdle' implicitly has an 'any' type.
src/components/LousaMapLibreAddressMap.tsx(117,5): error TS7031: Binding element 'loadingText' implicitly has an 'any' type.
src/components/LousaMapLibreAddressMap.tsx(118,5): error TS7031: Binding element 'unavailableText' implicitly has an 'any' type.
src/components/LousaMapLibreAddressMap.tsx(119,5): error TS7031: Binding element 'onMapError' implicitly has an 'any' type.
src/components/LousaMapLibreAddressMap.tsx(120,5): error TS7031: Binding element 'onExpand' implicitly has an 'any' type.
src/components/LousaMapLibreAddressMap.tsx(121,5): error TS7031: Binding element 'expandLabel' implicitly has an 'any' type.
src/components/LousaMapLibreAddressMap.tsx(123,3): error TS7006: Parameter 'ref' implicitly has an 'any' type.
src/components/LousaMapLibreAddressMap.tsx(146,12): error TS17004: Cannot use JSX unless the '--jsx' flag is provided.
src/components/LousaMapLibreAddressMap.tsx(167,5): error TS17004: Cannot use JSX unless the '--jsx' flag is provided.
src/components/LousaMapLibreAddressMap.tsx(168,7): error TS17004: Cannot use JSX unless the '--jsx' flag is provided.
src/components/LousaMapLibreAddressMap.tsx(189,9): error TS17004: Cannot use JSX unless the '--jsx' flag is provided.
src/components/LousaMapLibreAddressMap.tsx(196,11): error TS17004: Cannot use JSX unless the '--jsx' flag is provided.
src/components/LousaMapLibreAddressMap.tsx(197,13): error TS17004: Cannot use JSX unless the '--jsx' flag is provided.
src/components/LousaMapLibreAddressMap.tsx(198,13): error TS17004: Cannot use JSX unless the '--jsx' flag is provided.
src/components/LousaMapLibreAddressMap.tsx(203,11): error TS17004: Cannot use JSX unless the '--jsx' flag is provided.
src/components/LousaMapLibreAddressMap.tsx(215,13): error TS17004: Cannot use JSX unless the '--jsx' flag is provided.
src/components/LousaMapLibreAddressMap.tsx(218,11): error TS17004: Cannot use JSX unless the '--jsx' flag is provided.
src/components/LousaMapLibreAddressMap.tsx(219,13): error TS17004: Cannot use JSX unless the '--jsx' flag is provided.
src/components/LousaMapLibreAddressMap.tsx(224,40): error TS17004: Cannot use JSX unless the '--jsx' flag is provided.
src/components/LousaMapLibreAddressMap.tsx(227,9): error TS17004: Cannot use JSX unless the '--jsx' flag is provided.
src/components/LousaMapLibreAddressMap.tsx(228,11): error TS17004: Cannot use JSX unless the '--jsx' flag is provided.
src/components/LousaMapLibreAddressMap.tsx(233,9): error TS17004: Cannot use JSX unless the '--jsx' flag is provided.
src/components/LousaMapLibreAddressMap.tsx(234,11): error TS17004: Cannot use JSX unless the '--jsx' flag is provided.
src/components/LousaMapLibreAddressMap.tsx(239,9): error TS17004: Cannot use JSX unless the '--jsx' flag is provided.
src/components/LousaMapLibreAddressMap.tsx(240,11): error TS17004: Cannot use JSX unless the '--jsx' flag is provided.
src/components/LousaMapLibreAddressMap.tsx(245,9): error TS17004: Cannot use JSX unless the '--jsx' flag is provided.
src/components/LousaMapLibreAddressMap.tsx(246,11): error TS17004: Cannot use JSX unless the '--jsx' flag is provided.
src/components/LousaMapMarker.tsx(1,19): error TS2307: Cannot find module 'react' or its corresponding type declarations.
src/components/LousaMapMarker.tsx(2,34): error TS2307: Cannot find module 'react-native' or its corresponding type declarations.
src/components/LousaMapMarker.tsx(9,5): error TS17004: Cannot use JSX unless the '--jsx' flag is provided.
src/components/LousaMapMarker.tsx(10,7): error TS17004: Cannot use JSX unless the '--jsx' flag is provided.
src/components/LousaMapMarker.tsx(11,9): error TS17004: Cannot use JSX unless the '--jsx' flag is provided.
src/components/LousaMapMarker.tsx(12,11): error TS17004: Cannot use JSX unless the '--jsx' flag is provided.
src/components/LousaMapMarker.tsx(15,7): error TS17004: Cannot use JSX unless the '--jsx' flag is provided.
src/components/LousaMapMarker.tsx(16,7): error TS17004: Cannot use JSX unless the '--jsx' flag is provided.
src/components/MaterialSymbol.tsx(1,19): error TS2307: Cannot find module 'react' or its corresponding type declarations.
src/components/MaterialSymbol.tsx(2,44): error TS2307: Cannot find module 'react-native' or its corresponding type declarations.
src/components/MaterialSymbol.tsx(3,27): error TS2307: Cannot find module 'react-native-svg' or its corresponding type declarations.
src/components/MaterialSymbol.tsx(68,8): error TS2550: Property 'assign' does not exist on type 'ObjectConstructor'. Do you need to change your target library? Try changing the 'lib' compiler option to 'es2015' or later.
src/components/MaterialSymbol.tsx(112,8): error TS2550: Property 'assign' does not exist on type 'ObjectConstructor'. Do you need to change your target library? Try changing the 'lib' compiler option to 'es2015' or later.
src/components/MaterialSymbol.tsx(139,7): error TS17004: Cannot use JSX unless the '--jsx' flag is provided.
src/components/MaterialSymbol.tsx(140,9): error TS17004: Cannot use JSX unless the '--jsx' flag is provided.
src/components/MaterialSymbol.tsx(141,11): error TS17004: Cannot use JSX unless the '--jsx' flag is provided.
src/components/MaterialSymbol.tsx(147,7): error TS2580: Cannot find name 'process'. Do you need to install type definitions for node? Try `npm i --save-dev @types/node`.
src/components/MaterialSymbol.tsx(153,5): error TS17004: Cannot use JSX unless the '--jsx' flag is provided.
src/components/MaterialSymbol.tsx(154,7): error TS17004: Cannot use JSX unless the '--jsx' flag is provided.
src/components/MaterialSymbol.tsx(155,9): error TS17004: Cannot use JSX unless the '--jsx' flag is provided.
src/components/NotificationBootstrap.tsx(1,35): error TS2307: Cannot find module 'react' or its corresponding type declarations.
src/components/NotificationBootstrap.tsx(2,36): error TS2307: Cannot find module 'react-native' or its corresponding type declarations.
src/components/NotificationBootstrap.tsx(3,24): error TS2307: Cannot find module 'expo-router' or its corresponding type declarations.
src/components/NotificationBootstrap.tsx(4,32): error TS2307: Cannot find module 'expo-notifications' or its corresponding type declarations.
src/components/NotificationBootstrap.tsx(10,41): error TS7006: Parameter 's' implicitly has an 'any' type.
src/components/NotificationBootstrap.tsx(11,45): error TS7006: Parameter 's' implicitly has an 'any' type.
src/components/NotificationBootstrap.tsx(12,46): error TS7006: Parameter 's' implicitly has an 'any' type.
src/components/NotificationBootstrap.tsx(13,48): error TS7006: Parameter 's' implicitly has an 'any' type.
src/components/NotificationBootstrap.tsx(14,44): error TS7006: Parameter 's' implicitly has an 'any' type.
src/components/NotificationBootstrap.tsx(15,46): error TS7006: Parameter 's' implicitly has an 'any' type.
src/components/NotificationBootstrap.tsx(16,51): error TS7006: Parameter 's' implicitly has an 'any' type.
src/components/NotificationBootstrap.tsx(17,44): error TS7006: Parameter 's' implicitly has an 'any' type.
src/components/NotificationBootstrap.tsx(18,42): error TS7006: Parameter 's' implicitly has an 'any' type.
src/components/NotificationBootstrap.tsx(19,45): error TS7006: Parameter 's' implicitly has an 'any' type.
src/components/NotificationBootstrap.tsx(20,50): error TS7006: Parameter 's' implicitly has an 'any' type.
src/components/NotificationBootstrap.tsx(21,45): error TS7006: Parameter 's' implicitly has an 'any' type.
src/components/NotificationBootstrap.tsx(22,47): error TS7006: Parameter 's' implicitly has an 'any' type.
src/components/NotificationBootstrap.tsx(24,34): error TS7006: Parameter 's' implicitly has an 'any' type.
src/components/NotificationBootstrap.tsx(25,42): error TS7006: Parameter 's' implicitly has an 'any' type.
src/components/NotificationBootstrap.tsx(26,41): error TS7006: Parameter 's' implicitly has an 'any' type.
src/components/NotificationBootstrap.tsx(27,40): error TS7006: Parameter 's' implicitly has an 'any' type.
src/components/NotificationBootstrap.tsx(28,34): error TS7006: Parameter 's' implicitly has an 'any' type.
src/components/NotificationBootstrap.tsx(29,35): error TS7006: Parameter 's' implicitly has an 'any' type.
src/components/NotificationBootstrap.tsx(30,37): error TS7006: Parameter 's' implicitly has an 'any' type.
src/components/NotificationBootstrap.tsx(31,31): error TS7006: Parameter 's' implicitly has an 'any' type.
src/components/NotificationBootstrap.tsx(32,31): error TS7006: Parameter 's' implicitly has an 'any' type.
src/components/NotificationBootstrap.tsx(57,81): error TS7006: Parameter 'notification' implicitly has an 'any' type.
src/components/NotificationBootstrap.tsx(58,89): error TS7006: Parameter 'response' implicitly has an 'any' type.
src/components/NotificationBootstrap.tsx(61,48): error TS2550: Property 'startsWith' does not exist on type 'string'. Do you need to change your target library? Try changing the 'lib' compiler option to 'es2015' or later.
src/components/NotificationBootstrap.tsx(64,71): error TS7006: Parameter 'nextState' implicitly has an 'any' type.
src/components/RealMapPreview.tsx(1,19): error TS2307: Cannot find module 'react' or its corresponding type declarations.
src/components/RealMapPreview.tsx(2,40): error TS2307: Cannot find module 'react-native' or its corresponding type declarations.
src/components/RealMapPreview.tsx(4,41): error TS6142: Module './LousaMapLibreAddressMap' was resolved to '/mnt/data/lousa_work/LOUSA_MOON_V1.18.22_BUILD133_PAPER_MOON_NATIVE_HANDOFF_FIX_SOURCE/src/components/LousaMapLibreAddressMap.tsx', but '--jsx' is not set.
src/components/RealMapPreview.tsx(21,5): error TS17004: Cannot use JSX unless the '--jsx' flag is provided.
src/components/RealMapPreview.tsx(22,7): error TS17004: Cannot use JSX unless the '--jsx' flag is provided.
src/components/RealMapPreview.tsx(32,9): error TS17004: Cannot use JSX unless the '--jsx' flag is provided.
src/components/RealMapPreview.tsx(33,11): error TS17004: Cannot use JSX unless the '--jsx' flag is provided.
src/components/RealisticMoon.tsx(1,42): error TS2307: Cannot find module 'react' or its corresponding type declarations.
src/components/RealisticMoon.tsx(2,41): error TS2307: Cannot find module 'react-native' or its corresponding type declarations.
src/components/RealisticMoon.tsx(3,63): error TS2307: Cannot find module 'react-native-svg' or its corresponding type declarations.
src/components/RealisticMoon.tsx(28,59): error TS2550: Property 'isFinite' does not exist on type 'NumberConstructor'. Do you need to change your target library? Try changing the 'lib' compiler option to 'es2015' or later.
src/components/RealisticMoon.tsx(34,5): error TS17004: Cannot use JSX unless the '--jsx' flag is provided.
src/components/RealisticMoon.tsx(41,9): error TS17004: Cannot use JSX unless the '--jsx' flag is provided.
src/components/RealisticMoon.tsx(55,7): error TS17004: Cannot use JSX unless the '--jsx' flag is provided.
src/components/RealisticMoon.tsx(68,11): error TS17004: Cannot use JSX unless the '--jsx' flag is provided.
src/components/RealisticMoon.tsx(69,21): error TS2580: Cannot find name 'require'. Do you need to install type definitions for node? Try `npm i --save-dev @types/node`.
src/components/RealisticMoon.tsx(78,9): error TS17004: Cannot use JSX unless the '--jsx' flag is provided.
src/components/RealisticMoon.tsx(79,11): error TS17004: Cannot use JSX unless the '--jsx' flag is provided.
src/components/RealisticMoon.tsx(80,13): error TS17004: Cannot use JSX unless the '--jsx' flag is provided.
src/components/RealisticMoon.tsx(81,15): error TS17004: Cannot use JSX unless the '--jsx' flag is provided.
src/components/RealisticMoon.tsx(82,15): error TS17004: Cannot use JSX unless the '--jsx' flag is provided.
src/components/RealisticMoon.tsx(83,15): error TS17004: Cannot use JSX unless the '--jsx' flag is provided.
src/components/RealisticMoon.tsx(86,11): error TS17004: Cannot use JSX unless the '--jsx' flag is provided.
src/components/RealisticMoon.tsx(88,13): error TS17004: Cannot use JSX unless the '--jsx' flag is provided.
src/components/RealisticMoon.tsx(89,15): error TS17004: Cannot use JSX unless the '--jsx' flag is provided.
src/components/RealisticMoon.tsx(90,15): error TS17004: Cannot use JSX unless the '--jsx' flag is provided.
src/components/RealisticMoon.tsx(91,15): error TS17004: Cannot use JSX unless the '--jsx' flag is provided.
src/components/RealisticMoon.tsx(92,15): error TS17004: Cannot use JSX unless the '--jsx' flag is provided.
src/components/RealisticMoon.tsx(95,25): error TS17004: Cannot use JSX unless the '--jsx' flag is provided.
src/components/RealisticMoon.tsx(96,11): error TS17004: Cannot use JSX unless the '--jsx' flag is provided.
src/components/RealisticMoon.tsx(97,11): error TS17004: Cannot use JSX unless the '--jsx' flag is provided.
src/components/TopAppBar.tsx(1,19): error TS2307: Cannot find module 'react' or its corresponding type declarations.
src/components/TopAppBar.tsx(2,58): error TS2307: Cannot find module 'react-native' or its corresponding type declarations.
src/components/TopAppBar.tsx(3,24): error TS2307: Cannot find module 'expo-router' or its corresponding type declarations.
src/components/TopAppBar.tsx(4,26): error TS6142: Module '../theme/ThemeProvider' was resolved to '/mnt/data/lousa_work/LOUSA_MOON_V1.18.22_BUILD133_PAPER_MOON_NATIVE_HANDOFF_FIX_SOURCE/src/theme/ThemeProvider.tsx', but '--jsx' is not set.
src/components/TopAppBar.tsx(6,32): error TS6142: Module './MaterialSymbol' was resolved to '/mnt/data/lousa_work/LOUSA_MOON_V1.18.22_BUILD133_PAPER_MOON_NATIVE_HANDOFF_FIX_SOURCE/src/components/MaterialSymbol.tsx', but '--jsx' is not set.
src/components/TopAppBar.tsx(11,35): error TS7006: Parameter 's' implicitly has an 'any' type.
src/components/TopAppBar.tsx(12,40): error TS7006: Parameter 's' implicitly has an 'any' type.
src/components/TopAppBar.tsx(12,62): error TS7006: Parameter 'item' implicitly has an 'any' type.
src/components/TopAppBar.tsx(15,5): error TS17004: Cannot use JSX unless the '--jsx' flag is provided.
src/components/TopAppBar.tsx(16,7): error TS17004: Cannot use JSX unless the '--jsx' flag is provided.
src/components/TopAppBar.tsx(17,9): error TS17004: Cannot use JSX unless the '--jsx' flag is provided.
src/components/TopAppBar.tsx(17,24): error TS2580: Cannot find name 'require'. Do you need to install type definitions for node? Try `npm i --save-dev @types/node`.
src/components/TopAppBar.tsx(18,9): error TS17004: Cannot use JSX unless the '--jsx' flag is provided.
src/components/TopAppBar.tsx(19,11): error TS17004: Cannot use JSX unless the '--jsx' flag is provided.
src/components/TopAppBar.tsx(22,21): error TS17004: Cannot use JSX unless the '--jsx' flag is provided.
src/components/TopAppBar.tsx(26,7): error TS17004: Cannot use JSX unless the '--jsx' flag is provided.
src/components/TopAppBar.tsx(27,9): error TS17004: Cannot use JSX unless the '--jsx' flag is provided.
src/components/TopAppBar.tsx(30,21): error TS7031: Binding element 'pressed' implicitly has an 'any' type.
src/components/TopAppBar.tsx(33,11): error TS17004: Cannot use JSX unless the '--jsx' flag is provided.
src/components/TopAppBar.tsx(34,25): error TS17004: Cannot use JSX unless the '--jsx' flag is provided.
src/components/TopAppBar.tsx(37,9): error TS17004: Cannot use JSX unless the '--jsx' flag is provided.
src/components/TopAppBar.tsx(40,21): error TS7031: Binding element 'pressed' implicitly has an 'any' type.
src/components/TopAppBar.tsx(43,11): error TS17004: Cannot use JSX unless the '--jsx' flag is provided.
src/components/TopAppBar.tsx(44,54): error TS2580: Cannot find name 'require'. Do you need to install type definitions for node? Try `npm i --save-dev @types/node`.
src/components/layout.tsx(1,19): error TS2307: Cannot find module 'react' or its corresponding type declarations.
src/components/layout.tsx(13,8): error TS2307: Cannot find module 'react-native' or its corresponding type declarations.
src/components/layout.tsx(14,49): error TS2307: Cannot find module 'react-native-safe-area-context' or its corresponding type declarations.
src/components/layout.tsx(15,24): error TS2307: Cannot find module 'expo-router' or its corresponding type declarations.
src/components/layout.tsx(17,35): error TS6142: Module './AmbientBackground' was resolved to '/mnt/data/lousa_work/LOUSA_MOON_V1.18.22_BUILD133_PAPER_MOON_NATIVE_HANDOFF_FIX_SOURCE/src/components/AmbientBackground.tsx', but '--jsx' is not set.
src/components/layout.tsx(18,27): error TS6142: Module './TopAppBar' was resolved to '/mnt/data/lousa_work/LOUSA_MOON_V1.18.22_BUILD133_PAPER_MOON_NATIVE_HANDOFF_FIX_SOURCE/src/components/TopAppBar.tsx', but '--jsx' is not set.
src/components/layout.tsx(19,26): error TS6142: Module '../theme/ThemeProvider' was resolved to '/mnt/data/lousa_work/LOUSA_MOON_V1.18.22_BUILD133_PAPER_MOON_NATIVE_HANDOFF_FIX_SOURCE/src/theme/ThemeProvider.tsx', but '--jsx' is not set.
src/components/layout.tsx(21,28): error TS6142: Module './ui/buttons' was resolved to '/mnt/data/lousa_work/LOUSA_MOON_V1.18.22_BUILD133_PAPER_MOON_NATIVE_HANDOFF_FIX_SOURCE/src/components/ui/buttons/index.tsx', but '--jsx' is not set.
src/components/layout.tsx(68,5): error TS17004: Cannot use JSX unless the '--jsx' flag is provided.
src/components/layout.tsx(69,7): error TS17004: Cannot use JSX unless the '--jsx' flag is provided.
src/components/layout.tsx(70,7): error TS17004: Cannot use JSX unless the '--jsx' flag is provided.
src/components/layout.tsx(71,9): error TS17004: Cannot use JSX unless the '--jsx' flag is provided.
src/components/layout.tsx(94,5): error TS17004: Cannot use JSX unless the '--jsx' flag is provided.
src/components/layout.tsx(106,7): error TS17004: Cannot use JSX unless the '--jsx' flag is provided.
src/components/layout.tsx(123,5): error TS17004: Cannot use JSX unless the '--jsx' flag is provided.
src/components/layout.tsx(124,7): error TS17004: Cannot use JSX unless the '--jsx' flag is provided.
src/components/layout.tsx(135,9): error TS17004: Cannot use JSX unless the '--jsx' flag is provided.
src/components/layout.tsx(160,5): error TS17004: Cannot use JSX unless the '--jsx' flag is provided.
src/components/layout.tsx(161,7): error TS17004: Cannot use JSX unless the '--jsx' flag is provided.
src/components/layout.tsx(162,7): error TS17004: Cannot use JSX unless the '--jsx' flag is provided.
src/components/layout.tsx(163,9): error TS17004: Cannot use JSX unless the '--jsx' flag is provided.
src/components/layout.tsx(164,11): error TS17004: Cannot use JSX unless the '--jsx' flag is provided.
src/components/layout.tsx(169,11): error TS17004: Cannot use JSX unless the '--jsx' flag is provided.
src/components/layout.tsx(170,11): error TS17004: Cannot use JSX unless the '--jsx' flag is provided.
src/components/layout.tsx(179,5): error TS17004: Cannot use JSX unless the '--jsx' flag is provided.
src/components/motion.tsx(1,19): error TS2307: Cannot find module 'react' or its corresponding type declarations.
src/components/motion.tsx(2,38): error TS2307: Cannot find module 'react-native' or its corresponding type declarations.
src/components/motion.tsx(3,73): error TS2307: Cannot find module 'react-native-reanimated' or its corresponding type declarations.
src/components/motion.tsx(10,5): error TS17004: Cannot use JSX unless the '--jsx' flag is provided.
src/components/motion.tsx(38,5): error TS17004: Cannot use JSX unless the '--jsx' flag is provided.
src/components/ui/PressScale.tsx(1,19): error TS2307: Cannot find module 'react' or its corresponding type declarations.
src/components/ui/PressScale.tsx(2,65): error TS2307: Cannot find module 'react-native' or its corresponding type declarations.
src/components/ui/PressScale.tsx(3,84): error TS2307: Cannot find module 'react-native-reanimated' or its corresponding type declarations.
src/components/ui/PressScale.tsx(4,26): error TS2307: Cannot find module 'expo-haptics' or its corresponding type declarations.
src/components/ui/PressScale.tsx(47,5): error TS17004: Cannot use JSX unless the '--jsx' flag is provided.
src/components/ui/buttons/index.tsx(1,19): error TS2307: Cannot find module 'react' or its corresponding type declarations.
src/components/ui/buttons/index.tsx(9,8): error TS2307: Cannot find module 'react-native' or its corresponding type declarations.
src/components/ui/buttons/index.tsx(11,32): error TS6142: Module '../../MaterialSymbol' was resolved to '/mnt/data/lousa_work/LOUSA_MOON_V1.18.22_BUILD133_PAPER_MOON_NATIVE_HANDOFF_FIX_SOURCE/src/components/MaterialSymbol.tsx', but '--jsx' is not set.
src/components/ui/buttons/index.tsx(12,26): error TS6142: Module '../../../theme/ThemeProvider' was resolved to '/mnt/data/lousa_work/LOUSA_MOON_V1.18.22_BUILD133_PAPER_MOON_NATIVE_HANDOFF_FIX_SOURCE/src/theme/ThemeProvider.tsx', but '--jsx' is not set.
src/components/ui/buttons/index.tsx(14,28): error TS6142: Module '../PressScale' was resolved to '/mnt/data/lousa_work/LOUSA_MOON_V1.18.22_BUILD133_PAPER_MOON_NATIVE_HANDOFF_FIX_SOURCE/src/components/ui/PressScale.tsx', but '--jsx' is not set.
src/components/ui/buttons/index.tsx(77,5): error TS17004: Cannot use JSX unless the '--jsx' flag is provided.
src/components/ui/buttons/index.tsx(77,6): error TS2741: Property 'children' is missing in type '{ onPress: () => void; disabled: boolean; haptic: boolean; accessibilityLabel: string; accessibilityHint: string | undefined; accessibilityState: { disabled: boolean; busy: boolean; }; testID: string | undefined; style: any[]; }' but required in type 'PressScaleProps'.
src/components/ui/buttons/index.tsx(96,9): error TS17004: Cannot use JSX unless the '--jsx' flag is provided.
src/components/ui/buttons/index.tsx(98,9): error TS17004: Cannot use JSX unless the '--jsx' flag is provided.
src/components/ui/buttons/index.tsx(99,47): error TS17004: Cannot use JSX unless the '--jsx' flag is provided.
src/components/ui/buttons/index.tsx(100,11): error TS17004: Cannot use JSX unless the '--jsx' flag is provided.
src/components/ui/buttons/index.tsx(101,48): error TS17004: Cannot use JSX unless the '--jsx' flag is provided.
src/components/ui/buttons/index.tsx(109,10): error TS17004: Cannot use JSX unless the '--jsx' flag is provided.
src/components/ui/buttons/index.tsx(113,10): error TS17004: Cannot use JSX unless the '--jsx' flag is provided.
src/components/ui/buttons/index.tsx(117,10): error TS17004: Cannot use JSX unless the '--jsx' flag is provided.
src/components/ui/buttons/index.tsx(121,10): error TS17004: Cannot use JSX unless the '--jsx' flag is provided.
src/components/ui/buttons/index.tsx(141,5): error TS17004: Cannot use JSX unless the '--jsx' flag is provided.
src/components/ui/buttons/index.tsx(141,6): error TS2741: Property 'children' is missing in type '{ onPress: () => void; disabled: boolean | undefined; accessibilityLabel: string; accessibilityState: { disabled: boolean; selected: boolean; }; style: any[]; }' but required in type 'PressScaleProps'.
src/components/ui/buttons/index.tsx(157,7): error TS17004: Cannot use JSX unless the '--jsx' flag is provided.
src/components/ui/buttons/index.tsx(185,5): error TS17004: Cannot use JSX unless the '--jsx' flag is provided.
src/components/ui/buttons/index.tsx(197,9): error TS17004: Cannot use JSX unless the '--jsx' flag is provided.
src/components/ui/buttons/index.tsx(199,7): error TS17004: Cannot use JSX unless the '--jsx' flag is provided.
src/components/ui/feedback/index.tsx(1,19): error TS2307: Cannot find module 'react' or its corresponding type declarations.
src/components/ui/feedback/index.tsx(2,40): error TS2307: Cannot find module 'react-native' or its corresponding type declarations.
src/components/ui/feedback/index.tsx(4,32): error TS6142: Module '../../MaterialSymbol' was resolved to '/mnt/data/lousa_work/LOUSA_MOON_V1.18.22_BUILD133_PAPER_MOON_NATIVE_HANDOFF_FIX_SOURCE/src/components/MaterialSymbol.tsx', but '--jsx' is not set.
src/components/ui/feedback/index.tsx(5,26): error TS6142: Module '../../../theme/ThemeProvider' was resolved to '/mnt/data/lousa_work/LOUSA_MOON_V1.18.22_BUILD133_PAPER_MOON_NATIVE_HANDOFF_FIX_SOURCE/src/theme/ThemeProvider.tsx', but '--jsx' is not set.
src/components/ui/feedback/index.tsx(7,48): error TS6142: Module '../buttons' was resolved to '/mnt/data/lousa_work/LOUSA_MOON_V1.18.22_BUILD133_PAPER_MOON_NATIVE_HANDOFF_FIX_SOURCE/src/components/ui/buttons/index.tsx', but '--jsx' is not set.
src/components/ui/feedback/index.tsx(26,5): error TS17004: Cannot use JSX unless the '--jsx' flag is provided.
src/components/ui/feedback/index.tsx(27,7): error TS17004: Cannot use JSX unless the '--jsx' flag is provided.
src/components/ui/feedback/index.tsx(28,7): error TS17004: Cannot use JSX unless the '--jsx' flag is provided.
src/components/ui/feedback/index.tsx(29,18): error TS17004: Cannot use JSX unless the '--jsx' flag is provided.
src/components/ui/feedback/index.tsx(30,9): error TS17004: Cannot use JSX unless the '--jsx' flag is provided.
src/components/ui/feedback/index.tsx(55,5): error TS17004: Cannot use JSX unless the '--jsx' flag is provided.
src/components/ui/feedback/index.tsx(56,7): error TS17004: Cannot use JSX unless the '--jsx' flag is provided.
src/components/ui/feedback/index.tsx(56,33): error TS17004: Cannot use JSX unless the '--jsx' flag is provided.
src/components/ui/feedback/index.tsx(57,7): error TS17004: Cannot use JSX unless the '--jsx' flag is provided.
src/components/ui/feedback/index.tsx(58,7): error TS17004: Cannot use JSX unless the '--jsx' flag is provided.
src/components/ui/feedback/index.tsx(59,34): error TS17004: Cannot use JSX unless the '--jsx' flag is provided.
src/components/ui/feedback/index.tsx(60,40): error TS17004: Cannot use JSX unless the '--jsx' flag is provided.
src/components/ui/feedback/index.tsx(66,10): error TS17004: Cannot use JSX unless the '--jsx' flag is provided.
src/components/ui/feedback/index.tsx(66,11): error TS2739: Type '{ icon: string; }' is missing the following properties from type '{ title: string; body: string; icon?: string | undefined; actionLabel?: string | undefined; onAction?: (() => void) | undefined; secondaryLabel?: string | undefined; onSecondary?: (() => void) | undefined; }': title, body
src/components/ui/index.tsx(1,19): error TS2307: Cannot find module 'react' or its corresponding type declarations.
src/components/ui/index.tsx(10,8): error TS2307: Cannot find module 'react-native' or its corresponding type declarations.
src/components/ui/index.tsx(11,32): error TS6142: Module '../MaterialSymbol' was resolved to '/mnt/data/lousa_work/LOUSA_MOON_V1.18.22_BUILD133_PAPER_MOON_NATIVE_HANDOFF_FIX_SOURCE/src/components/MaterialSymbol.tsx', but '--jsx' is not set.
src/components/ui/index.tsx(12,26): error TS6142: Module '../../theme/ThemeProvider' was resolved to '/mnt/data/lousa_work/LOUSA_MOON_V1.18.22_BUILD133_PAPER_MOON_NATIVE_HANDOFF_FIX_SOURCE/src/theme/ThemeProvider.tsx', but '--jsx' is not set.
src/components/ui/index.tsx(15,28): error TS6142: Module './PressScale' was resolved to '/mnt/data/lousa_work/LOUSA_MOON_V1.18.22_BUILD133_PAPER_MOON_NATIVE_HANDOFF_FIX_SOURCE/src/components/ui/PressScale.tsx', but '--jsx' is not set.
src/components/ui/index.tsx(17,28): error TS6142: Module './PressScale' was resolved to '/mnt/data/lousa_work/LOUSA_MOON_V1.18.22_BUILD133_PAPER_MOON_NATIVE_HANDOFF_FIX_SOURCE/src/components/ui/PressScale.tsx', but '--jsx' is not set.
src/components/ui/index.tsx(18,15): error TS6142: Module './buttons' was resolved to '/mnt/data/lousa_work/LOUSA_MOON_V1.18.22_BUILD133_PAPER_MOON_NATIVE_HANDOFF_FIX_SOURCE/src/components/ui/buttons/index.tsx', but '--jsx' is not set.
src/components/ui/index.tsx(19,15): error TS6142: Module './inputs' was resolved to '/mnt/data/lousa_work/LOUSA_MOON_V1.18.22_BUILD133_PAPER_MOON_NATIVE_HANDOFF_FIX_SOURCE/src/components/ui/inputs/index.tsx', but '--jsx' is not set.
src/components/ui/index.tsx(20,15): error TS6142: Module './surfaces' was resolved to '/mnt/data/lousa_work/LOUSA_MOON_V1.18.22_BUILD133_PAPER_MOON_NATIVE_HANDOFF_FIX_SOURCE/src/components/ui/surfaces/index.tsx', but '--jsx' is not set.
src/components/ui/index.tsx(21,15): error TS6142: Module './feedback' was resolved to '/mnt/data/lousa_work/LOUSA_MOON_V1.18.22_BUILD133_PAPER_MOON_NATIVE_HANDOFF_FIX_SOURCE/src/components/ui/feedback/index.tsx', but '--jsx' is not set.
src/components/ui/index.tsx(22,15): error TS6142: Module './navigation' was resolved to '/mnt/data/lousa_work/LOUSA_MOON_V1.18.22_BUILD133_PAPER_MOON_NATIVE_HANDOFF_FIX_SOURCE/src/components/ui/navigation/index.tsx', but '--jsx' is not set.
src/components/ui/index.tsx(44,5): error TS17004: Cannot use JSX unless the '--jsx' flag is provided.
src/components/ui/index.tsx(76,5): error TS17004: Cannot use JSX unless the '--jsx' flag is provided.
src/components/ui/index.tsx(77,7): error TS17004: Cannot use JSX unless the '--jsx' flag is provided.
src/components/ui/index.tsx(78,20): error TS17004: Cannot use JSX unless the '--jsx' flag is provided.
src/components/ui/index.tsx(79,9): error TS17004: Cannot use JSX unless the '--jsx' flag is provided.
src/components/ui/index.tsx(82,9): error TS17004: Cannot use JSX unless the '--jsx' flag is provided.
src/components/ui/index.tsx(82,10): error TS2741: Property 'children' is missing in type '{ onPress: (() => void) | undefined; style: any[]; }' but required in type 'PressScaleProps'.
src/components/ui/index.tsx(83,11): error TS17004: Cannot use JSX unless the '--jsx' flag is provided.
src/components/ui/index.tsx(84,11): error TS17004: Cannot use JSX unless the '--jsx' flag is provided.
src/components/ui/index.tsx(110,5): error TS17004: Cannot use JSX unless the '--jsx' flag is provided.
src/components/ui/index.tsx(111,15): error TS17004: Cannot use JSX unless the '--jsx' flag is provided.
src/components/ui/index.tsx(112,7): error TS17004: Cannot use JSX unless the '--jsx' flag is provided.
src/components/ui/index.tsx(135,5): error TS17004: Cannot use JSX unless the '--jsx' flag is provided.
src/components/ui/index.tsx(136,7): error TS17004: Cannot use JSX unless the '--jsx' flag is provided.
src/components/ui/index.tsx(154,5): error TS17004: Cannot use JSX unless the '--jsx' flag is provided.
src/components/ui/index.tsx(154,6): error TS2741: Property 'children' is missing in type '{ onPress: () => void; disabled: boolean | undefined; style: any; }' but required in type 'PressScaleProps'.
src/components/ui/index.tsx(155,7): error TS17004: Cannot use JSX unless the '--jsx' flag is provided.
src/components/ui/index.tsx(156,15): error TS17004: Cannot use JSX unless the '--jsx' flag is provided.
src/components/ui/index.tsx(179,5): error TS17004: Cannot use JSX unless the '--jsx' flag is provided.
src/components/ui/index.tsx(180,7): error TS17004: Cannot use JSX unless the '--jsx' flag is provided.
src/components/ui/index.tsx(181,7): error TS17004: Cannot use JSX unless the '--jsx' flag is provided.
src/components/ui/index.tsx(182,9): error TS17004: Cannot use JSX unless the '--jsx' flag is provided.
src/components/ui/index.tsx(183,19): error TS17004: Cannot use JSX unless the '--jsx' flag is provided.
src/components/ui/index.tsx(210,5): error TS17004: Cannot use JSX unless the '--jsx' flag is provided.
src/components/ui/index.tsx(211,16): error TS17004: Cannot use JSX unless the '--jsx' flag is provided.
src/components/ui/index.tsx(212,17): error TS17004: Cannot use JSX unless the '--jsx' flag is provided.
src/components/ui/index.tsx(213,7): error TS17004: Cannot use JSX unless the '--jsx' flag is provided.
src/components/ui/index.tsx(214,9): error TS17004: Cannot use JSX unless the '--jsx' flag is provided.
src/components/ui/index.tsx(214,10): error TS2741: Property 'children' is missing in type '{ accessibilityLabel: string; disabled: boolean; onPress: () => void; style: any; }' but required in type 'PressScaleProps'.
src/components/ui/index.tsx(220,11): error TS17004: Cannot use JSX unless the '--jsx' flag is provided.
src/components/ui/index.tsx(222,9): error TS17004: Cannot use JSX unless the '--jsx' flag is provided.
src/components/ui/index.tsx(223,9): error TS17004: Cannot use JSX unless the '--jsx' flag is provided.
src/components/ui/index.tsx(223,10): error TS2741: Property 'children' is missing in type '{ accessibilityLabel: string; disabled: boolean; onPress: () => void; style: any; }' but required in type 'PressScaleProps'.
src/components/ui/index.tsx(229,11): error TS17004: Cannot use JSX unless the '--jsx' flag is provided.
src/components/ui/inputs/index.tsx(1,19): error TS2307: Cannot find module 'react' or its corresponding type declarations.
src/components/ui/inputs/index.tsx(2,62): error TS2307: Cannot find module 'react-native' or its corresponding type declarations.
src/components/ui/inputs/index.tsx(4,32): error TS6142: Module '../../MaterialSymbol' was resolved to '/mnt/data/lousa_work/LOUSA_MOON_V1.18.22_BUILD133_PAPER_MOON_NATIVE_HANDOFF_FIX_SOURCE/src/components/MaterialSymbol.tsx', but '--jsx' is not set.
src/components/ui/inputs/index.tsx(5,26): error TS6142: Module '../../../theme/ThemeProvider' was resolved to '/mnt/data/lousa_work/LOUSA_MOON_V1.18.22_BUILD133_PAPER_MOON_NATIVE_HANDOFF_FIX_SOURCE/src/theme/ThemeProvider.tsx', but '--jsx' is not set.
src/components/ui/inputs/index.tsx(7,28): error TS6142: Module '../PressScale' was resolved to '/mnt/data/lousa_work/LOUSA_MOON_V1.18.22_BUILD133_PAPER_MOON_NATIVE_HANDOFF_FIX_SOURCE/src/components/ui/PressScale.tsx', but '--jsx' is not set.
src/components/ui/inputs/index.tsx(24,5): error TS17004: Cannot use JSX unless the '--jsx' flag is provided.
src/components/ui/inputs/index.tsx(24,6): error TS2741: Property 'children' is missing in type '{ onPress: () => void; accessibilityRole: string; accessibilityLabel: string; accessibilityState: { selected: boolean; }; style: any[]; }' but required in type 'PressScaleProps'.
src/components/ui/inputs/index.tsx(38,15): error TS17004: Cannot use JSX unless the '--jsx' flag is provided.
src/components/ui/inputs/index.tsx(39,7): error TS17004: Cannot use JSX unless the '--jsx' flag is provided.
src/components/ui/inputs/index.tsx(40,19): error TS17004: Cannot use JSX unless the '--jsx' flag is provided.
src/components/ui/inputs/index.tsx(58,5): error TS17004: Cannot use JSX unless the '--jsx' flag is provided.
src/components/ui/inputs/index.tsx(58,6): error TS2741: Property 'children' is missing in type '{ onPress: () => void; accessibilityRole: string; accessibilityLabel: string; accessibilityState: { checked: boolean; }; style: any; }' but required in type 'PressScaleProps'.
src/components/ui/inputs/index.tsx(65,7): error TS17004: Cannot use JSX unless the '--jsx' flag is provided.
src/components/ui/inputs/index.tsx(66,20): error TS17004: Cannot use JSX unless the '--jsx' flag is provided.
src/components/ui/inputs/index.tsx(68,7): error TS17004: Cannot use JSX unless the '--jsx' flag is provided.
src/components/ui/inputs/index.tsx(69,9): error TS17004: Cannot use JSX unless the '--jsx' flag is provided.
src/components/ui/inputs/index.tsx(70,19): error TS17004: Cannot use JSX unless the '--jsx' flag is provided.
src/components/ui/inputs/index.tsx(89,5): error TS17004: Cannot use JSX unless the '--jsx' flag is provided.
src/components/ui/inputs/index.tsx(89,6): error TS2741: Property 'children' is missing in type '{ onPress: () => void; accessibilityRole: string; accessibilityLabel: string; accessibilityState: { checked: boolean; }; style: any; }' but required in type 'PressScaleProps'.
src/components/ui/inputs/index.tsx(96,7): error TS17004: Cannot use JSX unless the '--jsx' flag is provided.
src/components/ui/inputs/index.tsx(97,9): error TS17004: Cannot use JSX unless the '--jsx' flag is provided.
src/components/ui/inputs/index.tsx(98,19): error TS17004: Cannot use JSX unless the '--jsx' flag is provided.
src/components/ui/inputs/index.tsx(100,7): error TS17004: Cannot use JSX unless the '--jsx' flag is provided.
src/components/ui/inputs/index.tsx(101,9): error TS17004: Cannot use JSX unless the '--jsx' flag is provided.
src/components/ui/navigation/index.tsx(1,19): error TS2307: Cannot find module 'react' or its corresponding type declarations.
src/components/ui/navigation/index.tsx(2,40): error TS2307: Cannot find module 'react-native' or its corresponding type declarations.
src/components/ui/navigation/index.tsx(4,26): error TS6142: Module '../../../theme/ThemeProvider' was resolved to '/mnt/data/lousa_work/LOUSA_MOON_V1.18.22_BUILD133_PAPER_MOON_NATIVE_HANDOFF_FIX_SOURCE/src/theme/ThemeProvider.tsx', but '--jsx' is not set.
src/components/ui/navigation/index.tsx(16,5): error TS17004: Cannot use JSX unless the '--jsx' flag is provided.
src/components/ui/navigation/index.tsx(17,7): error TS17004: Cannot use JSX unless the '--jsx' flag is provided.
src/components/ui/navigation/index.tsx(19,11): error TS17004: Cannot use JSX unless the '--jsx' flag is provided.
src/components/ui/navigation/index.tsx(28,7): error TS17004: Cannot use JSX unless the '--jsx' flag is provided.
src/components/ui/navigation/index.tsx(30,11): error TS17004: Cannot use JSX unless the '--jsx' flag is provided.
src/components/ui/surfaces/index.tsx(1,19): error TS2307: Cannot find module 'react' or its corresponding type declarations.
src/components/ui/surfaces/index.tsx(2,62): error TS2307: Cannot find module 'react-native' or its corresponding type declarations.
src/components/ui/surfaces/index.tsx(4,32): error TS6142: Module '../../MaterialSymbol' was resolved to '/mnt/data/lousa_work/LOUSA_MOON_V1.18.22_BUILD133_PAPER_MOON_NATIVE_HANDOFF_FIX_SOURCE/src/components/MaterialSymbol.tsx', but '--jsx' is not set.
src/components/ui/surfaces/index.tsx(5,26): error TS6142: Module '../../../theme/ThemeProvider' was resolved to '/mnt/data/lousa_work/LOUSA_MOON_V1.18.22_BUILD133_PAPER_MOON_NATIVE_HANDOFF_FIX_SOURCE/src/theme/ThemeProvider.tsx', but '--jsx' is not set.
src/components/ui/surfaces/index.tsx(7,28): error TS6142: Module '../PressScale' was resolved to '/mnt/data/lousa_work/LOUSA_MOON_V1.18.22_BUILD133_PAPER_MOON_NATIVE_HANDOFF_FIX_SOURCE/src/components/ui/PressScale.tsx', but '--jsx' is not set.
src/components/ui/surfaces/index.tsx(25,10): error TS17004: Cannot use JSX unless the '--jsx' flag is provided.
src/components/ui/surfaces/index.tsx(39,5): error TS17004: Cannot use JSX unless the '--jsx' flag is provided.
src/components/ui/surfaces/index.tsx(53,10): error TS17004: Cannot use JSX unless the '--jsx' flag is provided.
src/components/ui/surfaces/index.tsx(53,11): error TS2741: Property 'children' is missing in type '{ padded: false; style: any; }' but required in type '{ children: React.ReactNode; style?: any; padded?: boolean | undefined; }'.
src/components/ui/surfaces/index.tsx(75,5): error TS17004: Cannot use JSX unless the '--jsx' flag is provided.
src/components/ui/surfaces/index.tsx(76,15): error TS17004: Cannot use JSX unless the '--jsx' flag is provided.
src/components/ui/surfaces/index.tsx(76,157): error TS17004: Cannot use JSX unless the '--jsx' flag is provided.
src/components/ui/surfaces/index.tsx(77,7): error TS17004: Cannot use JSX unless the '--jsx' flag is provided.
src/components/ui/surfaces/index.tsx(78,9): error TS17004: Cannot use JSX unless the '--jsx' flag is provided.
src/components/ui/surfaces/index.tsx(79,19): error TS17004: Cannot use JSX unless the '--jsx' flag is provided.
src/components/ui/surfaces/index.tsx(81,31): error TS17004: Cannot use JSX unless the '--jsx' flag is provided.
src/components/ui/surfaces/index.tsx(85,24): error TS17004: Cannot use JSX unless the '--jsx' flag is provided.
src/components/ui/surfaces/index.tsx(86,10): error TS17004: Cannot use JSX unless the '--jsx' flag is provided.
src/components/ui/surfaces/index.tsx(86,11): error TS2741: Property 'children' is missing in type '{ onPress: () => void; style: any[]; }' but required in type 'PressScaleProps'.
src/components/ui/surfaces/index.tsx(108,5): error TS17004: Cannot use JSX unless the '--jsx' flag is provided.
src/components/ui/surfaces/index.tsx(109,7): error TS17004: Cannot use JSX unless the '--jsx' flag is provided.
src/components/ui/surfaces/index.tsx(110,7): error TS17004: Cannot use JSX unless the '--jsx' flag is provided.
src/components/ui/surfaces/index.tsx(111,9): error TS17004: Cannot use JSX unless the '--jsx' flag is provided.
src/components/ui/surfaces/index.tsx(112,17): error TS17004: Cannot use JSX unless the '--jsx' flag is provided.
src/domain/cycleValidation.ts(93,24): error TS2550: Property 'includes' does not exist on type '("user" | "imported" | "legacy" | "demo")[]'. Do you need to change your target library? Try changing the 'lib' compiler option to 'es2016' or later.
src/domain/cycleValidation.ts(115,33): error TS2550: Property 'fromEntries' does not exist on type 'ObjectConstructor'. Do you need to change your target library? Try changing the 'lib' compiler option to 'es2019' or later.
src/domain/cycleValidation.ts(116,12): error TS2550: Property 'entries' does not exist on type 'ObjectConstructor'. Do you need to change your target library? Try changing the 'lib' compiler option to 'es2017' or later.
src/domain/cycleValidation.ts(116,49): error TS7031: Binding element 'date' implicitly has an 'any' type.
src/domain/cycleValidation.ts(116,55): error TS7031: Binding element 'flow' implicitly has an 'any' type.
src/domain/cycleValidation.ts(141,36): error TS2550: Property 'find' does not exist on type 'PeriodRecord[]'. Do you need to change your target library? Try changing the 'lib' compiler option to 'es2015' or later.
src/domain/cycleValidation.ts(141,42): error TS7006: Parameter 'record' implicitly has an 'any' type.
src/features/auth/components/AuthCard.tsx(1,34): error TS2307: Cannot find module 'react' or its corresponding type declarations.
src/features/auth/components/AuthCard.tsx(2,44): error TS2307: Cannot find module 'react-native' or its corresponding type declarations.
src/features/auth/components/AuthCard.tsx(10,10): error TS17004: Cannot use JSX unless the '--jsx' flag is provided.
src/features/auth/components/AuthDivider.tsx(1,19): error TS2307: Cannot find module 'react' or its corresponding type declarations.
src/features/auth/components/AuthDivider.tsx(2,44): error TS2307: Cannot find module 'react-native' or its corresponding type declarations.
src/features/auth/components/AuthDivider.tsx(3,83): error TS17004: Cannot use JSX unless the '--jsx' flag is provided.
src/features/auth/components/AuthErrorBanner.tsx(1,19): error TS2307: Cannot find module 'react' or its corresponding type declarations.
src/features/auth/components/AuthErrorBanner.tsx(2,44): error TS2307: Cannot find module 'react-native' or its corresponding type declarations.
src/features/auth/components/AuthErrorBanner.tsx(5,10): error TS17004: Cannot use JSX unless the '--jsx' flag is provided.
src/features/auth/components/AuthLegalText.tsx(1,19): error TS2307: Cannot find module 'react' or its corresponding type declarations.
src/features/auth/components/AuthLegalText.tsx(2,44): error TS2307: Cannot find module 'react-native' or its corresponding type declarations.
src/features/auth/components/AuthLegalText.tsx(4,10): error TS17004: Cannot use JSX unless the '--jsx' flag is provided.
src/features/auth/components/AuthPaperReveal.tsx(1,23): error TS2307: Cannot find module 'expo-asset' or its corresponding type declarations.
src/features/auth/components/AuthPaperReveal.tsx(2,85): error TS2307: Cannot find module 'react' or its corresponding type declarations.
src/features/auth/components/AuthPaperReveal.tsx(10,8): error TS2307: Cannot find module 'react-native' or its corresponding type declarations.
src/features/auth/components/AuthPaperReveal.tsx(20,8): error TS2307: Cannot find module 'react-native-reanimated' or its corresponding type declarations.
src/features/auth/components/AuthPaperReveal.tsx(35,28): error TS2580: Cannot find name 'require'. Do you need to install type definitions for node? Try `npm i --save-dev @types/node`.
src/features/auth/components/AuthPaperReveal.tsx(36,25): error TS2580: Cannot find name 'require'. Do you need to install type definitions for node? Try `npm i --save-dev @types/node`.
src/features/auth/components/AuthPaperReveal.tsx(37,26): error TS2580: Cannot find name 'require'. Do you need to install type definitions for node? Try `npm i --save-dev @types/node`.
src/features/auth/components/AuthPaperReveal.tsx(38,22): error TS2580: Cannot find name 'require'. Do you need to install type definitions for node? Try `npm i --save-dev @types/node`.
src/features/auth/components/AuthPaperReveal.tsx(39,26): error TS2580: Cannot find name 'require'. Do you need to install type definitions for node? Try `npm i --save-dev @types/node`.
src/features/auth/components/AuthPaperReveal.tsx(40,27): error TS2580: Cannot find name 'require'. Do you need to install type definitions for node? Try `npm i --save-dev @types/node`.
src/features/auth/components/AuthPaperReveal.tsx(122,52): error TS2304: Cannot find name 'ReadonlySet'.
src/features/auth/components/AuthPaperReveal.tsx(122,85): error TS2583: Cannot find name 'Set'. Do you need to change your target library? Try changing the 'lib' compiler option to 'es2015' or later.
src/features/auth/components/AuthPaperReveal.tsx(132,39): error TS2583: Cannot find name 'Set'. Do you need to change your target library? Try changing the 'lib' compiler option to 'es2015' or later.
src/features/auth/components/AuthPaperReveal.tsx(229,22): error TS7006: Parameter 'current' implicitly has an 'any' type.
src/features/auth/components/AuthPaperReveal.tsx(230,24): error TS2583: Cannot find name 'Set'. Do you need to change your target library? Try changing the 'lib' compiler option to 'es2015' or later.
src/features/auth/components/AuthPaperReveal.tsx(256,29): error TS7006: Parameter 'current' implicitly has an 'any' type.
src/features/auth/components/AuthPaperReveal.tsx(415,96): error TS7006: Parameter 'finished' implicitly has an 'any' type.
src/features/auth/components/AuthPaperReveal.tsx(443,42): error TS2585: 'Promise' only refers to a type, but is being used as a value here. Do you need to change your target library? Try changing the 'lib' compiler option to es2015 or later.
src/features/auth/components/AuthPaperReveal.tsx(443,60): error TS7006: Parameter 'resolve' implicitly has an 'any' type.
src/features/auth/components/AuthPaperReveal.tsx(444,14): error TS2585: 'Promise' only refers to a type, but is being used as a value here. Do you need to change your target library? Try changing the 'lib' compiler option to es2015 or later.
src/features/auth/components/AuthPaperReveal.tsx(444,75): error TS2705: An async function or method in ES5 requires the 'Promise' constructor.  Make sure you have a declaration for the 'Promise' constructor or include 'ES2015' in your '--lib' option.
src/features/auth/components/AuthPaperReveal.tsx(444,82): error TS7006: Parameter 'reduceMotion' implicitly has an 'any' type.
src/features/auth/components/AuthPaperReveal.tsx(448,41): error TS2585: 'Promise' only refers to a type, but is being used as a value here. Do you need to change your target library? Try changing the 'lib' compiler option to es2015 or later.
src/features/auth/components/AuthPaperReveal.tsx(450,19): error TS2585: 'Promise' only refers to a type, but is being used as a value here. Do you need to change your target library? Try changing the 'lib' compiler option to es2015 or later.
src/features/auth/components/AuthPaperReveal.tsx(450,41): error TS7006: Parameter 'resolve' implicitly has an 'any' type.
src/features/auth/components/AuthPaperReveal.tsx(541,5): error TS17004: Cannot use JSX unless the '--jsx' flag is provided.
src/features/auth/components/AuthPaperReveal.tsx(542,7): error TS17004: Cannot use JSX unless the '--jsx' flag is provided.
src/features/auth/components/AuthPaperReveal.tsx(547,9): error TS17004: Cannot use JSX unless the '--jsx' flag is provided.
src/features/auth/components/AuthPaperReveal.tsx(554,11): error TS17004: Cannot use JSX unless the '--jsx' flag is provided.
src/features/auth/components/AuthPaperReveal.tsx(555,11): error TS17004: Cannot use JSX unless the '--jsx' flag is provided.
src/features/auth/components/AuthPaperReveal.tsx(556,13): error TS17004: Cannot use JSX unless the '--jsx' flag is provided.
src/features/auth/components/AuthPaperReveal.tsx(564,15): error TS17004: Cannot use JSX unless the '--jsx' flag is provided.
src/features/auth/components/AuthPaperReveal.tsx(567,15): error TS17004: Cannot use JSX unless the '--jsx' flag is provided.
src/features/auth/components/AuthPaperReveal.tsx(581,17): error TS17004: Cannot use JSX unless the '--jsx' flag is provided.
src/features/auth/components/AuthPaperReveal.tsx(584,15): error TS17004: Cannot use JSX unless the '--jsx' flag is provided.
src/features/auth/components/AuthPaperReveal.tsx(591,27): error TS7006: Parameter 'event' implicitly has an 'any' type.
src/features/auth/components/AuthPaperReveal.tsx(606,15): error TS17004: Cannot use JSX unless the '--jsx' flag is provided.
src/features/auth/components/AuthPaperReveal.tsx(612,27): error TS7006: Parameter 'event' implicitly has an 'any' type.
src/features/auth/components/AuthPaperReveal.tsx(622,15): error TS17004: Cannot use JSX unless the '--jsx' flag is provided.
src/features/auth/components/AuthPaperReveal.tsx(628,27): error TS7006: Parameter 'event' implicitly has an 'any' type.
src/features/auth/components/AuthPaperReveal.tsx(638,15): error TS17004: Cannot use JSX unless the '--jsx' flag is provided.
src/features/auth/components/AuthPaperReveal.tsx(644,27): error TS7006: Parameter 'event' implicitly has an 'any' type.
src/features/auth/components/AuthPaperReveal.tsx(654,15): error TS17004: Cannot use JSX unless the '--jsx' flag is provided.
src/features/auth/components/AuthPaperReveal.tsx(660,27): error TS7006: Parameter 'event' implicitly has an 'any' type.
src/features/auth/components/AuthPaperReveal.tsx(670,15): error TS17004: Cannot use JSX unless the '--jsx' flag is provided.
src/features/auth/components/AuthPaperReveal.tsx(676,27): error TS7006: Parameter 'event' implicitly has an 'any' type.
src/features/auth/components/AuthPaperReveal.tsx(685,13): error TS17004: Cannot use JSX unless the '--jsx' flag is provided.
src/features/auth/components/AuthPaperReveal.tsx(689,15): error TS17004: Cannot use JSX unless the '--jsx' flag is provided.
src/features/auth/components/AuthPaperReveal.tsx(690,15): error TS17004: Cannot use JSX unless the '--jsx' flag is provided.
src/features/auth/components/AuthPasswordField.tsx(1,52): error TS6142: Module './AuthTextField' was resolved to '/mnt/data/lousa_work/LOUSA_MOON_V1.18.22_BUILD133_PAPER_MOON_NATIVE_HANDOFF_FIX_SOURCE/src/features/auth/components/AuthTextField.tsx', but '--jsx' is not set.
src/features/auth/components/AuthPrimaryButton.tsx(1,49): error TS6142: Module '../../../components/ui' was resolved to '/mnt/data/lousa_work/LOUSA_MOON_V1.18.22_BUILD133_PAPER_MOON_NATIVE_HANDOFF_FIX_SOURCE/src/components/ui/index.tsx', but '--jsx' is not set.
src/features/auth/components/AuthProviderButton.tsx(1,50): error TS6142: Module '../../../components/ui' was resolved to '/mnt/data/lousa_work/LOUSA_MOON_V1.18.22_BUILD133_PAPER_MOON_NATIVE_HANDOFF_FIX_SOURCE/src/components/ui/index.tsx', but '--jsx' is not set.
src/features/auth/components/AuthScreenFrame.tsx(1,53): error TS6142: Module './PremiumAuthShell' was resolved to '/mnt/data/lousa_work/LOUSA_MOON_V1.18.22_BUILD133_PAPER_MOON_NATIVE_HANDOFF_FIX_SOURCE/src/features/auth/components/PremiumAuthShell.tsx', but '--jsx' is not set.
src/features/auth/components/AuthScreenFrame.tsx(2,46): error TS6142: Module './PremiumAuthShell' was resolved to '/mnt/data/lousa_work/LOUSA_MOON_V1.18.22_BUILD133_PAPER_MOON_NATIVE_HANDOFF_FIX_SOURCE/src/features/auth/components/PremiumAuthShell.tsx', but '--jsx' is not set.
src/features/auth/components/AuthSecondaryButton.tsx(1,51): error TS6142: Module '../../../components/ui' was resolved to '/mnt/data/lousa_work/LOUSA_MOON_V1.18.22_BUILD133_PAPER_MOON_NATIVE_HANDOFF_FIX_SOURCE/src/components/ui/index.tsx', but '--jsx' is not set.
src/features/auth/components/AuthTextField.tsx(1,19): error TS2307: Cannot find module 'react' or its corresponding type declarations.
src/features/auth/components/AuthTextField.tsx(2,43): error TS2307: Cannot find module 'react-native' or its corresponding type declarations.
src/features/auth/components/AuthTextField.tsx(3,63): error TS17004: Cannot use JSX unless the '--jsx' flag is provided.
src/features/auth/components/AuthTopBar.tsx(1,34): error TS2307: Cannot find module 'react' or its corresponding type declarations.
src/features/auth/components/AuthTopBar.tsx(2,44): error TS2307: Cannot find module 'react-native' or its corresponding type declarations.
src/features/auth/components/AuthTopBar.tsx(5,10): error TS17004: Cannot use JSX unless the '--jsx' flag is provided.
src/features/auth/components/GuestAccountGate.tsx(1,19): error TS2307: Cannot find module 'react' or its corresponding type declarations.
src/features/auth/components/GuestAccountGate.tsx(2,24): error TS2307: Cannot find module 'expo-router' or its corresponding type declarations.
src/features/auth/components/GuestAccountGate.tsx(4,43): error TS6142: Module '../../../components/layout' was resolved to '/mnt/data/lousa_work/LOUSA_MOON_V1.18.22_BUILD133_PAPER_MOON_NATIVE_HANDOFF_FIX_SOURCE/src/components/layout.tsx', but '--jsx' is not set.
src/features/auth/components/GuestAccountGate.tsx(5,28): error TS6142: Module '../../../components/ui' was resolved to '/mnt/data/lousa_work/LOUSA_MOON_V1.18.22_BUILD133_PAPER_MOON_NATIVE_HANDOFF_FIX_SOURCE/src/components/ui/index.tsx', but '--jsx' is not set.
src/features/auth/components/GuestAccountGate.tsx(31,34): error TS7006: Parameter 'state' implicitly has an 'any' type.
src/features/auth/components/GuestAccountGate.tsx(32,16): error TS7053: Element implicitly has an 'any' type because expression of type 'any' can't be used to index type '{ readonly ru: { readonly title: "Нужен аккаунт LOUSA"; readonly body: "В гостевом режиме цикл и заметки хранятся только на этом устройстве. Для адреса, заказа LOUSA BOX, оплаты и синхронизации нужен аккаунт."; readonly create: "Создать аккаунт"; readonly signIn: "Уже есть аккаунт"; }; readonly en: { ...; }; readonl...'.
src/features/auth/components/GuestAccountGate.tsx(39,5): error TS17004: Cannot use JSX unless the '--jsx' flag is provided.
src/features/auth/components/GuestAccountGate.tsx(39,6): error TS2741: Property 'children' is missing in type '{ title: string; closeIcon: string; }' but required in type '{ children: React.ReactNode; title: string; closeIcon?: string | undefined; onBack?: (() => void) | undefined; backgroundVariant?: "cosmic" | "minimal" | "liquid" | undefined; keyboard?: boolean | undefined; }'.
src/features/auth/components/GuestAccountGate.tsx(40,7): error TS17004: Cannot use JSX unless the '--jsx' flag is provided.
src/features/auth/components/GuestAccountGate.tsx(41,9): error TS17004: Cannot use JSX unless the '--jsx' flag is provided.
src/features/auth/components/PremiumAuthShell.tsx(1,34): error TS2307: Cannot find module 'react' or its corresponding type declarations.
src/features/auth/components/PremiumAuthShell.tsx(11,8): error TS2307: Cannot find module 'react-native' or its corresponding type declarations.
src/features/auth/components/PremiumAuthShell.tsx(12,49): error TS2307: Cannot find module 'react-native-safe-area-context' or its corresponding type declarations.
src/features/auth/components/PremiumAuthShell.tsx(47,5): error TS17004: Cannot use JSX unless the '--jsx' flag is provided.
src/features/auth/components/PremiumAuthShell.tsx(53,7): error TS17004: Cannot use JSX unless the '--jsx' flag is provided.
src/features/auth/components/PremiumAuthShell.tsx(54,9): error TS17004: Cannot use JSX unless the '--jsx' flag is provided.
src/features/auth/diagnostics/authTrace.ts(45,24): error TS2583: Cannot find name 'Map'. Do you need to change your target library? Try changing the 'lib' compiler option to 'es2015' or later.
src/features/auth/diagnostics/authTrace.ts(61,17): error TS2550: Property 'fromEntries' does not exist on type 'ObjectConstructor'. Do you need to change your target library? Try changing the 'lib' compiler option to 'es2019' or later.
src/features/auth/diagnostics/authTrace.ts(62,12): error TS2550: Property 'entries' does not exist on type 'ObjectConstructor'. Do you need to change your target library? Try changing the 'lib' compiler option to 'es2017' or later.
src/features/auth/diagnostics/authTrace.ts(63,17): error TS7031: Binding element 'key' implicitly has an 'any' type.
src/features/auth/diagnostics/authTrace.ts(64,14): error TS7031: Binding element 'key' implicitly has an 'any' type.
src/features/auth/diagnostics/authTrace.ts(64,19): error TS7031: Binding element 'value' implicitly has an 'any' type.
src/features/auth/diagnostics/authTrace.ts(84,14): error TS2304: Cannot find name '__DEV__'.
src/features/auth/diagnostics/authTrace.ts(84,41): error TS2304: Cannot find name '__DEV__'.
src/features/auth/google/googleAuthMachine.ts(27,64): error TS2705: An async function or method in ES5 requires the 'Promise' constructor.  Make sure you have a declaration for the 'Promise' constructor or include 'ES2015' in your '--lib' option.
src/features/auth/guest/guestSession.ts(21,9): error TS2585: 'Promise' only refers to a type, but is being used as a value here. Do you need to change your target library? Try changing the 'lib' compiler option to es2015 or later.
src/features/auth/guest/guestSession.ts(97,32): error TS7006: Parameter 'record' implicitly has an 'any' type.
src/features/auth/guest/guestSession.ts(103,36): error TS7006: Parameter 'observation' implicitly has an 'any' type.
src/features/auth/guest/guestSession.ts(120,9): error TS2585: 'Promise' only refers to a type, but is being used as a value here. Do you need to change your target library? Try changing the 'lib' compiler option to es2015 or later.
src/features/auth/session/sessionState.ts(21,23): error TS2705: An async function or method in ES5 requires the 'Promise' constructor.  Make sure you have a declaration for the 'Promise' constructor or include 'ES2015' in your '--lib' option.
src/features/auth/session/sessionState.ts(25,52): error TS2705: An async function or method in ES5 requires the 'Promise' constructor.  Make sure you have a declaration for the 'Promise' constructor or include 'ES2015' in your '--lib' option.
src/features/auth/session/sessionState.ts(37,18): error TS2550: Property 'includes' does not exist on type 'AuthSessionState[]'. Do you need to change your target library? Try changing the 'lib' compiler option to 'es2016' or later.
src/features/auth/session/sessionState.ts(40,23): error TS2705: An async function or method in ES5 requires the 'Promise' constructor.  Make sure you have a declaration for the 'Promise' constructor or include 'ES2015' in your '--lib' option.
src/features/auth/session/sessionState.ts(51,9): error TS2585: 'Promise' only refers to a type, but is being used as a value here. Do you need to change your target library? Try changing the 'lib' compiler option to es2015 or later.
src/features/auth/session/sessionState.ts(60,48): error TS2585: 'Promise' only refers to a type, but is being used as a value here. Do you need to change your target library? Try changing the 'lib' compiler option to es2015 or later.
src/features/auth/session/sessionState.ts(71,23): error TS2705: An async function or method in ES5 requires the 'Promise' constructor.  Make sure you have a declaration for the 'Promise' constructor or include 'ES2015' in your '--lib' option.
src/hooks/useReducedMotion.ts(1,37): error TS2307: Cannot find module 'react' or its corresponding type declarations.
src/hooks/useReducedMotion.ts(2,35): error TS2307: Cannot find module 'react-native' or its corresponding type declarations.
src/hooks/useReducedMotion.ts(11,14): error TS7006: Parameter 'value' implicitly has an 'any' type.
src/security/encryptedStateStorage.ts(1,26): error TS2307: Cannot find module '@react-native-async-storage/async-storage' or its corresponding type declarations.
src/security/encryptedStateStorage.ts(2,26): error TS2307: Cannot find module 'react-native' or its corresponding type declarations.
src/security/encryptedStateStorage.ts(3,35): error TS2307: Cannot find module 'zustand/middleware' or its corresponding type declarations.
src/security/encryptedStateStorage.ts(35,20): error TS2580: Cannot find name 'require'. Do you need to install type definitions for node? Try `npm i --save-dev @types/node`.
src/security/encryptedStateStorage.ts(44,10): error TS2580: Cannot find name 'process'. Do you need to install type definitions for node? Try `npm i --save-dev @types/node`.
src/security/encryptedStateStorage.ts(74,74): error TS2705: An async function or method in ES5 requires the 'Promise' constructor.  Make sure you have a declaration for the 'Promise' constructor or include 'ES2015' in your '--lib' option.
src/security/encryptedStateStorage.ts(77,18): error TS2585: 'Promise' only refers to a type, but is being used as a value here. Do you need to change your target library? Try changing the 'lib' compiler option to es2015 or later.
src/security/encryptedStateStorage.ts(79,11): error TS2585: 'Promise' only refers to a type, but is being used as a value here. Do you need to change your target library? Try changing the 'lib' compiler option to es2015 or later.
src/security/encryptedStateStorage.ts(79,27): error TS7006: Parameter '_' implicitly has an 'any' type.
src/security/encryptedStateStorage.ts(79,30): error TS7006: Parameter 'reject' implicitly has an 'any' type.
src/security/encryptedStateStorage.ts(98,16): error TS2705: An async function or method in ES5 requires the 'Promise' constructor.  Make sure you have a declaration for the 'Promise' constructor or include 'ES2015' in your '--lib' option.
src/security/encryptedStateStorage.ts(104,70): error TS2705: An async function or method in ES5 requires the 'Promise' constructor.  Make sure you have a declaration for the 'Promise' constructor or include 'ES2015' in your '--lib' option.
src/security/encryptedStateStorage.ts(109,63): error TS2550: Property 'isInteger' does not exist on type 'NumberConstructor'. Do you need to change your target library? Try changing the 'lib' compiler option to 'es2015' or later.
src/security/encryptedStateStorage.ts(116,16): error TS2705: An async function or method in ES5 requires the 'Promise' constructor.  Make sure you have a declaration for the 'Promise' constructor or include 'ES2015' in your '--lib' option.
src/security/encryptedStateStorage.ts(118,9): error TS2585: 'Promise' only refers to a type, but is being used as a value here. Do you need to change your target library? Try changing the 'lib' compiler option to es2015 or later.
src/security/encryptedStateStorage.ts(118,27): error TS2550: Property 'from' does not exist on type 'ArrayConstructor'. Do you need to change your target library? Try changing the 'lib' compiler option to 'es2015' or later.
src/security/encryptedStateStorage.ts(118,62): error TS7006: Parameter '_' implicitly has an 'any' type.
src/security/encryptedStateStorage.ts(118,65): error TS7006: Parameter 'index' implicitly has an 'any' type.
src/security/encryptedStateStorage.ts(126,17): error TS7006: Parameter 'name' implicitly has an 'any' type.
src/security/encryptedStateStorage.ts(143,28): error TS2585: 'Promise' only refers to a type, but is being used as a value here. Do you need to change your target library? Try changing the 'lib' compiler option to es2015 or later.
src/security/encryptedStateStorage.ts(143,46): error TS2550: Property 'from' does not exist on type 'ArrayConstructor'. Do you need to change your target library? Try changing the 'lib' compiler option to 'es2015' or later.
src/security/encryptedStateStorage.ts(145,10): error TS7006: Parameter '_' implicitly has an 'any' type.
src/security/encryptedStateStorage.ts(145,13): error TS7006: Parameter 'index' implicitly has an 'any' type.
src/security/encryptedStateStorage.ts(150,24): error TS7006: Parameter 'chunk' implicitly has an 'any' type.
src/security/encryptedStateStorage.ts(163,9): error TS2705: An async function or method in ES5 requires the 'Promise' constructor.  Make sure you have a declaration for the 'Promise' constructor or include 'ES2015' in your '--lib' option.
src/security/encryptedStateStorage.ts(163,17): error TS7006: Parameter 'name' implicitly has an 'any' type.
src/security/encryptedStateStorage.ts(163,23): error TS7006: Parameter 'value' implicitly has an 'any' type.
src/security/encryptedStateStorage.ts(174,11): error TS2585: 'Promise' only refers to a type, but is being used as a value here. Do you need to change your target library? Try changing the 'lib' compiler option to es2015 or later.
src/security/encryptedStateStorage.ts(181,9): error TS2705: An async function or method in ES5 requires the 'Promise' constructor.  Make sure you have a declaration for the 'Promise' constructor or include 'ES2015' in your '--lib' option.
src/security/encryptedStateStorage.ts(181,20): error TS7006: Parameter 'name' implicitly has an 'any' type.
src/security/encryptedStateStorage.ts(193,30): error TS2705: An async function or method in ES5 requires the 'Promise' constructor.  Make sure you have a declaration for the 'Promise' constructor or include 'ES2015' in your '--lib' option.
src/security/encryptedStateStorage.ts(198,9): error TS2705: An async function or method in ES5 requires the 'Promise' constructor.  Make sure you have a declaration for the 'Promise' constructor or include 'ES2015' in your '--lib' option.
src/security/encryptedStateStorage.ts(201,9): error TS2705: An async function or method in ES5 requires the 'Promise' constructor.  Make sure you have a declaration for the 'Promise' constructor or include 'ES2015' in your '--lib' option.
src/security/encryptedStateStorage.ts(207,9): error TS2585: 'Promise' only refers to a type, but is being used as a value here. Do you need to change your target library? Try changing the 'lib' compiler option to es2015 or later.
src/services/addressDraft.ts(13,88): error TS2705: An async function or method in ES5 requires the 'Promise' constructor.  Make sure you have a declaration for the 'Promise' constructor or include 'ES2015' in your '--lib' option.
src/services/allergenSafety.ts(4,45): error TS1501: This regular expression flag is only available when targeting 'es6' or later.
src/services/allergenSafety.ts(5,59): error TS1501: This regular expression flag is only available when targeting 'es6' or later.
src/services/allergenSafety.ts(6,61): error TS1501: This regular expression flag is only available when targeting 'es6' or later.
src/services/allergenSafety.ts(7,62): error TS1501: This regular expression flag is only available when targeting 'es6' or later.
src/services/allergenSafety.ts(8,38): error TS1501: This regular expression flag is only available when targeting 'es6' or later.
src/services/allergenSafety.ts(9,29): error TS1501: This regular expression flag is only available when targeting 'es6' or later.
src/services/allergenSafety.ts(10,43): error TS1501: This regular expression flag is only available when targeting 'es6' or later.
src/services/allergenSafety.ts(11,48): error TS1501: This regular expression flag is only available when targeting 'es6' or later.
src/services/allergenSafety.ts(12,60): error TS1501: This regular expression flag is only available when targeting 'es6' or later.
src/services/allergenSafety.ts(13,39): error TS1501: This regular expression flag is only available when targeting 'es6' or later.
src/services/allergenSafety.ts(19,23): error TS2550: Property 'find' does not exist on type '[AllergenCode, RegExp][]'. Do you need to change your target library? Try changing the 'lib' compiler option to 'es2015' or later.
src/services/allergenSafety.ts(19,32): error TS7031: Binding element 'pattern' implicitly has an 'any' type.
src/services/allergenSafety.ts(23,22): error TS2583: Cannot find name 'Map'. Do you need to change your target library? Try changing the 'lib' compiler option to 'es2015' or later.
src/services/allergenSafety.ts(33,65): error TS2583: Cannot find name 'Set'. Do you need to change your target library? Try changing the 'lib' compiler option to 'es2015' or later.
src/services/allergenSafety.ts(40,21): error TS2583: Cannot find name 'Set'. Do you need to change your target library? Try changing the 'lib' compiler option to 'es2015' or later.
src/services/allergenSafety.ts(50,54): error TS2583: Cannot find name 'Set'. Do you need to change your target library? Try changing the 'lib' compiler option to 'es2015' or later.
src/services/allergenSafety.ts(52,21): error TS2583: Cannot find name 'Set'. Do you need to change your target library? Try changing the 'lib' compiler option to 'es2015' or later.
src/services/api/index.ts(56,66): error TS2705: An async function or method in ES5 requires the 'Promise' constructor.  Make sure you have a declaration for the 'Promise' constructor or include 'ES2015' in your '--lib' option.
src/services/apiEnvironment.ts(1,26): error TS2307: Cannot find module 'react-native' or its corresponding type declarations.
src/services/apiEnvironment.ts(2,23): error TS2307: Cannot find module 'expo-constants' or its corresponding type declarations.
src/services/apiEnvironment.ts(14,50): error TS2580: Cannot find name 'process'. Do you need to install type definitions for node? Try `npm i --save-dev @types/node`.
src/services/apiEnvironment.ts(17,3): error TS2580: Cannot find name 'process'. Do you need to install type definitions for node? Try `npm i --save-dev @types/node`.
src/services/apiEnvironment.ts(19,3): error TS2580: Cannot find name 'process'. Do you need to install type definitions for node? Try `npm i --save-dev @types/node`.
src/services/avatar.ts(1,42): error TS2307: Cannot find module 'react-native' or its corresponding type declarations.
src/services/avatar.ts(2,30): error TS2307: Cannot find module 'expo-image-picker' or its corresponding type declarations.
src/services/avatar.ts(3,29): error TS2307: Cannot find module 'expo-file-system' or its corresponding type declarations.
src/services/avatar.ts(4,35): error TS2307: Cannot find module 'expo-image-manipulator' or its corresponding type declarations.
src/services/avatar.ts(20,67): error TS2705: An async function or method in ES5 requires the 'Promise' constructor.  Make sure you have a declaration for the 'Promise' constructor or include 'ES2015' in your '--lib' option.
src/services/avatar.ts(34,64): error TS2705: An async function or method in ES5 requires the 'Promise' constructor.  Make sure you have a declaration for the 'Promise' constructor or include 'ES2015' in your '--lib' option.
src/services/avatar.ts(37,12): error TS2550: Property 'startsWith' does not exist on type 'string'. Do you need to change your target library? Try changing the 'lib' compiler option to 'es2015' or later.
src/services/avatar.ts(41,50): error TS2705: An async function or method in ES5 requires the 'Promise' constructor.  Make sure you have a declaration for the 'Promise' constructor or include 'ES2015' in your '--lib' option.
src/services/avatar.ts(66,4): error TS2705: An async function or method in ES5 requires the 'Promise' constructor.  Make sure you have a declaration for the 'Promise' constructor or include 'ES2015' in your '--lib' option.
src/services/boxRecommendation.ts(64,44): error TS2550: Property 'flatMap' does not exist on type 'PeriodRecord[]'. Do you need to change your target library? Try changing the 'lib' compiler option to 'es2019' or later.
src/services/boxRecommendation.ts(64,53): error TS7006: Parameter 'record' implicitly has an 'any' type.
src/services/boxRecommendation.ts(64,71): error TS2550: Property 'values' does not exist on type 'ObjectConstructor'. Do you need to change your target library? Try changing the 'lib' compiler option to 'es2017' or later.
src/services/boxRecommendation.ts(66,25): error TS7006: Parameter 'sum' implicitly has an 'any' type.
src/services/boxRecommendation.ts(66,30): error TS7006: Parameter 'value' implicitly has an 'any' type.
src/services/boxRecommendation.ts(71,6): error TS2550: Property 'flatMap' does not exist on type 'PeriodRecord[]'. Do you need to change your target library? Try changing the 'lib' compiler option to 'es2019' or later.
src/services/boxRecommendation.ts(71,15): error TS7006: Parameter 'record' implicitly has an 'any' type.
src/services/boxRecommendation.ts(71,33): error TS2550: Property 'values' does not exist on type 'ObjectConstructor'. Do you need to change your target library? Try changing the 'lib' compiler option to 'es2017' or later.
src/services/boxRecommendation.ts(72,14): error TS7006: Parameter 'value' implicitly has an 'any' type.
src/services/boxRecommendation.ts(72,31): error TS2550: Property 'isFinite' does not exist on type 'NumberConstructor'. Do you need to change your target library? Try changing the 'lib' compiler option to 'es2015' or later.
src/services/boxRecommendation.ts(74,25): error TS7006: Parameter 'sum' implicitly has an 'any' type.
src/services/boxRecommendation.ts(74,30): error TS7006: Parameter 'value' implicitly has an 'any' type.
src/services/boxRecommendation.ts(78,44): error TS2550: Property 'flatMap' does not exist on type 'PeriodRecord[]'. Do you need to change your target library? Try changing the 'lib' compiler option to 'es2019' or later.
src/services/boxRecommendation.ts(78,53): error TS7006: Parameter 'record' implicitly has an 'any' type.
src/services/boxRecommendation.ts(78,71): error TS2550: Property 'values' does not exist on type 'ObjectConstructor'. Do you need to change your target library? Try changing the 'lib' compiler option to 'es2017' or later.
src/services/boxRecommendation.ts(89,40): error TS2550: Property 'includes' does not exist on type 'string'. Do you need to change your target library? Try changing the 'lib' compiler option to 'es2015' or later.
src/services/boxRecommendation.ts(115,61): error TS2550: Property 'includes' does not exist on type 'string[]'. Do you need to change your target library? Try changing the 'lib' compiler option to 'es2016' or later.
src/services/boxRecommendation.ts(116,61): error TS2550: Property 'includes' does not exist on type 'string[]'. Do you need to change your target library? Try changing the 'lib' compiler option to 'es2016' or later.
src/services/boxRecommendation.ts(196,17): error TS2550: Property 'flatMap' does not exist on type 'BoxFeedback[]'. Do you need to change your target library? Try changing the 'lib' compiler option to 'es2019' or later.
src/services/boxRecommendation.ts(196,26): error TS7006: Parameter 'item' implicitly has an 'any' type.
src/services/boxRecommendation.ts(208,64): error TS2550: Property 'includes' does not exist on type 'string[]'. Do you need to change your target library? Try changing the 'lib' compiler option to 'es2016' or later.
src/services/cyclePrediction.ts(79,39): error TS2550: Property 'from' does not exist on type 'ArrayConstructor'. Do you need to change your target library? Try changing the 'lib' compiler option to 'es2015' or later.
src/services/cyclePrediction.ts(79,48): error TS2583: Cannot find name 'Set'. Do you need to change your target library? Try changing the 'lib' compiler option to 'es2015' or later.
src/services/cyclePrediction.ts(80,14): error TS7006: Parameter 'date' implicitly has an 'any' type.
src/services/cyclePrediction.ts(93,24): error TS2550: Property 'from' does not exist on type 'ArrayConstructor'. Do you need to change your target library? Try changing the 'lib' compiler option to 'es2015' or later.
src/services/cyclePrediction.ts(93,33): error TS2583: Cannot find name 'Set'. Do you need to change your target library? Try changing the 'lib' compiler option to 'es2015' or later.
src/services/cyclePrediction.ts(96,11): error TS7006: Parameter 'date' implicitly has an 'any' type.
src/services/cyclePrediction.ts(96,17): error TS7006: Parameter 'index' implicitly has an 'any' type.
src/services/cyclePrediction.ts(98,51): error TS7006: Parameter 'days' implicitly has an 'any' type.
src/services/cyclePrediction.ts(99,58): error TS7006: Parameter 'days' implicitly has an 'any' type.
src/services/cyclePrediction.ts(132,74): error TS2550: Property 'includes' does not exist on type 'CycleContext[]'. Do you need to change your target library? Try changing the 'lib' compiler option to 'es2016' or later.
src/services/cyclePrediction.ts(133,97): error TS2550: Property 'includes' does not exist on type 'string[]'. Do you need to change your target library? Try changing the 'lib' compiler option to 'es2016' or later.
src/services/cyclePrediction.ts(138,52): error TS7006: Parameter 'days' implicitly has an 'any' type.
src/services/cyclePrediction.ts(139,55): error TS7006: Parameter 'days' implicitly has an 'any' type.
src/services/cyclePrediction.ts(199,16): error TS7006: Parameter 'date' implicitly has an 'any' type.
src/services/cyclePrediction.ts(289,23): error TS2550: Property 'from' does not exist on type 'ArrayConstructor'. Do you need to change your target library? Try changing the 'lib' compiler option to 'es2015' or later.
src/services/cyclePrediction.ts(289,32): error TS2583: Cannot find name 'Set'. Do you need to change your target library? Try changing the 'lib' compiler option to 'es2015' or later.
src/services/cyclePrediction.ts(292,21): error TS7006: Parameter 'startDate' implicitly has an 'any' type.
src/services/cyclePrediction.ts(292,32): error TS7006: Parameter 'index' implicitly has an 'any' type.
src/services/cycleSettingsSync.ts(16,23): error TS2705: An async function or method in ES5 requires the 'Promise' constructor.  Make sure you have a declaration for the 'Promise' constructor or include 'ES2015' in your '--lib' option.
src/services/cycleSync.ts(26,28): error TS2339: Property 'includes' does not exist on type '"upsert_period" | "delete_period" | "upsert_observation" | "delete_observation"'.
  Property 'includes' does not exist on type '"upsert_period"'.
src/services/cycleSync.ts(29,29): error TS2705: An async function or method in ES5 requires the 'Promise' constructor.  Make sure you have a declaration for the 'Promise' constructor or include 'ES2015' in your '--lib' option.
src/services/cycleSync.ts(47,23): error TS2705: An async function or method in ES5 requires the 'Promise' constructor.  Make sure you have a declaration for the 'Promise' constructor or include 'ES2015' in your '--lib' option.
src/services/cycleSync.ts(51,25): error TS2583: Cannot find name 'Map'. Do you need to change your target library? Try changing the 'lib' compiler option to 'es2015' or later.
src/services/cycleSync.ts(72,29): error TS7006: Parameter 'state' implicitly has an 'any' type.
src/services/cycleSync.ts(73,47): error TS7006: Parameter 'item' implicitly has an 'any' type.
src/services/cycleSync.ts(77,29): error TS7006: Parameter 'state' implicitly has an 'any' type.
src/services/cycleSync.ts(78,55): error TS7006: Parameter 'item' implicitly has an 'any' type.
src/services/cycleSyncDiff.ts(32,29): error TS2583: Cannot find name 'Map'. Do you need to change your target library? Try changing the 'lib' compiler option to 'es2015' or later.
src/services/cycleSyncDiff.ts(33,28): error TS2583: Cannot find name 'Map'. Do you need to change your target library? Try changing the 'lib' compiler option to 'es2015' or later.
src/services/cycleSyncDiff.ts(34,34): error TS2583: Cannot find name 'Map'. Do you need to change your target library? Try changing the 'lib' compiler option to 'es2015' or later.
src/services/cycleSyncDiff.ts(35,33): error TS2583: Cannot find name 'Map'. Do you need to change your target library? Try changing the 'lib' compiler option to 'es2015' or later.
src/services/dataExport.ts(1,29): error TS2307: Cannot find module 'expo-file-system' or its corresponding type declarations.
src/services/dataExport.ts(2,26): error TS2307: Cannot find module 'expo-sharing' or its corresponding type declarations.
src/services/dataExport.ts(3,26): error TS2307: Cannot find module 'react-native' or its corresponding type declarations.
src/services/dataExport.ts(34,17): error TS2550: Property 'fromEntries' does not exist on type 'ObjectConstructor'. Do you need to change your target library? Try changing the 'lib' compiler option to 'es2019' or later.
src/services/dataExport.ts(35,12): error TS2550: Property 'entries' does not exist on type 'ObjectConstructor'. Do you need to change your target library? Try changing the 'lib' compiler option to 'es2017' or later.
src/services/dataExport.ts(35,65): error TS7031: Binding element 'value' implicitly has an 'any' type.
src/services/dataExport.ts(61,42): error TS2705: An async function or method in ES5 requires the 'Promise' constructor.  Make sure you have a declaration for the 'Promise' constructor or include 'ES2015' in your '--lib' option.
src/services/deliveryPlanning.ts(23,27): error TS2769: No overload matches this call.
  Overload 1 of 4, '(vd: VarDate): Date', gave the following error.
    Argument of type 'Date' is not assignable to parameter of type 'VarDate'.
      Property 'VarDate_typekey' is missing in type 'Date' but required in type 'VarDate'.
  Overload 2 of 4, '(value: string | number): Date', gave the following error.
    Argument of type 'Date' is not assignable to parameter of type 'string | number'.
src/services/engagement.ts(117,36): error TS2550: Property 'find' does not exist on type 'BoxOrder[]'. Do you need to change your target library? Try changing the 'lib' compiler option to 'es2015' or later.
src/services/engagement.ts(117,42): error TS7006: Parameter 'order' implicitly has an 'any' type.
src/services/engagement.ts(117,92): error TS2550: Property 'includes' does not exist on type 'string[]'. Do you need to change your target library? Try changing the 'lib' compiler option to 'es2016' or later.
src/services/engagement.ts(118,103): error TS2550: Property 'includes' does not exist on type 'string[]'. Do you need to change your target library? Try changing the 'lib' compiler option to 'es2016' or later.
src/services/engagement.ts(123,71): error TS2550: Property 'includes' does not exist on type 'string[]'. Do you need to change your target library? Try changing the 'lib' compiler option to 'es2016' or later.
src/services/engagement.ts(130,32): error TS2583: Cannot find name 'Set'. Do you need to change your target library? Try changing the 'lib' compiler option to 'es2015' or later.
src/services/engagement.ts(131,49): error TS2550: Property 'find' does not exist on type 'BoxOrder[]'. Do you need to change your target library? Try changing the 'lib' compiler option to 'es2015' or later.
src/services/engagement.ts(131,55): error TS7006: Parameter 'order' implicitly has an 'any' type.
src/services/engagement.ts(146,25): error TS2550: Property 'values' does not exist on type 'ObjectConstructor'. Do you need to change your target library? Try changing the 'lib' compiler option to 'es2017' or later.
src/services/engagement.ts(147,14): error TS7006: Parameter 'log' implicitly has an 'any' type.
src/services/engagement.ts(148,12): error TS7006: Parameter 'a' implicitly has an 'any' type.
src/services/engagement.ts(148,15): error TS7006: Parameter 'b' implicitly has an 'any' type.
src/services/engagement.ts(151,21): error TS2583: Cannot find name 'Set'. Do you need to change your target library? Try changing the 'lib' compiler option to 'es2015' or later.
src/services/engagement.ts(152,41): error TS7006: Parameter 'log' implicitly has an 'any' type.
src/services/engagement.ts(153,39): error TS7006: Parameter 'log' implicitly has an 'any' type.
src/services/engagement.ts(154,36): error TS7006: Parameter 'log' implicitly has an 'any' type.
src/services/engagement.ts(166,39): error TS2550: Property 'find' does not exist on type 'DailyInsight[]'. Do you need to change your target library? Try changing the 'lib' compiler option to 'es2015' or later.
src/services/engagement.ts(166,45): error TS7006: Parameter 'candidate' implicitly has an 'any' type.
src/services/engagement.ts(166,82): error TS2550: Property 'find' does not exist on type 'any[]'. Do you need to change your target library? Try changing the 'lib' compiler option to 'es2015' or later.
src/services/engagement.ts(166,88): error TS7006: Parameter 'candidate' implicitly has an 'any' type.
src/services/engagement.ts(178,32): error TS2550: Property 'values' does not exist on type 'ObjectConstructor'. Do you need to change your target library? Try changing the 'lib' compiler option to 'es2017' or later.
src/services/engagement.ts(178,59): error TS7006: Parameter 'log' implicitly has an 'any' type.
src/services/engagement.ts(194,33): error TS2583: Cannot find name 'Set'. Do you need to change your target library? Try changing the 'lib' compiler option to 'es2015' or later.
src/services/engagement.ts(194,44): error TS2550: Property 'values' does not exist on type 'ObjectConstructor'. Do you need to change your target library? Try changing the 'lib' compiler option to 'es2017' or later.
src/services/engagement.ts(194,71): error TS7006: Parameter 'log' implicitly has an 'any' type.
src/services/engagement.ts(194,187): error TS7006: Parameter 'log' implicitly has an 'any' type.
src/services/engagement.ts(211,23): error TS2550: Property 'values' does not exist on type 'ObjectConstructor'. Do you need to change your target library? Try changing the 'lib' compiler option to 'es2017' or later.
src/services/engagement.ts(211,50): error TS7006: Parameter 'log' implicitly has an 'any' type.
src/services/engagement.ts(213,30): error TS7006: Parameter 'log' implicitly has an 'any' type.
src/services/engagement.ts(213,58): error TS7006: Parameter 'value' implicitly has an 'any' type.
src/services/engagement.ts(213,75): error TS2550: Property 'isFinite' does not exist on type 'NumberConstructor'. Do you need to change your target library? Try changing the 'lib' compiler option to 'es2015' or later.
src/services/engagement.ts(214,28): error TS7006: Parameter 'log' implicitly has an 'any' type.
src/services/engagement.ts(214,55): error TS7006: Parameter 'value' implicitly has an 'any' type.
src/services/engagement.ts(214,72): error TS2550: Property 'isFinite' does not exist on type 'NumberConstructor'. Do you need to change your target library? Try changing the 'lib' compiler option to 'es2015' or later.
src/services/engagement.ts(215,27): error TS7006: Parameter 'log' implicitly has an 'any' type.
src/services/engagement.ts(217,29): error TS2550: Property 'entries' does not exist on type 'ObjectConstructor'. Do you need to change your target library? Try changing the 'lib' compiler option to 'es2017' or later.
src/services/engagement.ts(217,55): error TS7006: Parameter 'a' implicitly has an 'any' type.
src/services/engagement.ts(217,58): error TS7006: Parameter 'b' implicitly has an 'any' type.
src/services/engagement.ts(218,39): error TS7006: Parameter 'log' implicitly has an 'any' type.
src/services/engagement.ts(218,93): error TS7006: Parameter 'acc' implicitly has an 'any' type.
src/services/engagement.ts(218,98): error TS7006: Parameter 'symptom' implicitly has an 'any' type.
src/services/engagement.ts(219,33): error TS2550: Property 'entries' does not exist on type 'ObjectConstructor'. Do you need to change your target library? Try changing the 'lib' compiler option to 'es2017' or later.
src/services/engagement.ts(219,62): error TS7006: Parameter 'a' implicitly has an 'any' type.
src/services/engagement.ts(219,65): error TS7006: Parameter 'b' implicitly has an 'any' type.
src/services/engagement.ts(219,102): error TS7031: Binding element 'symptom' implicitly has an 'any' type.
src/services/engagement.ts(226,63): error TS7006: Parameter 'sum' implicitly has an 'any' type.
src/services/engagement.ts(226,68): error TS7006: Parameter 'value' implicitly has an 'any' type.
src/services/engagement.ts(227,58): error TS7006: Parameter 'sum' implicitly has an 'any' type.
src/services/engagement.ts(227,63): error TS7006: Parameter 'value' implicitly has an 'any' type.
src/services/engagement.ts(248,28): error TS2550: Property 'values' does not exist on type 'ObjectConstructor'. Do you need to change your target library? Try changing the 'lib' compiler option to 'es2017' or later.
src/services/engagement.ts(248,55): error TS7006: Parameter 'log' implicitly has an 'any' type.
src/services/engagement.ts(249,44): error TS7006: Parameter 'log' implicitly has an 'any' type.
src/services/engagement.ts(249,98): error TS7006: Parameter 'acc' implicitly has an 'any' type.
src/services/engagement.ts(249,103): error TS7006: Parameter 'symptom' implicitly has an 'any' type.
src/services/engagement.ts(250,32): error TS2550: Property 'entries' does not exist on type 'ObjectConstructor'. Do you need to change your target library? Try changing the 'lib' compiler option to 'es2017' or later.
src/services/engagement.ts(250,61): error TS7006: Parameter 'a' implicitly has an 'any' type.
src/services/engagement.ts(250,64): error TS7006: Parameter 'b' implicitly has an 'any' type.
src/services/engagement.ts(298,82): error TS2550: Property 'includes' does not exist on type 'string[]'. Do you need to change your target library? Try changing the 'lib' compiler option to 'es2016' or later.
src/services/errorMessages.ts(83,63): error TS2550: Property 'includes' does not exist on type 'string'. Do you need to change your target library? Try changing the 'lib' compiler option to 'es2015' or later.
src/services/firebase/firebaseAuth.ts(2,23): error TS2307: Cannot find module 'expo-constants' or its corresponding type declarations.
src/services/firebase/firebaseAuth.ts(32,32): error TS2583: Cannot find name 'Map'. Do you need to change your target library? Try changing the 'lib' compiler option to 'es2015' or later.
src/services/firebase/firebaseAuth.ts(35,57): error TS2580: Cannot find name 'process'. Do you need to install type definitions for node? Try `npm i --save-dev @types/node`.
src/services/firebase/firebaseAuth.ts(64,5): error TS2550: Property 'includes' does not exist on type 'string[]'. Do you need to change your target library? Try changing the 'lib' compiler option to 'es2016' or later.
src/services/firebase/firebaseAuth.ts(81,25): error TS2580: Cannot find name 'require'. Do you need to install type definitions for node? Try `npm i --save-dev @types/node`.
src/services/firebase/firebaseAuth.ts(86,9): error TS2304: Cannot find name '__DEV__'.
src/services/firebase/firebaseAuth.ts(94,12): error TS2580: Cannot find name 'require'. Do you need to install type definitions for node? Try `npm i --save-dev @types/node`.
src/services/firebase/firebaseAuth.ts(116,7): error TS2304: Cannot find name '__DEV__'.
src/services/firebase/firebaseAuth.ts(139,74): error TS2705: An async function or method in ES5 requires the 'Promise' constructor.  Make sure you have a declaration for the 'Promise' constructor or include 'ES2015' in your '--lib' option.
src/services/firebase/firebaseAuth.ts(178,4): error TS2705: An async function or method in ES5 requires the 'Promise' constructor.  Make sure you have a declaration for the 'Promise' constructor or include 'ES2015' in your '--lib' option.
src/services/firebase/firebaseAuth.ts(231,16): error TS2705: An async function or method in ES5 requires the 'Promise' constructor.  Make sure you have a declaration for the 'Promise' constructor or include 'ES2015' in your '--lib' option.
src/services/firebase/firebaseAuth.ts(233,26): error TS2585: 'Promise' only refers to a type, but is being used as a value here. Do you need to change your target library? Try changing the 'lib' compiler option to es2015 or later.
src/services/firebase/firebaseAuth.ts(235,11): error TS2585: 'Promise' only refers to a type, but is being used as a value here. Do you need to change your target library? Try changing the 'lib' compiler option to es2015 or later.
src/services/firebase/firebaseAuth.ts(240,25): error TS2585: 'Promise' only refers to a type, but is being used as a value here. Do you need to change your target library? Try changing the 'lib' compiler option to es2015 or later.
src/services/firebase/firebaseAuth.ts(246,11): error TS2585: 'Promise' only refers to a type, but is being used as a value here. Do you need to change your target library? Try changing the 'lib' compiler option to es2015 or later.
src/services/firebase/firebaseAuth.ts(261,10): error TS2550: Property 'startsWith' does not exist on type 'string'. Do you need to change your target library? Try changing the 'lib' compiler option to 'es2015' or later.
src/services/firebase/firebaseAuth.ts(270,4): error TS2705: An async function or method in ES5 requires the 'Promise' constructor.  Make sure you have a declaration for the 'Promise' constructor or include 'ES2015' in your '--lib' option.
src/services/firebase/firebaseAuth.ts(301,4): error TS2705: An async function or method in ES5 requires the 'Promise' constructor.  Make sure you have a declaration for the 'Promise' constructor or include 'ES2015' in your '--lib' option.
src/services/firebase/firebaseAuth.ts(311,11): error TS2304: Cannot find name '__DEV__'.
src/services/firebase/firebaseAuth.ts(347,24): error TS2550: Property 'startsWith' does not exist on type 'string'. Do you need to change your target library? Try changing the 'lib' compiler option to 'es2015' or later.
src/services/firebase/firebaseAuth.ts(349,36): error TS2304: Cannot find name '__DEV__'.
src/services/index.ts(1,23): error TS2307: Cannot find module 'expo-constants' or its corresponding type declarations.
src/services/index.ts(18,42): error TS2580: Cannot find name 'process'. Do you need to install type definitions for node? Try `npm i --save-dev @types/node`.
src/services/index.ts(19,46): error TS2580: Cannot find name 'process'. Do you need to install type definitions for node? Try `npm i --save-dev @types/node`.
src/services/index.ts(20,52): error TS2580: Cannot find name 'process'. Do you need to install type definitions for node? Try `npm i --save-dev @types/node`.
src/services/index.ts(23,51): error TS2580: Cannot find name 'process'. Do you need to install type definitions for node? Try `npm i --save-dev @types/node`.
src/services/local/index.ts(105,46): error TS7006: Parameter 'item' implicitly has an 'any' type.
src/services/local/index.ts(108,64): error TS7006: Parameter 'item' implicitly has an 'any' type.
src/services/local/index.ts(122,66): error TS7006: Parameter 'item' implicitly has an 'any' type.
src/services/local/index.ts(130,68): error TS7006: Parameter 'item' implicitly has an 'any' type.
src/services/local/index.ts(134,67): error TS7006: Parameter 'entry' implicitly has an 'any' type.
src/services/local/index.ts(168,22): error TS2550: Property 'values' does not exist on type 'ObjectConstructor'. Do you need to change your target library? Try changing the 'lib' compiler option to 'es2017' or later.
src/services/local/index.ts(202,27): error TS7006: Parameter 'state' implicitly has an 'any' type.
src/services/local/index.ts(203,47): error TS7006: Parameter 'item' implicitly has an 'any' type.
src/services/local/index.ts(228,55): error TS7006: Parameter 'item' implicitly has an 'any' type.
src/services/localData.ts(1,29): error TS2307: Cannot find module 'expo-file-system' or its corresponding type declarations.
src/services/localData.ts(45,16): error TS2705: An async function or method in ES5 requires the 'Promise' constructor.  Make sure you have a declaration for the 'Promise' constructor or include 'ES2015' in your '--lib' option.
src/services/localData.ts(46,20): error TS2550: Property 'startsWith' does not exist on type 'string'. Do you need to change your target library? Try changing the 'lib' compiler option to 'es2015' or later.
src/services/localData.ts(59,44): error TS2705: An async function or method in ES5 requires the 'Promise' constructor.  Make sure you have a declaration for the 'Promise' constructor or include 'ES2015' in your '--lib' option.
src/services/localData.ts(66,9): error TS2585: 'Promise' only refers to a type, but is being used as a value here. Do you need to change your target library? Try changing the 'lib' compiler option to es2015 or later.
src/services/mapProvider.ts(1,26): error TS2307: Cannot find module 'react-native' or its corresponding type declarations.
src/services/mapProvider.ts(23,22): error TS2580: Cannot find name 'process'. Do you need to install type definitions for node? Try `npm i --save-dev @types/node`.
src/services/mapProvider.ts(24,26): error TS2580: Cannot find name 'process'. Do you need to install type definitions for node? Try `npm i --save-dev @types/node`.
src/services/mapProvider.ts(24,73): error TS2580: Cannot find name 'process'. Do you need to install type definitions for node? Try `npm i --save-dev @types/node`.
src/services/mapProvider.ts(25,27): error TS2580: Cannot find name 'process'. Do you need to install type definitions for node? Try `npm i --save-dev @types/node`.
src/services/mapProvider.ts(27,3): error TS2580: Cannot find name 'process'. Do you need to install type definitions for node? Try `npm i --save-dev @types/node`.
src/services/mapProvider.ts(28,33): error TS2580: Cannot find name 'process'. Do you need to install type definitions for node? Try `npm i --save-dev @types/node`.
src/services/maps.ts(1,27): error TS2307: Cannot find module 'expo-location' or its corresponding type declarations.
src/services/maps.ts(36,65): error TS2705: An async function or method in ES5 requires the 'Promise' constructor.  Make sure you have a declaration for the 'Promise' constructor or include 'ES2015' in your '--lib' option.
src/services/maps.ts(63,4): error TS2705: An async function or method in ES5 requires the 'Promise' constructor.  Make sure you have a declaration for the 'Promise' constructor or include 'ES2015' in your '--lib' option.
src/services/maps.ts(79,4): error TS2705: An async function or method in ES5 requires the 'Promise' constructor.  Make sure you have a declaration for the 'Promise' constructor or include 'ES2015' in your '--lib' option.
src/services/maps.ts(88,4): error TS2705: An async function or method in ES5 requires the 'Promise' constructor.  Make sure you have a declaration for the 'Promise' constructor or include 'ES2015' in your '--lib' option.
src/services/maps.ts(127,83): error TS2705: An async function or method in ES5 requires the 'Promise' constructor.  Make sure you have a declaration for the 'Promise' constructor or include 'ES2015' in your '--lib' option.
src/services/maps.ts(136,100): error TS2705: An async function or method in ES5 requires the 'Promise' constructor.  Make sure you have a declaration for the 'Promise' constructor or include 'ES2015' in your '--lib' option.
src/services/migrations.ts(25,18): error TS2550: Property 'isNaN' does not exist on type 'NumberConstructor'. Do you need to change your target library? Try changing the 'lib' compiler option to 'es2015' or later.
src/services/migrations.ts(33,81): error TS2550: Property 'includes' does not exist on type 'string[]'. Do you need to change your target library? Try changing the 'lib' compiler option to 'es2016' or later.
src/services/migrations.ts(73,14): error TS2550: Property 'isFinite' does not exist on type 'NumberConstructor'. Do you need to change your target library? Try changing the 'lib' compiler option to 'es2015' or later.
src/services/migrations.ts(78,23): error TS2583: Cannot find name 'Map'. Do you need to change your target library? Try changing the 'lib' compiler option to 'es2015' or later.
src/services/migrations.ts(103,31): error TS2550: Property 'from' does not exist on type 'ArrayConstructor'. Do you need to change your target library? Try changing the 'lib' compiler option to 'es2015' or later.
src/services/migrations.ts(103,60): error TS7006: Parameter 'a' implicitly has an 'any' type.
src/services/migrations.ts(103,63): error TS7006: Parameter 'b' implicitly has an 'any' type.
src/services/migrations.ts(104,43): error TS7006: Parameter 'record' implicitly has an 'any' type.
src/services/migrations.ts(109,19): error TS2550: Property 'from' does not exist on type 'ArrayConstructor'. Do you need to change your target library? Try changing the 'lib' compiler option to 'es2015' or later.
src/services/migrations.ts(109,28): error TS2583: Cannot find name 'Set'. Do you need to change your target library? Try changing the 'lib' compiler option to 'es2015' or later.
src/services/nativeGoogleSignIn.ts(1,26): error TS2307: Cannot find module 'react-native' or its corresponding type declarations.
src/services/nativeGoogleSignIn.ts(2,23): error TS2307: Cannot find module 'expo-constants' or its corresponding type declarations.
src/services/nativeGoogleSignIn.ts(8,3): error TS2580: Cannot find name 'process'. Do you need to install type definitions for node? Try `npm i --save-dev @types/node`.
src/services/nativeGoogleSignIn.ts(13,63): error TS2550: Property 'endsWith' does not exist on type 'string'. Do you need to change your target library? Try changing the 'lib' compiler option to 'es2015' or later.
src/services/nativeGoogleSignIn.ts(40,20): error TS2580: Cannot find name 'require'. Do you need to install type definitions for node? Try `npm i --save-dev @types/node`.
src/services/nativeGoogleSignIn.ts(60,74): error TS2705: An async function or method in ES5 requires the 'Promise' constructor.  Make sure you have a declaration for the 'Promise' constructor or include 'ES2015' in your '--lib' option.
src/services/nativeGoogleSignIn.ts(120,36): error TS2550: Property 'includes' does not exist on type 'string'. Do you need to change your target library? Try changing the 'lib' compiler option to 'es2015' or later.
src/services/nativeGoogleSignIn.ts(129,23): error TS2705: An async function or method in ES5 requires the 'Promise' constructor.  Make sure you have a declaration for the 'Promise' constructor or include 'ES2015' in your '--lib' option.
src/services/notificationPolicy.ts(18,22): error TS2583: Cannot find name 'Map'. Do you need to change your target library? Try changing the 'lib' compiler option to 'es2015' or later.
src/services/notificationPolicy.ts(19,27): error TS2583: Cannot find name 'Set'. Do you need to change your target library? Try changing the 'lib' compiler option to 'es2015' or later.
src/services/notificationPolicy.ts(37,18): error TS2550: Property 'isFinite' does not exist on type 'NumberConstructor'. Do you need to change your target library? Try changing the 'lib' compiler option to 'es2015' or later.
src/services/notificationPolicy.ts(38,20): error TS2550: Property 'isFinite' does not exist on type 'NumberConstructor'. Do you need to change your target library? Try changing the 'lib' compiler option to 'es2015' or later.
src/services/notificationPolicy.ts(43,33): error TS2769: No overload matches this call.
  Overload 1 of 4, '(vd: VarDate): Date', gave the following error.
    Argument of type 'Date' is not assignable to parameter of type 'VarDate'.
      Property 'VarDate_typekey' is missing in type 'Date' but required in type 'VarDate'.
  Overload 2 of 4, '(value: string | number): Date', gave the following error.
    Argument of type 'Date' is not assignable to parameter of type 'string | number'.
src/services/notificationPolicy.ts(53,33): error TS2769: No overload matches this call.
  Overload 1 of 4, '(vd: VarDate): Date', gave the following error.
    Argument of type 'Date' is not assignable to parameter of type 'VarDate'.
      Property 'VarDate_typekey' is missing in type 'Date' but required in type 'VarDate'.
  Overload 2 of 4, '(value: string | number): Date', gave the following error.
    Argument of type 'Date' is not assignable to parameter of type 'string | number'.
src/services/notificationPolicy.ts(55,27): error TS2769: No overload matches this call.
  Overload 1 of 4, '(vd: VarDate): Date', gave the following error.
    Argument of type 'Date' is not assignable to parameter of type 'VarDate'.
      Property 'VarDate_typekey' is missing in type 'Date' but required in type 'VarDate'.
  Overload 2 of 4, '(value: string | number): Date', gave the following error.
    Argument of type 'Date' is not assignable to parameter of type 'string | number'.
src/services/notifications.ts(1,35): error TS2307: Cannot find module 'react-native' or its corresponding type declarations.
src/services/notifications.ts(2,32): error TS2307: Cannot find module 'expo-notifications' or its corresponding type declarations.
src/services/notifications.ts(116,32): error TS7006: Parameter 'notification' implicitly has an 'any' type.
src/services/notifications.ts(135,56): error TS2705: An async function or method in ES5 requires the 'Promise' constructor.  Make sure you have a declaration for the 'Promise' constructor or include 'ES2015' in your '--lib' option.
src/services/notifications.ts(180,53): error TS2705: An async function or method in ES5 requires the 'Promise' constructor.  Make sure you have a declaration for the 'Promise' constructor or include 'ES2015' in your '--lib' option.
src/services/notifications.ts(188,56): error TS2705: An async function or method in ES5 requires the 'Promise' constructor.  Make sure you have a declaration for the 'Promise' constructor or include 'ES2015' in your '--lib' option.
src/services/notifications.ts(218,57): error TS2705: An async function or method in ES5 requires the 'Promise' constructor.  Make sure you have a declaration for the 'Promise' constructor or include 'ES2015' in your '--lib' option.
src/services/notifications.ts(225,18): error TS2550: Property 'isFinite' does not exist on type 'NumberConstructor'. Do you need to change your target library? Try changing the 'lib' compiler option to 'es2015' or later.
src/services/notifications.ts(226,20): error TS2550: Property 'isFinite' does not exist on type 'NumberConstructor'. Do you need to change your target library? Try changing the 'lib' compiler option to 'es2015' or later.
src/services/notifications.ts(232,27): error TS2769: No overload matches this call.
  Overload 1 of 4, '(vd: VarDate): Date', gave the following error.
    Argument of type 'Date' is not assignable to parameter of type 'VarDate'.
      Property 'VarDate_typekey' is missing in type 'Date' but required in type 'VarDate'.
  Overload 2 of 4, '(value: string | number): Date', gave the following error.
    Argument of type 'Date' is not assignable to parameter of type 'string | number'.
src/services/notifications.ts(253,27): error TS2769: No overload matches this call.
  Overload 1 of 4, '(vd: VarDate): Date', gave the following error.
    Argument of type 'Date' is not assignable to parameter of type 'VarDate'.
      Property 'VarDate_typekey' is missing in type 'Date' but required in type 'VarDate'.
  Overload 2 of 4, '(value: string | number): Date', gave the following error.
    Argument of type 'Date' is not assignable to parameter of type 'string | number'.
src/services/notifications.ts(290,16): error TS7053: Element implicitly has an 'any' type because expression of type 'any' can't be used to index type '{ readonly ru: { readonly privateTitle: "LOUSA"; readonly privateBody: "У тебя новое личное напоминание."; readonly cycleTitle: "Прогноз цикла"; readonly cycle3: "Окно подготовки открыто. Проверьте LOUSA BOX, адрес и тихие напоминания без спешки."; ... 17 more ...; readonly deliveredBody: "Всё нужное уже рядом."; };...'.
src/services/notifications.ts(325,20): error TS2550: Property 'includes' does not exist on type 'number[]'. Do you need to change your target library? Try changing the 'lib' compiler option to 'es2016' or later.
src/services/notifications.ts(406,51): error TS2705: An async function or method in ES5 requires the 'Promise' constructor.  Make sure you have a declaration for the 'Promise' constructor or include 'ES2015' in your '--lib' option.
src/services/notifications.ts(411,49): error TS2705: An async function or method in ES5 requires the 'Promise' constructor.  Make sure you have a declaration for the 'Promise' constructor or include 'ES2015' in your '--lib' option.
src/services/notifications.ts(447,83): error TS2705: An async function or method in ES5 requires the 'Promise' constructor.  Make sure you have a declaration for the 'Promise' constructor or include 'ES2015' in your '--lib' option.
src/services/notifications.ts(452,16): error TS7053: Element implicitly has an 'any' type because expression of type 'any' can't be used to index type '{ readonly ru: { readonly privateTitle: "LOUSA"; readonly privateBody: "У тебя новое личное напоминание."; readonly cycleTitle: "Прогноз цикла"; readonly cycle3: "Окно подготовки открыто. Проверьте LOUSA BOX, адрес и тихие напоминания без спешки."; ... 17 more ...; readonly deliveredBody: "Всё нужное уже рядом."; };...'.
src/services/notifications.ts(474,51): error TS2705: An async function or method in ES5 requires the 'Promise' constructor.  Make sure you have a declaration for the 'Promise' constructor or include 'ES2015' in your '--lib' option.
src/services/notifications.ts(478,16): error TS7053: Element implicitly has an 'any' type because expression of type 'any' can't be used to index type '{ readonly ru: { readonly privateTitle: "LOUSA"; readonly privateBody: "У тебя новое личное напоминание."; readonly cycleTitle: "Прогноз цикла"; readonly cycle3: "Окно подготовки открыто. Проверьте LOUSA BOX, адрес и тихие напоминания без спешки."; ... 17 more ...; readonly deliveredBody: "Всё нужное уже рядом."; };...'.
src/services/payment.ts(68,25): error TS2583: Cannot find name 'Map'. Do you need to change your target library? Try changing the 'lib' compiler option to 'es2015' or later.
src/services/payment.ts(69,29): error TS2583: Cannot find name 'Map'. Do you need to change your target library? Try changing the 'lib' compiler option to 'es2015' or later.
src/services/payment.ts(78,17): error TS2550: Property 'isFinite' does not exist on type 'NumberConstructor'. Do you need to change your target library? Try changing the 'lib' compiler option to 'es2015' or later.
src/services/permissions.ts(1,35): error TS2307: Cannot find module 'react-native' or its corresponding type declarations.
src/services/permissions.ts(2,30): error TS2307: Cannot find module 'expo-image-picker' or its corresponding type declarations.
src/services/permissions.ts(3,32): error TS2307: Cannot find module 'expo-notifications' or its corresponding type declarations.
src/services/permissions.ts(41,9): error TS2705: An async function or method in ES5 requires the 'Promise' constructor.  Make sure you have a declaration for the 'Promise' constructor or include 'ES2015' in your '--lib' option.
src/services/productAnalytics.ts(26,34): error TS2583: Cannot find name 'Set'. Do you need to change your target library? Try changing the 'lib' compiler option to 'es2015' or later.
src/services/productAnalytics.ts(64,37): error TS2550: Property 'entries' does not exist on type 'ObjectConstructor'. Do you need to change your target library? Try changing the 'lib' compiler option to 'es2017' or later.
src/services/productAnalytics.ts(68,59): error TS2550: Property 'includes' does not exist on type 'string[]'. Do you need to change your target library? Try changing the 'lib' compiler option to 'es2016' or later.
src/services/productAnalytics.ts(78,4): error TS2705: An async function or method in ES5 requires the 'Promise' constructor.  Make sure you have a declaration for the 'Promise' constructor or include 'ES2015' in your '--lib' option.
src/services/security/secureStorage.ts(5,28): error TS2583: Cannot find name 'Map'. Do you need to change your target library? Try changing the 'lib' compiler option to 'es2015' or later.
src/services/security/secureStorage.ts(20,25): error TS2580: Cannot find name 'require'. Do you need to install type definitions for node? Try `npm i --save-dev @types/node`.
src/services/security/secureStorage.ts(40,14): error TS2585: 'Promise' only refers to a type, but is being used as a value here. Do you need to change your target library? Try changing the 'lib' compiler option to es2015 or later.
src/services/security/secureStorage.ts(40,23): error TS7006: Parameter 'resolve' implicitly has an 'any' type.
src/services/security/secureStorage.ts(40,32): error TS7006: Parameter 'reject' implicitly has an 'any' type.
src/services/security/secureStorage.ts(80,9): error TS2705: An async function or method in ES5 requires the 'Promise' constructor.  Make sure you have a declaration for the 'Promise' constructor or include 'ES2015' in your '--lib' option.
src/services/security/secureStorage.ts(97,9): error TS2705: An async function or method in ES5 requires the 'Promise' constructor.  Make sure you have a declaration for the 'Promise' constructor or include 'ES2015' in your '--lib' option.
src/services/security/secureStorage.ts(105,9): error TS2705: An async function or method in ES5 requires the 'Promise' constructor.  Make sure you have a declaration for the 'Promise' constructor or include 'ES2015' in your '--lib' option.
src/services/security/secureStorage.ts(106,27): error TS2585: 'Promise' only refers to a type, but is being used as a value here. Do you need to change your target library? Try changing the 'lib' compiler option to es2015 or later.
src/services/security/secureStorage.ts(107,36): error TS7006: Parameter 'result' implicitly has an 'any' type.
src/services/sync.ts(26,17): error TS2705: An async function or method in ES5 requires the 'Promise' constructor.  Make sure you have a declaration for the 'Promise' constructor or include 'ES2015' in your '--lib' option.
src/services/sync.ts(45,18): error TS2705: An async function or method in ES5 requires the 'Promise' constructor.  Make sure you have a declaration for the 'Promise' constructor or include 'ES2015' in your '--lib' option.
src/shared/network/withTimeout.ts(36,4): error TS2705: An async function or method in ES5 requires the 'Promise' constructor.  Make sure you have a declaration for the 'Promise' constructor or include 'ES2015' in your '--lib' option.
src/shared/network/withTimeout.ts(41,28): error TS2585: 'Promise' only refers to a type, but is being used as a value here. Do you need to change your target library? Try changing the 'lib' compiler option to es2015 or later.
src/shared/network/withTimeout.ts(42,30): error TS2585: 'Promise' only refers to a type, but is being used as a value here. Do you need to change your target library? Try changing the 'lib' compiler option to es2015 or later.
src/shared/network/withTimeout.ts(42,46): error TS7006: Parameter '_resolve' implicitly has an 'any' type.
src/shared/network/withTimeout.ts(42,56): error TS7006: Parameter 'reject' implicitly has an 'any' type.
src/shared/network/withTimeout.ts(52,21): error TS2585: 'Promise' only refers to a type, but is being used as a value here. Do you need to change your target library? Try changing the 'lib' compiler option to es2015 or later.
src/shared/network/withTimeout.ts(52,37): error TS7006: Parameter '_resolve' implicitly has an 'any' type.
src/shared/network/withTimeout.ts(52,47): error TS7006: Parameter 'reject' implicitly has an 'any' type.
src/shared/network/withTimeout.ts(66,18): error TS2585: 'Promise' only refers to a type, but is being used as a value here. Do you need to change your target library? Try changing the 'lib' compiler option to es2015 or later.
src/shared/network/withTimeout.ts(76,14): error TS2585: 'Promise' only refers to a type, but is being used as a value here. Do you need to change your target library? Try changing the 'lib' compiler option to es2015 or later.
src/shared/network/withTimeout.ts(76,29): error TS7006: Parameter 'resolve' implicitly has an 'any' type.
src/store/addressPicker.ts(1,24): error TS2307: Cannot find module 'zustand' or its corresponding type declarations.
src/store/addressPicker.ts(19,66): error TS7006: Parameter 'set' implicitly has an 'any' type.
src/store/addressPicker.ts(22,14): error TS7006: Parameter 'seed' implicitly has an 'any' type.
src/store/addressPicker.ts(23,13): error TS7006: Parameter 'confirmedSelection' implicitly has an 'any' type.
src/store/index.ts(1,24): error TS2307: Cannot find module 'zustand' or its corresponding type declarations.
src/store/index.ts(2,44): error TS2307: Cannot find module 'zustand/middleware' or its corresponding type declarations.
src/store/index.ts(39,28): error TS2583: Cannot find name 'Set'. Do you need to change your target library? Try changing the 'lib' compiler option to 'es2015' or later.
src/store/index.ts(40,28): error TS2583: Cannot find name 'Set'. Do you need to change your target library? Try changing the 'lib' compiler option to 'es2015' or later.
src/store/index.ts(124,6): error TS7006: Parameter 'set' implicitly has an 'any' type.
src/store/index.ts(143,17): error TS7006: Parameter 'name' implicitly has an 'any' type.
src/store/index.ts(144,20): error TS7006: Parameter 'contact' implicitly has an 'any' type.
src/store/index.ts(144,37): error TS7006: Parameter 'state' implicitly has an 'any' type.
src/store/index.ts(145,19): error TS7006: Parameter 'avatarUri' implicitly has an 'any' type.
src/store/index.ts(146,20): error TS7006: Parameter 'isPremium' implicitly has an 'any' type.
src/store/index.ts(147,18): error TS7006: Parameter 'theme' implicitly has an 'any' type.
src/store/index.ts(148,29): error TS7006: Parameter 's' implicitly has an 'any' type.
src/store/index.ts(149,35): error TS7006: Parameter 's' implicitly has an 'any' type.
src/store/index.ts(150,39): error TS7006: Parameter 's' implicitly has an 'any' type.
src/store/index.ts(151,22): error TS7006: Parameter 'isOnboarded' implicitly has an 'any' type.
src/store/index.ts(152,21): error TS7006: Parameter 'language' implicitly has an 'any' type.
src/store/index.ts(153,21): error TS7006: Parameter 'isDemoMode' implicitly has an 'any' type.
src/store/index.ts(154,22): error TS7006: Parameter 'isGuestMode' implicitly has an 'any' type.
src/store/index.ts(155,32): error TS7006: Parameter 'guestAuthFlowActive' implicitly has an 'any' type.
src/store/index.ts(156,31): error TS7006: Parameter 'communicationStyle' implicitly has an 'any' type.
src/store/index.ts(157,25): error TS7006: Parameter 'sessionState' implicitly has an 'any' type.
src/store/index.ts(166,31): error TS7006: Parameter 'current' implicitly has an 'any' type.
src/store/index.ts(167,34): error TS7006: Parameter '_state' implicitly has an 'any' type.
src/store/index.ts(167,42): error TS7006: Parameter 'error' implicitly has an 'any' type.
src/store/index.ts(234,6): error TS7006: Parameter 'set' implicitly has an 'any' type.
src/store/index.ts(236,20): error TS7006: Parameter 'enabled' implicitly has an 'any' type.
src/store/index.ts(237,29): error TS7006: Parameter 'permissionStatus' implicitly has an 'any' type.
src/store/index.ts(238,24): error TS7006: Parameter 'privateMode' implicitly has an 'any' type.
src/store/index.ts(239,21): error TS7006: Parameter 'key' implicitly has an 'any' type.
src/store/index.ts(239,26): error TS7006: Parameter 'value' implicitly has an 'any' type.
src/store/index.ts(240,30): error TS7006: Parameter 'quietHoursEnabled' implicitly has an 'any' type.
src/store/index.ts(241,23): error TS7006: Parameter 'quietStart' implicitly has an 'any' type.
src/store/index.ts(241,35): error TS7006: Parameter 'quietEnd' implicitly has an 'any' type.
src/store/index.ts(242,24): error TS7006: Parameter 'checkInTime' implicitly has an 'any' type.
src/store/index.ts(243,29): error TS7006: Parameter 'checkInFrequency' implicitly has an 'any' type.
src/store/index.ts(244,24): error TS7006: Parameter 'gentleSound' implicitly has an 'any' type.
src/store/index.ts(245,26): error TS7006: Parameter 'deliverySound' implicitly has an 'any' type.
src/store/index.ts(246,25): error TS7006: Parameter 'lastSyncedAt' implicitly has an 'any' type.
src/store/index.ts(247,22): error TS7006: Parameter 'item' implicitly has an 'any' type.
src/store/index.ts(247,36): error TS7006: Parameter 'state' implicitly has an 'any' type.
src/store/index.ts(258,23): error TS7006: Parameter 'id' implicitly has an 'any' type.
src/store/index.ts(258,35): error TS7006: Parameter 'state' implicitly has an 'any' type.
src/store/index.ts(258,72): error TS7006: Parameter 'item' implicitly has an 'any' type.
src/store/index.ts(259,31): error TS7006: Parameter 'state' implicitly has an 'any' type.
src/store/index.ts(259,68): error TS7006: Parameter 'item' implicitly has an 'any' type.
src/store/index.ts(371,6): error TS7006: Parameter 'set' implicitly has an 'any' type.
src/store/index.ts(371,11): error TS7006: Parameter 'get' implicitly has an 'any' type.
src/store/index.ts(387,23): error TS7006: Parameter 'date' implicitly has an 'any' type.
src/store/index.ts(390,47): error TS7006: Parameter 'record' implicitly has an 'any' type.
src/store/index.ts(393,52): error TS7006: Parameter 'record' implicitly has an 'any' type.
src/store/index.ts(396,38): error TS7006: Parameter 'record' implicitly has an 'any' type.
src/store/index.ts(415,24): error TS7006: Parameter 'avgCycleLength' implicitly has an 'any' type.
src/store/index.ts(416,25): error TS7006: Parameter 'avgPeriodLength' implicitly has an 'any' type.
src/store/index.ts(417,24): error TS7006: Parameter 'date' implicitly has an 'any' type.
src/store/index.ts(418,27): error TS7006: Parameter 'date' implicitly has an 'any' type.
src/store/index.ts(418,41): error TS7006: Parameter 'state' implicitly has an 'any' type.
src/store/index.ts(419,53): error TS7006: Parameter 'record' implicitly has an 'any' type.
src/store/index.ts(420,53): error TS7006: Parameter 'record' implicitly has an 'any' type.
src/store/index.ts(423,50): error TS7006: Parameter 'item' implicitly has an 'any' type.
src/store/index.ts(427,25): error TS7006: Parameter 'input' implicitly has an 'any' type.
src/store/index.ts(427,40): error TS7006: Parameter 'state' implicitly has an 'any' type.
src/store/index.ts(453,57): error TS7006: Parameter 'item' implicitly has an 'any' type.
src/store/index.ts(465,28): error TS7006: Parameter 'id' implicitly has an 'any' type.
src/store/index.ts(465,32): error TS7006: Parameter 'patch' implicitly has an 'any' type.
src/store/index.ts(465,47): error TS7006: Parameter 'state' implicitly has an 'any' type.
src/store/index.ts(466,51): error TS7006: Parameter 'record' implicitly has an 'any' type.
src/store/index.ts(472,50): error TS7006: Parameter 'record' implicitly has an 'any' type.
src/store/index.ts(477,50): error TS7006: Parameter 'item' implicitly has an 'any' type.
src/store/index.ts(481,28): error TS7006: Parameter 'id' implicitly has an 'any' type.
src/store/index.ts(481,40): error TS7006: Parameter 'state' implicitly has an 'any' type.
src/store/index.ts(482,53): error TS7006: Parameter 'record' implicitly has an 'any' type.
src/store/index.ts(485,32): error TS7006: Parameter 'id' implicitly has an 'any' type.
src/store/index.ts(485,44): error TS7006: Parameter 'state' implicitly has an 'any' type.
src/store/index.ts(486,51): error TS7006: Parameter 'record' implicitly has an 'any' type.
src/store/index.ts(488,53): error TS7006: Parameter 'record' implicitly has an 'any' type.
src/store/index.ts(495,44): error TS7006: Parameter 'state' implicitly has an 'any' type.
src/store/index.ts(499,57): error TS7006: Parameter 'item' implicitly has an 'any' type.
src/store/index.ts(502,29): error TS7006: Parameter 'id' implicitly has an 'any' type.
src/store/index.ts(502,41): error TS7006: Parameter 'state' implicitly has an 'any' type.
src/store/index.ts(503,50): error TS7006: Parameter 'record' implicitly has an 'any' type.
src/store/index.ts(506,50): error TS7006: Parameter 'item' implicitly has an 'any' type.
src/store/index.ts(510,22): error TS7006: Parameter 'id' implicitly has an 'any' type.
src/store/index.ts(510,26): error TS7006: Parameter 'endDate' implicitly has an 'any' type.
src/store/index.ts(511,24): error TS7006: Parameter 'id' implicitly has an 'any' type.
src/store/index.ts(511,28): error TS7006: Parameter 'date' implicitly has an 'any' type.
src/store/index.ts(511,34): error TS7006: Parameter 'flow' implicitly has an 'any' type.
src/store/index.ts(511,48): error TS7006: Parameter 'state' implicitly has an 'any' type.
src/store/index.ts(512,50): error TS7006: Parameter 'record' implicitly has an 'any' type.
src/store/index.ts(521,29): error TS7006: Parameter 'id' implicitly has an 'any' type.
src/store/index.ts(521,33): error TS7006: Parameter 'date' implicitly has an 'any' type.
src/store/index.ts(521,39): error TS7006: Parameter 'details' implicitly has an 'any' type.
src/store/index.ts(521,56): error TS7006: Parameter 'state' implicitly has an 'any' type.
src/store/index.ts(522,50): error TS7006: Parameter 'record' implicitly has an 'any' type.
src/store/index.ts(538,28): error TS7006: Parameter 'primaryId' implicitly has an 'any' type.
src/store/index.ts(538,39): error TS7006: Parameter 'secondaryId' implicitly has an 'any' type.
src/store/index.ts(538,60): error TS7006: Parameter 'state' implicitly has an 'any' type.
src/store/index.ts(539,51): error TS7006: Parameter 'item' implicitly has an 'any' type.
src/store/index.ts(540,53): error TS7006: Parameter 'item' implicitly has an 'any' type.
src/store/index.ts(556,53): error TS7006: Parameter 'item' implicitly has an 'any' type.
src/store/index.ts(556,133): error TS7006: Parameter 'a' implicitly has an 'any' type.
src/store/index.ts(556,136): error TS7006: Parameter 'b' implicitly has an 'any' type.
src/store/index.ts(559,27): error TS7006: Parameter 'id' implicitly has an 'any' type.
src/store/index.ts(559,31): error TS7006: Parameter 'splitDate' implicitly has an 'any' type.
src/store/index.ts(559,50): error TS7006: Parameter 'state' implicitly has an 'any' type.
src/store/index.ts(560,50): error TS7006: Parameter 'item' implicitly has an 'any' type.
src/store/index.ts(563,34): error TS2550: Property 'fromEntries' does not exist on type 'ObjectConstructor'. Do you need to change your target library? Try changing the 'lib' compiler option to 'es2019' or later.
src/store/index.ts(563,53): error TS2550: Property 'entries' does not exist on type 'ObjectConstructor'. Do you need to change your target library? Try changing the 'lib' compiler option to 'es2017' or later.
src/store/index.ts(563,88): error TS7031: Binding element 'date' implicitly has an 'any' type.
src/store/index.ts(564,35): error TS2550: Property 'fromEntries' does not exist on type 'ObjectConstructor'. Do you need to change your target library? Try changing the 'lib' compiler option to 'es2019' or later.
src/store/index.ts(564,54): error TS2550: Property 'entries' does not exist on type 'ObjectConstructor'. Do you need to change your target library? Try changing the 'lib' compiler option to 'es2017' or later.
src/store/index.ts(564,89): error TS7031: Binding element 'date' implicitly has an 'any' type.
src/store/index.ts(567,53): error TS7006: Parameter 'item' implicitly has an 'any' type.
src/store/index.ts(567,106): error TS7006: Parameter 'a' implicitly has an 'any' type.
src/store/index.ts(567,109): error TS7006: Parameter 'b' implicitly has an 'any' type.
src/store/index.ts(570,30): error TS7006: Parameter 'patch' implicitly has an 'any' type.
src/store/index.ts(570,45): error TS7006: Parameter 'state' implicitly has an 'any' type.
src/store/index.ts(571,30): error TS7006: Parameter 'records' implicitly has an 'any' type.
src/store/index.ts(571,47): error TS7006: Parameter 'state' implicitly has an 'any' type.
src/store/index.ts(579,41): error TS7006: Parameter 'state' implicitly has an 'any' type.
src/store/index.ts(591,43): error TS7006: Parameter 'state' implicitly has an 'any' type.
src/store/index.ts(592,60): error TS7006: Parameter 'item' implicitly has an 'any' type.
src/store/index.ts(594,29): error TS7006: Parameter 'date' implicitly has an 'any' type.
src/store/index.ts(594,35): error TS7006: Parameter 'type' implicitly has an 'any' type.
src/store/index.ts(594,72): error TS7006: Parameter 'state' implicitly has an 'any' type.
src/store/index.ts(597,58): error TS7006: Parameter 'item' implicitly has an 'any' type.
src/store/index.ts(598,41): error TS7006: Parameter 'item' implicitly has an 'any' type.
src/store/index.ts(603,46): error TS7006: Parameter 'item' implicitly has an 'any' type.
src/store/index.ts(606,43): error TS7006: Parameter 'item' implicitly has an 'any' type.
src/store/index.ts(610,30): error TS7006: Parameter 'item' implicitly has an 'any' type.
src/store/index.ts(615,32): error TS7006: Parameter 'date' implicitly has an 'any' type.
src/store/index.ts(615,38): error TS7006: Parameter 'type' implicitly has an 'any' type.
src/store/index.ts(615,52): error TS7006: Parameter 'state' implicitly has an 'any' type.
src/store/index.ts(616,57): error TS7006: Parameter 'item' implicitly has an 'any' type.
src/store/index.ts(619,62): error TS7006: Parameter 'item' implicitly has an 'any' type.
src/store/index.ts(619,86): error TS7006: Parameter 'removedItem' implicitly has an 'any' type.
src/store/index.ts(621,29): error TS7006: Parameter 'item' implicitly has an 'any' type.
src/store/index.ts(626,49): error TS7006: Parameter 'state' implicitly has an 'any' type.
src/store/index.ts(631,66): error TS7006: Parameter 'item' implicitly has an 'any' type.
src/store/index.ts(635,34): error TS7006: Parameter 'date' implicitly has an 'any' type.
src/store/index.ts(635,40): error TS7006: Parameter 'type' implicitly has an 'any' type.
src/store/index.ts(635,67): error TS7006: Parameter 'state' implicitly has an 'any' type.
src/store/index.ts(639,51): error TS7006: Parameter 'record' implicitly has an 'any' type.
src/store/index.ts(640,59): error TS7006: Parameter 'item' implicitly has an 'any' type.
src/store/index.ts(643,48): error TS7006: Parameter 'record' implicitly has an 'any' type.
src/store/index.ts(644,42): error TS7006: Parameter 'record' implicitly has an 'any' type.
src/store/index.ts(645,42): error TS7006: Parameter 'record' implicitly has an 'any' type.
src/store/index.ts(655,36): error TS7006: Parameter 'record' implicitly has an 'any' type.
src/store/index.ts(674,34): error TS7006: Parameter 'record' implicitly has an 'any' type.
src/store/index.ts(679,34): error TS7006: Parameter 'record' implicitly has an 'any' type.
src/store/index.ts(685,37): error TS7006: Parameter 'record' implicitly has an 'any' type.
src/store/index.ts(688,34): error TS7006: Parameter 'record' implicitly has an 'any' type.
src/store/index.ts(697,70): error TS7006: Parameter 'item' implicitly has an 'any' type.
src/store/index.ts(698,53): error TS7006: Parameter 'item' implicitly has an 'any' type.
src/store/index.ts(702,66): error TS7006: Parameter 'item' implicitly has an 'any' type.
src/store/index.ts(703,55): error TS7006: Parameter 'item' implicitly has an 'any' type.
src/store/index.ts(708,55): error TS7006: Parameter 'item' implicitly has an 'any' type.
src/store/index.ts(713,29): error TS7006: Parameter 'date' implicitly has an 'any' type.
src/store/index.ts(713,43): error TS7006: Parameter 'state' implicitly has an 'any' type.
src/store/index.ts(716,70): error TS7006: Parameter 'item' implicitly has an 'any' type.
src/store/index.ts(717,54): error TS7006: Parameter 'record' implicitly has an 'any' type.
src/store/index.ts(718,54): error TS7006: Parameter 'record' implicitly has an 'any' type.
src/store/index.ts(725,51): error TS7006: Parameter 'record' implicitly has an 'any' type.
src/store/index.ts(726,59): error TS7006: Parameter 'item' implicitly has an 'any' type.
src/store/index.ts(729,48): error TS7006: Parameter 'record' implicitly has an 'any' type.
src/store/index.ts(733,37): error TS7006: Parameter 'record' implicitly has an 'any' type.
src/store/index.ts(735,34): error TS7006: Parameter 'record' implicitly has an 'any' type.
src/store/index.ts(744,62): error TS7006: Parameter 'item' implicitly has an 'any' type.
src/store/index.ts(746,67): error TS7006: Parameter 'item' implicitly has an 'any' type.
src/store/index.ts(751,37): error TS7006: Parameter 'state' implicitly has an 'any' type.
src/store/index.ts(754,53): error TS7006: Parameter 'record' implicitly has an 'any' type.
src/store/index.ts(757,62): error TS7006: Parameter 'item' implicitly has an 'any' type.
src/store/index.ts(913,6): error TS7006: Parameter 'set' implicitly has an 'any' type.
src/store/index.ts(913,11): error TS7006: Parameter 'get' implicitly has an 'any' type.
src/store/index.ts(917,16): error TS7006: Parameter 'date' implicitly has an 'any' type.
src/store/index.ts(918,17): error TS7006: Parameter 'log' implicitly has an 'any' type.
src/store/index.ts(918,30): error TS7006: Parameter 'state' implicitly has an 'any' type.
src/store/index.ts(919,17): error TS7006: Parameter 'date' implicitly has an 'any' type.
src/store/index.ts(919,23): error TS7006: Parameter 'mood' implicitly has an 'any' type.
src/store/index.ts(919,37): error TS7006: Parameter 'state' implicitly has an 'any' type.
src/store/index.ts(920,23): error TS7006: Parameter 'date' implicitly has an 'any' type.
src/store/index.ts(920,29): error TS7006: Parameter 'symptom' implicitly has an 'any' type.
src/store/index.ts(920,46): error TS7006: Parameter 'state' implicitly has an 'any' type.
src/store/index.ts(922,80): error TS7006: Parameter 'value' implicitly has an 'any' type.
src/store/index.ts(925,19): error TS7006: Parameter 'date' implicitly has an 'any' type.
src/store/index.ts(925,25): error TS7006: Parameter 'energy' implicitly has an 'any' type.
src/store/index.ts(925,41): error TS7006: Parameter 'state' implicitly has an 'any' type.
src/store/index.ts(926,18): error TS7006: Parameter 'date' implicitly has an 'any' type.
src/store/index.ts(926,32): error TS7006: Parameter 'state' implicitly has an 'any' type.
src/store/index.ts(930,18): error TS7006: Parameter 'date' implicitly has an 'any' type.
src/store/index.ts(930,24): error TS7006: Parameter 'sleep' implicitly has an 'any' type.
src/store/index.ts(930,39): error TS7006: Parameter 'state' implicitly has an 'any' type.
src/store/index.ts(931,18): error TS7006: Parameter 'date' implicitly has an 'any' type.
src/store/index.ts(931,24): error TS7006: Parameter 'notes' implicitly has an 'any' type.
src/store/index.ts(931,39): error TS7006: Parameter 'state' implicitly has an 'any' type.
src/store/index.ts(932,17): error TS7006: Parameter 'date' implicitly has an 'any' type.
src/store/index.ts(932,23): error TS7006: Parameter 'flow' implicitly has an 'any' type.
src/store/index.ts(932,37): error TS7006: Parameter 'state' implicitly has an 'any' type.
src/store/index.ts(933,22): error TS7006: Parameter 'date' implicitly has an 'any' type.
src/store/index.ts(933,28): error TS7006: Parameter 'painLevel' implicitly has an 'any' type.
src/store/index.ts(933,47): error TS7006: Parameter 'state' implicitly has an 'any' type.
src/store/index.ts(934,21): error TS7006: Parameter 'date' implicitly has an 'any' type.
src/store/index.ts(934,27): error TS7006: Parameter 'painArea' implicitly has an 'any' type.
src/store/index.ts(934,45): error TS7006: Parameter 'state' implicitly has an 'any' type.
src/store/index.ts(935,25): error TS7006: Parameter 'date' implicitly has an 'any' type.
src/store/index.ts(935,31): error TS7006: Parameter 'productsUsed' implicitly has an 'any' type.
src/store/index.ts(935,53): error TS7006: Parameter 'state' implicitly has an 'any' type.
src/store/index.ts(936,22): error TS7006: Parameter 'date' implicitly has an 'any' type.
src/store/index.ts(936,28): error TS7006: Parameter 'nightLeak' implicitly has an 'any' type.
src/store/index.ts(936,47): error TS7006: Parameter 'state' implicitly has an 'any' type.
src/store/index.ts(937,27): error TS7006: Parameter 'date' implicitly has an 'any' type.
src/store/index.ts(937,33): error TS7006: Parameter 'medicationNote' implicitly has an 'any' type.
src/store/index.ts(937,57): error TS7006: Parameter 'state' implicitly has an 'any' type.
src/store/index.ts(938,28): error TS7006: Parameter 'date' implicitly has an 'any' type.
src/store/index.ts(938,34): error TS7006: Parameter 'patch' implicitly has an 'any' type.
src/store/index.ts(938,49): error TS7006: Parameter 'state' implicitly has an 'any' type.
src/store/index.ts(939,18): error TS7006: Parameter 'date' implicitly has an 'any' type.
src/store/index.ts(939,32): error TS7006: Parameter 'state' implicitly has an 'any' type.
src/store/index.ts(948,41): error TS7006: Parameter 'state' implicitly has an 'any' type.
src/store/index.ts(963,33): error TS2550: Property 'fromEntries' does not exist on type 'ObjectConstructor'. Do you need to change your target library? Try changing the 'lib' compiler option to 'es2019' or later.
src/store/index.ts(963,52): error TS2550: Property 'entries' does not exist on type 'ObjectConstructor'. Do you need to change your target library? Try changing the 'lib' compiler option to 'es2017' or later.
src/store/index.ts(968,65): error TS2550: Property 'includes' does not exist on type 'string[]'. Do you need to change your target library? Try changing the 'lib' compiler option to 'es2016' or later.
src/store/index.ts(969,110): error TS2550: Property 'includes' does not exist on type 'string[]'. Do you need to change your target library? Try changing the 'lib' compiler option to 'es2016' or later.
src/store/index.ts(1058,6): error TS7006: Parameter 'set' implicitly has an 'any' type.
src/store/index.ts(1058,11): error TS7006: Parameter 'get' implicitly has an 'any' type.
src/store/index.ts(1077,32): error TS7031: Binding element 'planId' implicitly has an 'any' type.
src/store/index.ts(1077,40): error TS7031: Binding element 'address' implicitly has an 'any' type.
src/store/index.ts(1077,73): error TS7031: Binding element 'phone' implicitly has an 'any' type.
src/store/index.ts(1077,217): error TS7031: Binding element 'nextDeliveryDate' implicitly has an 'any' type.
src/store/index.ts(1124,44): error TS2339: Property 'recipientName' does not exist on type 'never'.
src/store/index.ts(1125,36): error TS2339: Property 'phone' does not exist on type 'never'.
src/store/index.ts(1126,47): error TS2339: Property 'formattedAddress' does not exist on type 'never'.
src/store/index.ts(1127,39): error TS2339: Property 'latitude' does not exist on type 'never'.
src/store/index.ts(1128,40): error TS2339: Property 'longitude' does not exist on type 'never'.
src/store/index.ts(1129,43): error TS2339: Property 'instructions' does not exist on type 'never'.
src/store/index.ts(1130,42): error TS2339: Property 'addressType' does not exist on type 'never'.
src/store/index.ts(1131,42): error TS2339: Property 'handoffType' does not exist on type 'never'.
src/store/index.ts(1132,39): error TS2339: Property 'entrance' does not exist on type 'never'.
src/store/index.ts(1133,36): error TS2339: Property 'floor' does not exist on type 'never'.
src/store/index.ts(1134,40): error TS2339: Property 'apartment' does not exist on type 'never'.
src/store/index.ts(1135,43): error TS2339: Property 'intercomCode' does not exist on type 'never'.
src/store/index.ts(1136,45): error TS2339: Property 'deliveryZoneId' does not exist on type 'never'.
src/store/index.ts(1137,47): error TS2339: Property 'deliveryFeeMinor' does not exist on type 'never'.
src/store/index.ts(1138,47): error TS2339: Property 'estimatedMinutes' does not exist on type 'never'.
src/store/index.ts(1166,51): error TS7006: Parameter 'item' implicitly has an 'any' type.
src/store/index.ts(1169,34): error TS7006: Parameter 'state' implicitly has an 'any' type.
src/store/index.ts(1172,28): error TS7006: Parameter 'orderId' implicitly has an 'any' type.
src/store/index.ts(1172,37): error TS7006: Parameter 'status' implicitly has an 'any' type.
src/store/index.ts(1172,45): error TS7006: Parameter 'note' implicitly has an 'any' type.
src/store/index.ts(1174,14): error TS7006: Parameter 'state' implicitly has an 'any' type.
src/store/index.ts(1176,37): error TS7006: Parameter 'order' implicitly has an 'any' type.
src/store/index.ts(1184,20): error TS7006: Parameter 'address' implicitly has an 'any' type.
src/store/index.ts(1185,28): error TS7006: Parameter 'deliveryAddress' implicitly has an 'any' type.
src/store/index.ts(1191,27): error TS7006: Parameter 'patch' implicitly has an 'any' type.
src/store/index.ts(1191,42): error TS7006: Parameter 'state' implicitly has an 'any' type.
src/store/index.ts(1192,21): error TS7006: Parameter 'feedback' implicitly has an 'any' type.
src/store/index.ts(1192,39): error TS7006: Parameter 'state' implicitly has an 'any' type.
src/store/index.ts(1193,33): error TS7006: Parameter 'subscription' implicitly has an 'any' type.
src/store/index.ts(1193,55): error TS7006: Parameter 'state' implicitly has an 'any' type.
src/store/index.ts(1201,33): error TS7006: Parameter 'orders' implicitly has an 'any' type.
src/store/index.ts(1272,6): error TS7006: Parameter 'set' implicitly has an 'any' type.
src/store/index.ts(1274,31): error TS7006: Parameter 'insightId' implicitly has an 'any' type.
src/store/index.ts(1274,42): error TS7006: Parameter 'response' implicitly has an 'any' type.
src/store/index.ts(1274,88): error TS7006: Parameter 'state' implicitly has an 'any' type.
src/store/index.ts(1283,44): error TS7006: Parameter 'item' implicitly has an 'any' type.
src/store/index.ts(1286,43): error TS7006: Parameter 'state' implicitly has an 'any' type.
src/store/index.ts(1287,30): error TS7006: Parameter 'storyId' implicitly has an 'any' type.
src/store/index.ts(1287,47): error TS7006: Parameter 'state' implicitly has an 'any' type.
src/store/index.ts(1287,86): error TS2550: Property 'from' does not exist on type 'ArrayConstructor'. Do you need to change your target library? Try changing the 'lib' compiler option to 'es2015' or later.
src/store/index.ts(1287,95): error TS2583: Cannot find name 'Set'. Do you need to change your target library? Try changing the 'lib' compiler option to 'es2015' or later.
src/store/index.ts(1288,36): error TS7006: Parameter '_promptId' implicitly has an 'any' type.
src/store/index.ts(1289,34): error TS7006: Parameter 'promptId' implicitly has an 'any' type.
src/store/index.ts(1289,52): error TS7006: Parameter 'state' implicitly has an 'any' type.
src/store/index.ts(1289,100): error TS2550: Property 'from' does not exist on type 'ArrayConstructor'. Do you need to change your target library? Try changing the 'lib' compiler option to 'es2015' or later.
src/store/index.ts(1289,109): error TS2583: Cannot find name 'Set'. Do you need to change your target library? Try changing the 'lib' compiler option to 'es2015' or later.
src/store/index.ts(1290,38): error TS7006: Parameter 'state' implicitly has an 'any' type.
src/theme/ThemeProvider.tsx(1,74): error TS2307: Cannot find module 'react' or its corresponding type declarations.
src/theme/ThemeProvider.tsx(19,36): error TS7006: Parameter 's' implicitly has an 'any' type.
src/theme/ThemeProvider.tsx(20,39): error TS7006: Parameter 's' implicitly has an 'any' type.
src/theme/ThemeProvider.tsx(37,5): error TS17004: Cannot use JSX unless the '--jsx' flag is provided.
src/theme/motion.ts(1,38): error TS2307: Cannot find module 'react-native-reanimated' or its corresponding type declarations.
src/theme/tokens.ts(141,25): error TS2583: Cannot find name 'Set'. Do you need to change your target library? Try changing the 'lib' compiler option to 'es2015' or later.
src/utils/audioPlayer.ts(1,23): error TS2307: Cannot find module 'expo-av' or its corresponding type declarations.
src/utils/audioPlayer.ts(20,26): error TS2705: An async function or method in ES5 requires the 'Promise' constructor.  Make sure you have a declaration for the 'Promise' constructor or include 'ES2015' in your '--lib' option.
src/utils/audioPlayer.ts(59,38): error TS7006: Parameter 'status' implicitly has an 'any' type.
src/utils/audioPlayer.ts(74,26): error TS2705: An async function or method in ES5 requires the 'Promise' constructor.  Make sure you have a declaration for the 'Promise' constructor or include 'ES2015' in your '--lib' option.
src/utils/cycleEngine.ts(144,18): error TS2550: Property 'find' does not exist on type 'PeriodRecord[]'. Do you need to change your target library? Try changing the 'lib' compiler option to 'es2015' or later.
src/utils/cycleEngine.ts(144,24): error TS7006: Parameter 'record' implicitly has an 'any' type.
src/utils/cycleEngine.ts(165,18): error TS2550: Property 'from' does not exist on type 'ArrayConstructor'. Do you need to change your target library? Try changing the 'lib' compiler option to 'es2015' or later.
src/utils/cycleEngine.ts(165,49): error TS7006: Parameter '_' implicitly has an 'any' type.
src/utils/cycleEngine.ts(165,52): error TS7006: Parameter 'index' implicitly has an 'any' type.
src/utils/cycleEngine.ts(188,16): error TS2550: Property 'from' does not exist on type 'ArrayConstructor'. Do you need to change your target library? Try changing the 'lib' compiler option to 'es2015' or later.
src/utils/cycleEngine.ts(188,47): error TS7006: Parameter '_' implicitly has an 'any' type.
src/utils/cycleEngine.ts(188,50): error TS7006: Parameter 'index' implicitly has an 'any' type.
src/utils/cycleEngine.ts(191,58): error TS2550: Property 'find' does not exist on type 'string[]'. Do you need to change your target library? Try changing the 'lib' compiler option to 'es2015' or later.
src/utils/cycleEngine.ts(191,64): error TS7006: Parameter 'start' implicitly has an 'any' type.
src/utils/date.ts(4,38): error TS2550: Property 'padStart' does not exist on type 'string'. Do you need to change your target library? Try changing the 'lib' compiler option to 'es2017' or later.
src/utils/date.ts(5,33): error TS2550: Property 'padStart' does not exist on type 'string'. Do you need to change your target library? Try changing the 'lib' compiler option to 'es2017' or later.
src/utils/date.ts(15,82): error TS2769: No overload matches this call.
  Overload 1 of 4, '(vd: VarDate): Date', gave the following error.
    Argument of type 'Date' is not assignable to parameter of type 'VarDate'.
      Property 'VarDate_typekey' is missing in type 'Date' but required in type 'VarDate'.
  Overload 2 of 4, '(value: string | number): Date', gave the following error.
    Argument of type 'Date' is not assignable to parameter of type 'string | number'.
src/utils/i18n.ts(424,34): error TS7006: Parameter 's' implicitly has an 'any' type.
src/utils/i18n.ts(425,13): error TS7053: Element implicitly has an 'any' type because expression of type 'any' can't be used to index type '{ en: { appName: string; greeting: string; cycleDay: string; mood: string; symptoms: string; hydration: string; reserve: string; logToday: string; settings: string; profile: string; languages: string; ... 120 more ...; askPlaceholder: string; }; ru: { ...; }; hy: { ...; }; }'.
src/utils/moonPhase.ts(98,17): error TS2550: Property 'isFinite' does not exist on type 'NumberConstructor'. Do you need to change your target library? Try changing the 'lib' compiler option to 'es2015' or later.
src/utils/moonPhase.ts(145,32): error TS2550: Property 'padStart' does not exist on type 'string'. Do you need to change your target library? Try changing the 'lib' compiler option to 'es2017' or later.
src/utils/moonPhase.ts(145,71): error TS2550: Property 'padStart' does not exist on type 'string'. Do you need to change your target library? Try changing the 'lib' compiler option to 'es2017' or later.
src/utils/moonPhase.ts(152,16): error TS2550: Property 'from' does not exist on type 'ArrayConstructor'. Do you need to change your target library? Try changing the 'lib' compiler option to 'es2015' or later.
src/utils/moonPhase.ts(152,47): error TS7006: Parameter '_' implicitly has an 'any' type.
src/utils/moonPhase.ts(152,50): error TS7006: Parameter 'index' implicitly has an 'any' type.
src/utils/moonRendering.ts(9,48): error TS2550: Property 'isFinite' does not exist on type 'NumberConstructor'. Do you need to change your target library? Try changing the 'lib' compiler option to 'es2015' or later.
tests/addressFieldOrigins.test.ts(3,1): error TS2582: Cannot find name 'describe'. Do you need to install type definitions for a test runner? Try `npm i --save-dev @types/jest` or `npm i --save-dev @types/mocha`.
tests/addressFieldOrigins.test.ts(4,3): error TS2582: Cannot find name 'test'. Do you need to install type definitions for a test runner? Try `npm i --save-dev @types/jest` or `npm i --save-dev @types/mocha`.
tests/addressFieldOrigins.test.ts(11,5): error TS2304: Cannot find name 'expect'.
tests/addressFieldOrigins.test.ts(12,5): error TS2304: Cannot find name 'expect'.
tests/addressFieldOrigins.test.ts(15,3): error TS2582: Cannot find name 'test'. Do you need to install type definitions for a test runner? Try `npm i --save-dev @types/jest` or `npm i --save-dev @types/mocha`.
tests/addressFieldOrigins.test.ts(17,5): error TS2304: Cannot find name 'expect'.
tests/addressFieldOrigins.test.ts(18,5): error TS2304: Cannot find name 'expect'.
tests/addressFieldOrigins.test.ts(21,3): error TS2582: Cannot find name 'test'. Do you need to install type definitions for a test runner? Try `npm i --save-dev @types/jest` or `npm i --save-dev @types/mocha`.
tests/addressFieldOrigins.test.ts(23,5): error TS2304: Cannot find name 'expect'.
tests/allergenSafety.test.ts(3,1): error TS2582: Cannot find name 'describe'. Do you need to install type definitions for a test runner? Try `npm i --save-dev @types/jest` or `npm i --save-dev @types/mocha`.
tests/allergenSafety.test.ts(4,3): error TS2582: Cannot find name 'test'. Do you need to install type definitions for a test runner? Try `npm i --save-dev @types/jest` or `npm i --save-dev @types/mocha`.
tests/allergenSafety.test.ts(5,5): error TS2304: Cannot find name 'expect'.
tests/allergenSafety.test.ts(8,3): error TS2582: Cannot find name 'test'. Do you need to install type definitions for a test runner? Try `npm i --save-dev @types/jest` or `npm i --save-dev @types/mocha`.
tests/allergenSafety.test.ts(9,5): error TS2304: Cannot find name 'expect'.
tests/allergenSafety.test.ts(12,3): error TS2582: Cannot find name 'test'. Do you need to install type definitions for a test runner? Try `npm i --save-dev @types/jest` or `npm i --save-dev @types/mocha`.
tests/allergenSafety.test.ts(13,5): error TS2304: Cannot find name 'expect'.
tests/apiEnv.test.ts(3,1): error TS2582: Cannot find name 'describe'. Do you need to install type definitions for a test runner? Try `npm i --save-dev @types/jest` or `npm i --save-dev @types/mocha`.
tests/apiEnv.test.ts(4,3): error TS2582: Cannot find name 'it'. Do you need to install type definitions for a test runner? Try `npm i --save-dev @types/jest` or `npm i --save-dev @types/mocha`.
tests/apiEnv.test.ts(5,5): error TS2304: Cannot find name 'expect'.
tests/apiEnv.test.ts(9,3): error TS2582: Cannot find name 'it'. Do you need to install type definitions for a test runner? Try `npm i --save-dev @types/jest` or `npm i --save-dev @types/mocha`.
tests/apiEnv.test.ts(10,5): error TS2304: Cannot find name 'expect'.
tests/apiEnv.test.ts(14,3): error TS2582: Cannot find name 'it'. Do you need to install type definitions for a test runner? Try `npm i --save-dev @types/jest` or `npm i --save-dev @types/mocha`.
tests/apiEnv.test.ts(15,5): error TS2304: Cannot find name 'expect'.
tests/authErrorMessages.test.ts(3,1): error TS2582: Cannot find name 'describe'. Do you need to install type definitions for a test runner? Try `npm i --save-dev @types/jest` or `npm i --save-dev @types/mocha`.
tests/authErrorMessages.test.ts(4,3): error TS2582: Cannot find name 'it'. Do you need to install type definitions for a test runner? Try `npm i --save-dev @types/jest` or `npm i --save-dev @types/mocha`.
tests/authErrorMessages.test.ts(10,5): error TS2304: Cannot find name 'expect'.
tests/authErrorMessages.test.ts(13,5): error TS2304: Cannot find name 'expect'.
tests/authPaperRevealTimeline.test.ts(14,1): error TS2582: Cannot find name 'describe'. Do you need to install type definitions for a test runner? Try `npm i --save-dev @types/jest` or `npm i --save-dev @types/mocha`.
tests/authPaperRevealTimeline.test.ts(15,3): error TS2582: Cannot find name 'it'. Do you need to install type definitions for a test runner? Try `npm i --save-dev @types/jest` or `npm i --save-dev @types/mocha`.
tests/authPaperRevealTimeline.test.ts(16,5): error TS2304: Cannot find name 'expect'.
tests/authPaperRevealTimeline.test.ts(19,3): error TS2582: Cannot find name 'it'. Do you need to install type definitions for a test runner? Try `npm i --save-dev @types/jest` or `npm i --save-dev @types/mocha`.
tests/authPaperRevealTimeline.test.ts(20,5): error TS2304: Cannot find name 'expect'.
tests/authPaperRevealTimeline.test.ts(21,5): error TS2304: Cannot find name 'expect'.
tests/authPaperRevealTimeline.test.ts(24,3): error TS2582: Cannot find name 'it'. Do you need to install type definitions for a test runner? Try `npm i --save-dev @types/jest` or `npm i --save-dev @types/mocha`.
tests/authPaperRevealTimeline.test.ts(25,5): error TS2304: Cannot find name 'expect'.
tests/authPaperRevealTimeline.test.ts(28,3): error TS2582: Cannot find name 'it'. Do you need to install type definitions for a test runner? Try `npm i --save-dev @types/jest` or `npm i --save-dev @types/mocha`.
tests/authPaperRevealTimeline.test.ts(29,5): error TS2304: Cannot find name 'expect'.
tests/authPaperRevealTimeline.test.ts(31,5): error TS2304: Cannot find name 'expect'.
tests/authPaperRevealTimeline.test.ts(35,3): error TS2582: Cannot find name 'it'. Do you need to install type definitions for a test runner? Try `npm i --save-dev @types/jest` or `npm i --save-dev @types/mocha`.
tests/authPaperRevealTimeline.test.ts(37,5): error TS2304: Cannot find name 'expect'.
tests/authPaperRevealTimeline.test.ts(38,5): error TS2304: Cannot find name 'expect'.
tests/authPaperRevealTimeline.test.ts(39,5): error TS2304: Cannot find name 'expect'.
tests/authPaperRevealTimeline.test.ts(40,5): error TS2304: Cannot find name 'expect'.
tests/authPaperRevealTimeline.test.ts(43,3): error TS2582: Cannot find name 'it'. Do you need to install type definitions for a test runner? Try `npm i --save-dev @types/jest` or `npm i --save-dev @types/mocha`.
tests/authPaperRevealTimeline.test.ts(44,5): error TS2304: Cannot find name 'expect'.
tests/authPaperRevealTimeline.test.ts(45,5): error TS2304: Cannot find name 'expect'.
tests/authPaperRevealTimeline.test.ts(46,5): error TS2304: Cannot find name 'expect'.
tests/authPaperRevealTimeline.test.ts(49,3): error TS2582: Cannot find name 'it'. Do you need to install type definitions for a test runner? Try `npm i --save-dev @types/jest` or `npm i --save-dev @types/mocha`.
tests/authPaperRevealTimeline.test.ts(50,5): error TS2304: Cannot find name 'expect'.
tests/authPaperRevealTimeline.test.ts(62,3): error TS2582: Cannot find name 'it'. Do you need to install type definitions for a test runner? Try `npm i --save-dev @types/jest` or `npm i --save-dev @types/mocha`.
tests/authPaperRevealTimeline.test.ts(63,5): error TS2304: Cannot find name 'expect'.
tests/authPaperRevealTimeline.test.ts(67,3): error TS2582: Cannot find name 'it'. Do you need to install type definitions for a test runner? Try `npm i --save-dev @types/jest` or `npm i --save-dev @types/mocha`.
tests/authPaperRevealTimeline.test.ts(68,5): error TS2304: Cannot find name 'expect'.
tests/authPaperRevealTimeline.test.ts(69,5): error TS2304: Cannot find name 'expect'.
tests/authPaperRevealTimeline.test.ts(72,3): error TS2582: Cannot find name 'it'. Do you need to install type definitions for a test runner? Try `npm i --save-dev @types/jest` or `npm i --save-dev @types/mocha`.
tests/authPaperRevealTimeline.test.ts(73,5): error TS2304: Cannot find name 'expect'.
tests/authPaperRevealTimeline.test.ts(74,5): error TS2304: Cannot find name 'expect'.
tests/authPaperRevealTimeline.test.ts(75,5): error TS2304: Cannot find name 'expect'.
tests/authPaperRevealTimeline.test.ts(76,5): error TS2304: Cannot find name 'expect'.
tests/authPaperRevealTimeline.test.ts(79,3): error TS2582: Cannot find name 'it'. Do you need to install type definitions for a test runner? Try `npm i --save-dev @types/jest` or `npm i --save-dev @types/mocha`.
tests/authPaperRevealTimeline.test.ts(80,5): error TS2304: Cannot find name 'expect'.
tests/authPaperRevealTimeline.test.ts(81,5): error TS2304: Cannot find name 'expect'.
tests/authPaperRevealTimeline.test.ts(82,5): error TS2304: Cannot find name 'expect'.
tests/authPaperRevealTimeline.test.ts(86,3): error TS2582: Cannot find name 'it'. Do you need to install type definitions for a test runner? Try `npm i --save-dev @types/jest` or `npm i --save-dev @types/mocha`.
tests/authPaperRevealTimeline.test.ts(87,16): error TS2580: Cannot find name 'require'. Do you need to install type definitions for node? Try `npm i --save-dev @types/node`.
tests/authPaperRevealTimeline.test.ts(87,52): error TS2307: Cannot find module 'node:fs' or its corresponding type declarations.
tests/authPaperRevealTimeline.test.ts(90,5): error TS2304: Cannot find name 'expect'.
tests/authPaperRevealTimeline.test.ts(91,5): error TS2304: Cannot find name 'expect'.
tests/authSessionBoundary.test.ts(2,16): error TS2307: Cannot find module 'node:fs' or its corresponding type declarations.
tests/authSessionBoundary.test.ts(3,18): error TS2307: Cannot find module 'node:path' or its corresponding type declarations.
tests/authSessionBoundary.test.ts(5,1): error TS2582: Cannot find name 'describe'. Do you need to install type definitions for a test runner? Try `npm i --save-dev @types/jest` or `npm i --save-dev @types/mocha`.
tests/authSessionBoundary.test.ts(6,3): error TS2582: Cannot find name 'test'. Do you need to install type definitions for a test runner? Try `npm i --save-dev @types/jest` or `npm i --save-dev @types/mocha`.
tests/authSessionBoundary.test.ts(7,5): error TS2304: Cannot find name 'expect'.
tests/authSessionBoundary.test.ts(10,3): error TS2582: Cannot find name 'test'. Do you need to install type definitions for a test runner? Try `npm i --save-dev @types/jest` or `npm i --save-dev @types/mocha`.
tests/authSessionBoundary.test.ts(11,49): error TS2304: Cannot find name '__dirname'.
tests/authSessionBoundary.test.ts(12,5): error TS2304: Cannot find name 'expect'.
tests/authSessionBoundary.test.ts(13,5): error TS2304: Cannot find name 'expect'.
tests/authSessionBoundary.test.ts(14,5): error TS2304: Cannot find name 'expect'.
tests/authSessionBoundary.test.ts(15,5): error TS2304: Cannot find name 'expect'.
tests/authSessionBoundary.test.ts(18,3): error TS2582: Cannot find name 'test'. Do you need to install type definitions for a test runner? Try `npm i --save-dev @types/jest` or `npm i --save-dev @types/mocha`.
tests/authSessionBoundary.test.ts(19,49): error TS2304: Cannot find name '__dirname'.
tests/authSessionBoundary.test.ts(20,5): error TS2304: Cannot find name 'expect'.
tests/authSessionBoundary.test.ts(21,5): error TS2304: Cannot find name 'expect'.
tests/boxMatrix.test.ts(5,23): error TS2550: Property 'find' does not exist on type 'BoxItem[]'. Do you need to change your target library? Try changing the 'lib' compiler option to 'es2015' or later.
tests/boxMatrix.test.ts(5,29): error TS7006: Parameter 'item' implicitly has an 'any' type.
tests/boxMatrix.test.ts(8,1): error TS2582: Cannot find name 'describe'. Do you need to install type definitions for a test runner? Try `npm i --save-dev @types/jest` or `npm i --save-dev @types/mocha`.
tests/boxMatrix.test.ts(9,3): error TS2582: Cannot find name 'test'. Do you need to install type definitions for a test runner? Try `npm i --save-dev @types/jest` or `npm i --save-dev @types/mocha`.
tests/boxMatrix.test.ts(11,43): error TS7006: Parameter 'primaryProduct' implicitly has an 'any' type.
tests/boxMatrix.test.ts(13,5): error TS2304: Cannot find name 'expect'.
tests/boxMatrix.test.ts(16,3): error TS2582: Cannot find name 'test'. Do you need to install type definitions for a test runner? Try `npm i --save-dev @types/jest` or `npm i --save-dev @types/mocha`.
tests/boxMatrix.test.ts(18,46): error TS7006: Parameter 'plan' implicitly has an 'any' type.
tests/boxMatrix.test.ts(18,52): error TS7006: Parameter 'limit' implicitly has an 'any' type.
tests/boxMatrix.test.ts(20,5): error TS2304: Cannot find name 'expect'.
tests/boxMatrix.test.ts(23,3): error TS2582: Cannot find name 'test'. Do you need to install type definitions for a test runner? Try `npm i --save-dev @types/jest` or `npm i --save-dev @types/mocha`.
tests/boxMatrix.test.ts(23,69): error TS7006: Parameter 'periodLengthEstimate' implicitly has an 'any' type.
tests/boxMatrix.test.ts(25,5): error TS2304: Cannot find name 'expect'.
tests/boxMatrix.test.ts(28,3): error TS2582: Cannot find name 'test'. Do you need to install type definitions for a test runner? Try `npm i --save-dev @types/jest` or `npm i --save-dev @types/mocha`.
tests/boxMatrix.test.ts(30,5): error TS2304: Cannot find name 'expect'.
tests/boxMatrix.test.ts(33,3): error TS2582: Cannot find name 'test'. Do you need to install type definitions for a test runner? Try `npm i --save-dev @types/jest` or `npm i --save-dev @types/mocha`.
tests/boxMatrix.test.ts(35,5): error TS2304: Cannot find name 'expect'.
tests/boxMatrix.test.ts(38,3): error TS2582: Cannot find name 'test'. Do you need to install type definitions for a test runner? Try `npm i --save-dev @types/jest` or `npm i --save-dev @types/mocha`.
tests/boxMatrix.test.ts(42,44): error TS7006: Parameter 'allergen' implicitly has an 'any' type.
tests/boxMatrix.test.ts(42,54): error TS7006: Parameter 'itemId' implicitly has an 'any' type.
tests/boxMatrix.test.ts(48,5): error TS2304: Cannot find name 'expect'.
tests/boxMatrix.test.ts(51,3): error TS2582: Cannot find name 'test'. Do you need to install type definitions for a test runner? Try `npm i --save-dev @types/jest` or `npm i --save-dev @types/mocha`.
tests/boxMatrix.test.ts(53,5): error TS2304: Cannot find name 'expect'.
tests/boxMatrix.test.ts(56,3): error TS2582: Cannot find name 'test'. Do you need to install type definitions for a test runner? Try `npm i --save-dev @types/jest` or `npm i --save-dev @types/mocha`.
tests/boxMatrix.test.ts(61,5): error TS2304: Cannot find name 'expect'.
tests/boxMatrix.test.ts(64,3): error TS2582: Cannot find name 'test'. Do you need to install type definitions for a test runner? Try `npm i --save-dev @types/jest` or `npm i --save-dev @types/mocha`.
tests/boxMatrix.test.ts(69,5): error TS2304: Cannot find name 'expect'.
tests/boxMatrix.test.ts(72,3): error TS2582: Cannot find name 'test'. Do you need to install type definitions for a test runner? Try `npm i --save-dev @types/jest` or `npm i --save-dev @types/mocha`.
tests/boxMatrix.test.ts(72,68): error TS7006: Parameter 'count' implicitly has an 'any' type.
tests/boxMatrix.test.ts(73,27): error TS2550: Property 'from' does not exist on type 'ArrayConstructor'. Do you need to change your target library? Try changing the 'lib' compiler option to 'es2015' or later.
tests/boxMatrix.test.ts(73,52): error TS7006: Parameter '_' implicitly has an 'any' type.
tests/boxMatrix.test.ts(73,55): error TS7006: Parameter 'i' implicitly has an 'any' type.
tests/boxMatrix.test.ts(75,20): error TS2304: Cannot find name 'expect'.
tests/boxMatrix.test.ts(76,10): error TS2304: Cannot find name 'expect'.
tests/boxMatrix.test.ts(79,3): error TS2582: Cannot find name 'test'. Do you need to install type definitions for a test runner? Try `npm i --save-dev @types/jest` or `npm i --save-dev @types/mocha`.
tests/boxMatrix.test.ts(81,5): error TS2304: Cannot find name 'expect'.
tests/boxQualityPolicy.test.ts(8,1): error TS2582: Cannot find name 'describe'. Do you need to install type definitions for a test runner? Try `npm i --save-dev @types/jest` or `npm i --save-dev @types/mocha`.
tests/boxQualityPolicy.test.ts(27,3): error TS2582: Cannot find name 'it'. Do you need to install type definitions for a test runner? Try `npm i --save-dev @types/jest` or `npm i --save-dev @types/mocha`.
tests/boxQualityPolicy.test.ts(36,5): error TS2304: Cannot find name 'expect'.
tests/boxQualityPolicy.test.ts(39,3): error TS2582: Cannot find name 'it'. Do you need to install type definitions for a test runner? Try `npm i --save-dev @types/jest` or `npm i --save-dev @types/mocha`.
tests/boxQualityPolicy.test.ts(44,5): error TS2304: Cannot find name 'expect'.
tests/boxQualityPolicy.test.ts(44,55): error TS2304: Cannot find name 'expect'.
tests/boxQualityPolicy.test.ts(50,3): error TS2582: Cannot find name 'it'. Do you need to install type definitions for a test runner? Try `npm i --save-dev @types/jest` or `npm i --save-dev @types/mocha`.
tests/boxQualityPolicy.test.ts(56,5): error TS2304: Cannot find name 'expect'.
tests/boxQualityPolicy.test.ts(56,55): error TS2304: Cannot find name 'expect'.
tests/boxQualityPolicy.test.ts(62,3): error TS2582: Cannot find name 'it'. Do you need to install type definitions for a test runner? Try `npm i --save-dev @types/jest` or `npm i --save-dev @types/mocha`.
tests/boxQualityPolicy.test.ts(63,5): error TS2304: Cannot find name 'expect'.
tests/boxQualityPolicy.test.ts(64,5): error TS2304: Cannot find name 'expect'.
tests/boxQualityPolicy.test.ts(67,3): error TS2582: Cannot find name 'it'. Do you need to install type definitions for a test runner? Try `npm i --save-dev @types/jest` or `npm i --save-dev @types/mocha`.
tests/boxQualityPolicy.test.ts(70,5): error TS2304: Cannot find name 'expect'.
tests/boxQualityPolicy.test.ts(70,27): error TS2304: Cannot find name 'expect'.
tests/boxQualityPolicy.test.ts(71,5): error TS2304: Cannot find name 'expect'.
tests/boxQuote.test.ts(4,1): error TS2582: Cannot find name 'describe'. Do you need to install type definitions for a test runner? Try `npm i --save-dev @types/jest` or `npm i --save-dev @types/mocha`.
tests/boxQuote.test.ts(5,3): error TS2582: Cannot find name 'test'. Do you need to install type definitions for a test runner? Try `npm i --save-dev @types/jest` or `npm i --save-dev @types/mocha`.
tests/boxQuote.test.ts(6,28): error TS2550: Property 'find' does not exist on type 'BoxPlan[]'. Do you need to change your target library? Try changing the 'lib' compiler option to 'es2015' or later.
tests/boxQuote.test.ts(6,34): error TS7006: Parameter 'item' implicitly has an 'any' type.
tests/boxQuote.test.ts(12,5): error TS2304: Cannot find name 'expect'.
tests/boxQuote.test.ts(13,5): error TS2304: Cannot find name 'expect'.
tests/boxQuote.test.ts(14,5): error TS2304: Cannot find name 'expect'.
tests/boxQuote.test.ts(17,3): error TS2582: Cannot find name 'test'. Do you need to install type definitions for a test runner? Try `npm i --save-dev @types/jest` or `npm i --save-dev @types/mocha`.
tests/boxQuote.test.ts(18,28): error TS2550: Property 'find' does not exist on type 'BoxPlan[]'. Do you need to change your target library? Try changing the 'lib' compiler option to 'es2015' or later.
tests/boxQuote.test.ts(18,34): error TS7006: Parameter 'item' implicitly has an 'any' type.
tests/boxQuote.test.ts(24,5): error TS2304: Cannot find name 'expect'.
tests/boxQuote.test.ts(25,5): error TS2304: Cannot find name 'expect'.
tests/boxQuote.test.ts(26,5): error TS2304: Cannot find name 'expect'.
tests/boxQuote.test.ts(29,3): error TS2582: Cannot find name 'test'. Do you need to install type definitions for a test runner? Try `npm i --save-dev @types/jest` or `npm i --save-dev @types/mocha`.
tests/boxQuote.test.ts(30,28): error TS2550: Property 'find' does not exist on type 'BoxPlan[]'. Do you need to change your target library? Try changing the 'lib' compiler option to 'es2015' or later.
tests/boxQuote.test.ts(30,34): error TS7006: Parameter 'item' implicitly has an 'any' type.
tests/boxQuote.test.ts(37,5): error TS2304: Cannot find name 'expect'.
tests/boxQuote.test.ts(38,5): error TS2304: Cannot find name 'expect'.
tests/boxQuote.test.ts(39,5): error TS2304: Cannot find name 'expect'.
tests/boxQuote.test.ts(43,1): error TS2582: Cannot find name 'describe'. Do you need to install type definitions for a test runner? Try `npm i --save-dev @types/jest` or `npm i --save-dev @types/mocha`.
tests/boxQuote.test.ts(44,3): error TS2582: Cannot find name 'test'. Do you need to install type definitions for a test runner? Try `npm i --save-dev @types/jest` or `npm i --save-dev @types/mocha`.
tests/boxQuote.test.ts(45,28): error TS2550: Property 'find' does not exist on type 'BoxPlan[]'. Do you need to change your target library? Try changing the 'lib' compiler option to 'es2015' or later.
tests/boxQuote.test.ts(45,34): error TS7006: Parameter 'item' implicitly has an 'any' type.
tests/boxQuote.test.ts(57,5): error TS2304: Cannot find name 'expect'.
tests/boxQuote.test.ts(58,5): error TS2304: Cannot find name 'expect'.
tests/boxQuote.test.ts(59,5): error TS2304: Cannot find name 'expect'.
tests/boxQuote.test.ts(60,5): error TS2304: Cannot find name 'expect'.
tests/boxQuote.test.ts(63,3): error TS2582: Cannot find name 'test'. Do you need to install type definitions for a test runner? Try `npm i --save-dev @types/jest` or `npm i --save-dev @types/mocha`.
tests/boxQuote.test.ts(64,28): error TS2550: Property 'find' does not exist on type 'BoxPlan[]'. Do you need to change your target library? Try changing the 'lib' compiler option to 'es2015' or later.
tests/boxQuote.test.ts(64,34): error TS7006: Parameter 'item' implicitly has an 'any' type.
tests/boxQuote.test.ts(75,5): error TS2304: Cannot find name 'expect'.
tests/boxQuote.test.ts(76,5): error TS2304: Cannot find name 'expect'.
tests/boxRecommendation.test.ts(5,23): error TS2550: Property 'find' does not exist on type 'BoxItem[]'. Do you need to change your target library? Try changing the 'lib' compiler option to 'es2015' or later.
tests/boxRecommendation.test.ts(5,29): error TS7006: Parameter 'item' implicitly has an 'any' type.
tests/boxRecommendation.test.ts(8,1): error TS2582: Cannot find name 'describe'. Do you need to install type definitions for a test runner? Try `npm i --save-dev @types/jest` or `npm i --save-dev @types/mocha`.
tests/boxRecommendation.test.ts(9,3): error TS2582: Cannot find name 'test'. Do you need to install type definitions for a test runner? Try `npm i --save-dev @types/jest` or `npm i --save-dev @types/mocha`.
tests/boxRecommendation.test.ts(12,5): error TS2304: Cannot find name 'expect'.
tests/boxRecommendation.test.ts(15,3): error TS2582: Cannot find name 'test'. Do you need to install type definitions for a test runner? Try `npm i --save-dev @types/jest` or `npm i --save-dev @types/mocha`.
tests/boxRecommendation.test.ts(17,5): error TS2304: Cannot find name 'expect'.
tests/boxRecommendation.test.ts(20,3): error TS2582: Cannot find name 'test'. Do you need to install type definitions for a test runner? Try `npm i --save-dev @types/jest` or `npm i --save-dev @types/mocha`.
tests/boxRecommendation.test.ts(31,5): error TS2304: Cannot find name 'expect'.
tests/boxRecommendation.test.ts(34,3): error TS2582: Cannot find name 'test'. Do you need to install type definitions for a test runner? Try `npm i --save-dev @types/jest` or `npm i --save-dev @types/mocha`.
tests/boxRecommendation.test.ts(41,5): error TS2304: Cannot find name 'expect'.
tests/boxRecommendation.test.ts(41,64): error TS2550: Property 'includes' does not exist on type 'string'. Do you need to change your target library? Try changing the 'lib' compiler option to 'es2015' or later.
tests/boxRecommendation.test.ts(42,5): error TS2304: Cannot find name 'expect'.
tests/boxRecommendation.test.ts(46,1): error TS2582: Cannot find name 'test'. Do you need to install type definitions for a test runner? Try `npm i --save-dev @types/jest` or `npm i --save-dev @types/mocha`.
tests/boxRecommendation.test.ts(53,3): error TS2304: Cannot find name 'expect'.
tests/boxRecommendation.test.ts(54,3): error TS2304: Cannot find name 'expect'.
tests/completeProductRecovery.test.ts(1,16): error TS2307: Cannot find module 'node:fs' or its corresponding type declarations.
tests/completeProductRecovery.test.ts(2,18): error TS2307: Cannot find module 'node:path' or its corresponding type declarations.
tests/completeProductRecovery.test.ts(4,27): error TS2304: Cannot find name '__dirname'.
tests/completeProductRecovery.test.ts(8,1): error TS2582: Cannot find name 'describe'. Do you need to install type definitions for a test runner? Try `npm i --save-dev @types/jest` or `npm i --save-dev @types/mocha`.
tests/completeProductRecovery.test.ts(9,3): error TS2582: Cannot find name 'test'. Do you need to install type definitions for a test runner? Try `npm i --save-dev @types/jest` or `npm i --save-dev @types/mocha`.
tests/completeProductRecovery.test.ts(12,5): error TS2304: Cannot find name 'expect'.
tests/completeProductRecovery.test.ts(13,5): error TS2304: Cannot find name 'expect'.
tests/completeProductRecovery.test.ts(16,5): error TS2304: Cannot find name 'expect'.
tests/completeProductRecovery.test.ts(17,5): error TS2304: Cannot find name 'expect'.
tests/completeProductRecovery.test.ts(20,3): error TS2582: Cannot find name 'test'. Do you need to install type definitions for a test runner? Try `npm i --save-dev @types/jest` or `npm i --save-dev @types/mocha`.
tests/completeProductRecovery.test.ts(27,7): error TS2304: Cannot find name 'expect'.
tests/completeProductRecovery.test.ts(31,3): error TS2582: Cannot find name 'test'. Do you need to install type definitions for a test runner? Try `npm i --save-dev @types/jest` or `npm i --save-dev @types/mocha`.
tests/completeProductRecovery.test.ts(32,5): error TS2304: Cannot find name 'expect'.
tests/completeProductRecovery.test.ts(35,5): error TS2304: Cannot find name 'expect'.
tests/completeProductRecovery.test.ts(36,5): error TS2304: Cannot find name 'expect'.
tests/completeProductRecovery.test.ts(41,3): error TS2582: Cannot find name 'test'. Do you need to install type definitions for a test runner? Try `npm i --save-dev @types/jest` or `npm i --save-dev @types/mocha`.
tests/completeProductRecovery.test.ts(44,5): error TS2304: Cannot find name 'expect'.
tests/completeProductRecovery.test.ts(45,5): error TS2304: Cannot find name 'expect'.
tests/completeProductRecovery.test.ts(46,5): error TS2304: Cannot find name 'expect'.
tests/completeProductRecovery.test.ts(47,5): error TS2304: Cannot find name 'expect'.
tests/completeProductRecovery.test.ts(50,3): error TS2582: Cannot find name 'test'. Do you need to install type definitions for a test runner? Try `npm i --save-dev @types/jest` or `npm i --save-dev @types/mocha`.
tests/completeProductRecovery.test.ts(53,5): error TS2304: Cannot find name 'expect'.
tests/completeProductRecovery.test.ts(54,5): error TS2304: Cannot find name 'expect'.
tests/completeProductRecovery.test.ts(55,5): error TS2304: Cannot find name 'expect'.
tests/completeProductRecovery.test.ts(56,5): error TS2304: Cannot find name 'expect'.
tests/completeProductRecovery.test.ts(57,5): error TS2304: Cannot find name 'expect'.
tests/completeProductRecovery.test.ts(60,3): error TS2582: Cannot find name 'test'. Do you need to install type definitions for a test runner? Try `npm i --save-dev @types/jest` or `npm i --save-dev @types/mocha`.
tests/completeProductRecovery.test.ts(63,5): error TS2304: Cannot find name 'expect'.
tests/completeProductRecovery.test.ts(64,5): error TS2304: Cannot find name 'expect'.
tests/completeProductRecovery.test.ts(81,7): error TS2304: Cannot find name 'expect'.
tests/completeProductRecovery.test.ts(83,5): error TS2304: Cannot find name 'expect'.
tests/completeProductRecovery.test.ts(88,3): error TS2582: Cannot find name 'test'. Do you need to install type definitions for a test runner? Try `npm i --save-dev @types/jest` or `npm i --save-dev @types/mocha`.
tests/completeProductRecovery.test.ts(90,5): error TS2304: Cannot find name 'expect'.
tests/completeProductRecovery.test.ts(91,5): error TS2304: Cannot find name 'expect'.
tests/completeProductRecovery.test.ts(94,5): error TS2304: Cannot find name 'expect'.
tests/completeProductRecovery.test.ts(99,3): error TS2582: Cannot find name 'test'. Do you need to install type definitions for a test runner? Try `npm i --save-dev @types/jest` or `npm i --save-dev @types/mocha`.
tests/completeProductRecovery.test.ts(101,5): error TS2304: Cannot find name 'expect'.
tests/completeProductRecovery.test.ts(104,5): error TS2304: Cannot find name 'expect'.
tests/completeProductRecovery.test.ts(107,5): error TS2304: Cannot find name 'expect'.
tests/completeProductRecovery.test.ts(108,5): error TS2304: Cannot find name 'expect'.
tests/completeProductRecovery.test.ts(109,5): error TS2304: Cannot find name 'expect'.
tests/completeProductRecovery.test.ts(110,5): error TS2304: Cannot find name 'expect'.
tests/completeProductRecovery.test.ts(113,3): error TS2582: Cannot find name 'test'. Do you need to install type definitions for a test runner? Try `npm i --save-dev @types/jest` or `npm i --save-dev @types/mocha`.
tests/completeProductRecovery.test.ts(116,5): error TS2304: Cannot find name 'expect'.
tests/completeProductRecovery.test.ts(117,5): error TS2304: Cannot find name 'expect'.
tests/courierPrivacyBoundary.test.ts(3,1): error TS2582: Cannot find name 'describe'. Do you need to install type definitions for a test runner? Try `npm i --save-dev @types/jest` or `npm i --save-dev @types/mocha`.
tests/courierPrivacyBoundary.test.ts(4,3): error TS2582: Cannot find name 'test'. Do you need to install type definitions for a test runner? Try `npm i --save-dev @types/jest` or `npm i --save-dev @types/mocha`.
tests/courierPrivacyBoundary.test.ts(21,5): error TS2304: Cannot find name 'expect'.
tests/courierPrivacyBoundary.test.ts(22,5): error TS2304: Cannot find name 'expect'.
tests/courierPrivacyBoundary.test.ts(23,5): error TS2304: Cannot find name 'expect'.
tests/courierPrivacyBoundary.test.ts(24,5): error TS2304: Cannot find name 'expect'.
tests/courierPrivacyBoundary.test.ts(27,3): error TS2582: Cannot find name 'test'. Do you need to install type definitions for a test runner? Try `npm i --save-dev @types/jest` or `npm i --save-dev @types/mocha`.
tests/courierPrivacyBoundary.test.ts(35,5): error TS2304: Cannot find name 'expect'.
tests/courierPrivacyBoundary.test.ts(36,5): error TS2304: Cannot find name 'expect'.
tests/courierPrivacyBoundary.test.ts(37,5): error TS2304: Cannot find name 'expect'.
tests/cycleEdgeCases.test.ts(6,1): error TS2582: Cannot find name 'describe'. Do you need to install type definitions for a test runner? Try `npm i --save-dev @types/jest` or `npm i --save-dev @types/mocha`.
tests/cycleEdgeCases.test.ts(7,3): error TS2582: Cannot find name 'test'. Do you need to install type definitions for a test runner? Try `npm i --save-dev @types/jest` or `npm i --save-dev @types/mocha`.
tests/cycleEdgeCases.test.ts(7,77): error TS7006: Parameter 'length' implicitly has an 'any' type.
tests/cycleEdgeCases.test.ts(9,5): error TS2304: Cannot find name 'expect'.
tests/cycleEdgeCases.test.ts(10,5): error TS2304: Cannot find name 'expect'.
tests/cycleEdgeCases.test.ts(13,3): error TS2582: Cannot find name 'test'. Do you need to install type definitions for a test runner? Try `npm i --save-dev @types/jest` or `npm i --save-dev @types/mocha`.
tests/cycleEdgeCases.test.ts(20,63): error TS7006: Parameter 'cycleContext' implicitly has an 'any' type.
tests/cycleEdgeCases.test.ts(22,5): error TS2304: Cannot find name 'expect'.
tests/cycleEdgeCases.test.ts(25,3): error TS2582: Cannot find name 'test'. Do you need to install type definitions for a test runner? Try `npm i --save-dev @types/jest` or `npm i --save-dev @types/mocha`.
tests/cycleEdgeCases.test.ts(30,5): error TS2304: Cannot find name 'expect'.
tests/cycleEdgeCases.test.ts(33,3): error TS2582: Cannot find name 'test'. Do you need to install type definitions for a test runner? Try `npm i --save-dev @types/jest` or `npm i --save-dev @types/mocha`.
tests/cycleEdgeCases.test.ts(37,5): error TS2304: Cannot find name 'expect'.
tests/cycleEdgeCases.test.ts(40,3): error TS2582: Cannot find name 'test'. Do you need to install type definitions for a test runner? Try `npm i --save-dev @types/jest` or `npm i --save-dev @types/mocha`.
tests/cycleEdgeCases.test.ts(44,5): error TS2304: Cannot find name 'expect'.
tests/cycleEdgeCases.test.ts(47,3): error TS2582: Cannot find name 'test'. Do you need to install type definitions for a test runner? Try `npm i --save-dev @types/jest` or `npm i --save-dev @types/mocha`.
tests/cycleEdgeCases.test.ts(47,74): error TS7006: Parameter 'interval' implicitly has an 'any' type.
tests/cycleEdgeCases.test.ts(50,5): error TS2304: Cannot find name 'expect'.
tests/cycleEdgeCases.test.ts(53,3): error TS2582: Cannot find name 'test'. Do you need to install type definitions for a test runner? Try `npm i --save-dev @types/jest` or `npm i --save-dev @types/mocha`.
tests/cycleEdgeCases.test.ts(55,5): error TS2304: Cannot find name 'expect'.
tests/cycleEdgeCases.test.ts(56,5): error TS2304: Cannot find name 'expect'.
tests/cycleEdgeCases.test.ts(57,5): error TS2304: Cannot find name 'expect'.
tests/cycleEdgeCases.test.ts(58,5): error TS2304: Cannot find name 'expect'.
tests/cycleEdgeCases.test.ts(61,3): error TS2582: Cannot find name 'test'. Do you need to install type definitions for a test runner? Try `npm i --save-dev @types/jest` or `npm i --save-dev @types/mocha`.
tests/cycleEdgeCases.test.ts(68,5): error TS2304: Cannot find name 'expect'.
tests/cycleEdgeCases.test.ts(69,5): error TS2304: Cannot find name 'expect'.
tests/cycleEdgeCases.test.ts(72,3): error TS2582: Cannot find name 'test'. Do you need to install type definitions for a test runner? Try `npm i --save-dev @types/jest` or `npm i --save-dev @types/mocha`.
tests/cycleEdgeCases.test.ts(77,5): error TS2304: Cannot find name 'expect'.
tests/cycleEdgeCases.test.ts(81,1): error TS2582: Cannot find name 'test'. Do you need to install type definitions for a test runner? Try `npm i --save-dev @types/jest` or `npm i --save-dev @types/mocha`.
tests/cycleEdgeCases.test.ts(82,32): error TS2580: Cannot find name 'require'. Do you need to install type definitions for node? Try `npm i --save-dev @types/node`.
tests/cycleEdgeCases.test.ts(86,3): error TS2304: Cannot find name 'expect'.
tests/cycleEngineTrust.test.ts(5,1): error TS2582: Cannot find name 'describe'. Do you need to install type definitions for a test runner? Try `npm i --save-dev @types/jest` or `npm i --save-dev @types/mocha`.
tests/cycleEngineTrust.test.ts(8,3): error TS2582: Cannot find name 'test'. Do you need to install type definitions for a test runner? Try `npm i --save-dev @types/jest` or `npm i --save-dev @types/mocha`.
tests/cycleEngineTrust.test.ts(18,5): error TS2304: Cannot find name 'expect'.
tests/cycleEngineTrust.test.ts(19,5): error TS2304: Cannot find name 'expect'.
tests/cycleEngineTrust.test.ts(20,5): error TS2304: Cannot find name 'expect'.
tests/cycleEngineTrust.test.ts(23,3): error TS2582: Cannot find name 'test'. Do you need to install type definitions for a test runner? Try `npm i --save-dev @types/jest` or `npm i --save-dev @types/mocha`.
tests/cycleEngineTrust.test.ts(33,5): error TS2304: Cannot find name 'expect'.
tests/cycleEngineTrust.test.ts(34,5): error TS2304: Cannot find name 'expect'.
tests/cycleEngineTrust.test.ts(34,17): error TS2550: Property 'find' does not exist on type 'CycleDay[]'. Do you need to change your target library? Try changing the 'lib' compiler option to 'es2015' or later.
tests/cycleEngineTrust.test.ts(34,23): error TS7006: Parameter 'day' implicitly has an 'any' type.
tests/cycleEngineTrust.test.ts(37,3): error TS2582: Cannot find name 'test'. Do you need to install type definitions for a test runner? Try `npm i --save-dev @types/jest` or `npm i --save-dev @types/mocha`.
tests/cycleEngineTrust.test.ts(47,34): error TS2550: Property 'find' does not exist on type 'CycleDay[]'. Do you need to change your target library? Try changing the 'lib' compiler option to 'es2015' or later.
tests/cycleEngineTrust.test.ts(47,40): error TS7006: Parameter 'day' implicitly has an 'any' type.
tests/cycleEngineTrust.test.ts(48,5): error TS2304: Cannot find name 'expect'.
tests/cyclePrediction.test.ts(6,1): error TS2582: Cannot find name 'describe'. Do you need to install type definitions for a test runner? Try `npm i --save-dev @types/jest` or `npm i --save-dev @types/mocha`.
tests/cyclePrediction.test.ts(7,3): error TS2582: Cannot find name 'test'. Do you need to install type definitions for a test runner? Try `npm i --save-dev @types/jest` or `npm i --save-dev @types/mocha`.
tests/cyclePrediction.test.ts(9,5): error TS2304: Cannot find name 'expect'.
tests/cyclePrediction.test.ts(10,5): error TS2304: Cannot find name 'expect'.
tests/cyclePrediction.test.ts(11,5): error TS2304: Cannot find name 'expect'.
tests/cyclePrediction.test.ts(12,5): error TS2304: Cannot find name 'expect'.
tests/cyclePrediction.test.ts(15,3): error TS2582: Cannot find name 'test'. Do you need to install type definitions for a test runner? Try `npm i --save-dev @types/jest` or `npm i --save-dev @types/mocha`.
tests/cyclePrediction.test.ts(18,5): error TS2304: Cannot find name 'expect'.
tests/cyclePrediction.test.ts(19,5): error TS2304: Cannot find name 'expect'.
tests/cyclePrediction.test.ts(20,5): error TS2304: Cannot find name 'expect'.
tests/cyclePrediction.test.ts(21,5): error TS2304: Cannot find name 'expect'.
tests/cyclePrediction.test.ts(22,5): error TS2304: Cannot find name 'expect'.
tests/cyclePrediction.test.ts(23,5): error TS2304: Cannot find name 'expect'.
tests/cyclePrediction.test.ts(26,3): error TS2582: Cannot find name 'test'. Do you need to install type definitions for a test runner? Try `npm i --save-dev @types/jest` or `npm i --save-dev @types/mocha`.
tests/cyclePrediction.test.ts(29,5): error TS2304: Cannot find name 'expect'.
tests/cyclePrediction.test.ts(30,5): error TS2304: Cannot find name 'expect'.
tests/cyclePrediction.test.ts(31,5): error TS2304: Cannot find name 'expect'.
tests/cyclePrediction.test.ts(34,3): error TS2582: Cannot find name 'test'. Do you need to install type definitions for a test runner? Try `npm i --save-dev @types/jest` or `npm i --save-dev @types/mocha`.
tests/cyclePrediction.test.ts(37,5): error TS2304: Cannot find name 'expect'.
tests/cyclePrediction.test.ts(40,3): error TS2582: Cannot find name 'test'. Do you need to install type definitions for a test runner? Try `npm i --save-dev @types/jest` or `npm i --save-dev @types/mocha`.
tests/cyclePrediction.test.ts(43,5): error TS2304: Cannot find name 'expect'.
tests/cyclePrediction.test.ts(44,5): error TS2304: Cannot find name 'expect'.
tests/cyclePrediction.test.ts(48,1): error TS2582: Cannot find name 'test'. Do you need to install type definitions for a test runner? Try `npm i --save-dev @types/jest` or `npm i --save-dev @types/mocha`.
tests/cyclePrediction.test.ts(51,3): error TS2304: Cannot find name 'expect'.
tests/cyclePrediction.test.ts(52,3): error TS2304: Cannot find name 'expect'.
tests/cyclePrediction.test.ts(53,3): error TS2304: Cannot find name 'expect'.
tests/cyclePrediction.test.ts(56,1): error TS2582: Cannot find name 'test'. Do you need to install type definitions for a test runner? Try `npm i --save-dev @types/jest` or `npm i --save-dev @types/mocha`.
tests/cyclePrediction.test.ts(59,3): error TS2304: Cannot find name 'expect'.
tests/cyclePrediction.test.ts(60,3): error TS2304: Cannot find name 'expect'.
tests/cyclePrediction.test.ts(63,1): error TS2582: Cannot find name 'test'. Do you need to install type definitions for a test runner? Try `npm i --save-dev @types/jest` or `npm i --save-dev @types/mocha`.
tests/cyclePrediction.test.ts(66,3): error TS2304: Cannot find name 'expect'.
tests/cyclePrediction.test.ts(67,3): error TS2304: Cannot find name 'expect'.
tests/cyclePrediction.test.ts(68,3): error TS2304: Cannot find name 'expect'.
tests/cyclePrediction.test.ts(71,1): error TS2582: Cannot find name 'test'. Do you need to install type definitions for a test runner? Try `npm i --save-dev @types/jest` or `npm i --save-dev @types/mocha`.
tests/cyclePrediction.test.ts(74,3): error TS2304: Cannot find name 'expect'.
tests/cyclePrediction.test.ts(80,3): error TS2304: Cannot find name 'expect'.
tests/cyclePrediction.test.ts(81,3): error TS2304: Cannot find name 'expect'.
tests/cyclePrediction.test.ts(82,3): error TS2304: Cannot find name 'expect'.
tests/cyclePrediction.test.ts(83,3): error TS2304: Cannot find name 'expect'.
tests/cyclePrediction.test.ts(84,3): error TS2304: Cannot find name 'expect'.
tests/cyclePrediction.test.ts(85,3): error TS2304: Cannot find name 'expect'.
tests/cyclePrediction.test.ts(86,3): error TS2304: Cannot find name 'expect'.
tests/cyclePrediction.test.ts(89,1): error TS2582: Cannot find name 'test'. Do you need to install type definitions for a test runner? Try `npm i --save-dev @types/jest` or `npm i --save-dev @types/mocha`.
tests/cyclePrediction.test.ts(95,3): error TS2304: Cannot find name 'expect'.
tests/cyclePrediction.test.ts(96,3): error TS2304: Cannot find name 'expect'.
tests/cyclePrediction.test.ts(97,3): error TS2304: Cannot find name 'expect'.
tests/cyclePrediction.test.ts(98,3): error TS2304: Cannot find name 'expect'.
tests/cyclePrediction.test.ts(99,3): error TS2304: Cannot find name 'expect'.
tests/cyclePrediction.test.ts(100,3): error TS2304: Cannot find name 'expect'.
tests/cyclePrediction.test.ts(101,3): error TS2304: Cannot find name 'expect'.
tests/cyclePrediction.test.ts(102,3): error TS2304: Cannot find name 'expect'.
tests/cycleSyncDiff.test.ts(25,1): error TS2582: Cannot find name 'describe'. Do you need to install type definitions for a test runner? Try `npm i --save-dev @types/jest` or `npm i --save-dev @types/mocha`.
tests/cycleSyncDiff.test.ts(26,3): error TS2582: Cannot find name 'test'. Do you need to install type definitions for a test runner? Try `npm i --save-dev @types/jest` or `npm i --save-dev @types/mocha`.
tests/cycleSyncDiff.test.ts(32,5): error TS2304: Cannot find name 'expect'.
tests/cycleSyncDiff.test.ts(35,3): error TS2582: Cannot find name 'test'. Do you need to install type definitions for a test runner? Try `npm i --save-dev @types/jest` or `npm i --save-dev @types/mocha`.
tests/cycleSyncDiff.test.ts(41,5): error TS2304: Cannot find name 'expect'.
tests/cycleSyncDiff.test.ts(44,3): error TS2582: Cannot find name 'test'. Do you need to install type definitions for a test runner? Try `npm i --save-dev @types/jest` or `npm i --save-dev @types/mocha`.
tests/cycleSyncDiff.test.ts(50,5): error TS2304: Cannot find name 'expect'.
tests/cycleValidation.test.ts(3,1): error TS2582: Cannot find name 'describe'. Do you need to install type definitions for a test runner? Try `npm i --save-dev @types/jest` or `npm i --save-dev @types/mocha`.
tests/cycleValidation.test.ts(4,3): error TS2582: Cannot find name 'test'. Do you need to install type definitions for a test runner? Try `npm i --save-dev @types/jest` or `npm i --save-dev @types/mocha`.
tests/cycleValidation.test.ts(5,5): error TS2304: Cannot find name 'expect'.
tests/cycleValidation.test.ts(17,3): error TS2582: Cannot find name 'test'. Do you need to install type definitions for a test runner? Try `npm i --save-dev @types/jest` or `npm i --save-dev @types/mocha`.
tests/cycleValidation.test.ts(22,5): error TS2304: Cannot find name 'expect'.
tests/cycleValidation.test.ts(27,3): error TS2582: Cannot find name 'test'. Do you need to install type definitions for a test runner? Try `npm i --save-dev @types/jest` or `npm i --save-dev @types/mocha`.
tests/cycleValidation.test.ts(32,5): error TS2304: Cannot find name 'expect'.
tests/cycleValidation.test.ts(33,5): error TS2304: Cannot find name 'expect'.
tests/cycleValidation.test.ts(36,3): error TS2582: Cannot find name 'test'. Do you need to install type definitions for a test runner? Try `npm i --save-dev @types/jest` or `npm i --save-dev @types/mocha`.
tests/cycleValidation.test.ts(37,5): error TS2304: Cannot find name 'expect'.
tests/deliveryMatrix.test.ts(15,1): error TS2582: Cannot find name 'describe'. Do you need to install type definitions for a test runner? Try `npm i --save-dev @types/jest` or `npm i --save-dev @types/mocha`.
tests/deliveryMatrix.test.ts(16,3): error TS2582: Cannot find name 'test'. Do you need to install type definitions for a test runner? Try `npm i --save-dev @types/jest` or `npm i --save-dev @types/mocha`.
tests/deliveryMatrix.test.ts(18,51): error TS7006: Parameter 'preparationDays' implicitly has an 'any' type.
tests/deliveryMatrix.test.ts(18,68): error TS7006: Parameter 'deliveryDays' implicitly has an 'any' type.
tests/deliveryMatrix.test.ts(18,82): error TS7006: Parameter 'safetyBufferDays' implicitly has an 'any' type.
tests/deliveryMatrix.test.ts(20,5): error TS2304: Cannot find name 'expect'.
tests/deliveryMatrix.test.ts(21,5): error TS2304: Cannot find name 'expect'.
tests/deliveryMatrix.test.ts(22,5): error TS2304: Cannot find name 'expect'.
tests/deliveryMatrix.test.ts(25,3): error TS2582: Cannot find name 'test'. Do you need to install type definitions for a test runner? Try `npm i --save-dev @types/jest` or `npm i --save-dev @types/mocha`.
tests/deliveryMatrix.test.ts(27,5): error TS2304: Cannot find name 'expect'.
tests/deliveryMatrix.test.ts(28,5): error TS2304: Cannot find name 'expect'.
tests/deliveryMatrix.test.ts(31,3): error TS2582: Cannot find name 'test'. Do you need to install type definitions for a test runner? Try `npm i --save-dev @types/jest` or `npm i --save-dev @types/mocha`.
tests/deliveryMatrix.test.ts(31,76): error TS7006: Parameter 'confidence' implicitly has an 'any' type.
tests/deliveryMatrix.test.ts(33,5): error TS2304: Cannot find name 'expect'.
tests/deliveryMatrix.test.ts(36,3): error TS2582: Cannot find name 'test'. Do you need to install type definitions for a test runner? Try `npm i --save-dev @types/jest` or `npm i --save-dev @types/mocha`.
tests/deliveryMatrix.test.ts(38,5): error TS2304: Cannot find name 'expect'.
tests/deliveryMatrix.test.ts(41,3): error TS2582: Cannot find name 'test'. Do you need to install type definitions for a test runner? Try `npm i --save-dev @types/jest` or `npm i --save-dev @types/mocha`.
tests/deliveryMatrix.test.ts(43,5): error TS2304: Cannot find name 'expect'.
tests/deliveryMatrix.test.ts(46,3): error TS2582: Cannot find name 'test'. Do you need to install type definitions for a test runner? Try `npm i --save-dev @types/jest` or `npm i --save-dev @types/mocha`.
tests/deliveryMatrix.test.ts(51,54): error TS7006: Parameter 'earliestStart' implicitly has an 'any' type.
tests/deliveryMatrix.test.ts(51,69): error TS7006: Parameter 'expected' implicitly has an 'any' type.
tests/deliveryMatrix.test.ts(53,5): error TS2304: Cannot find name 'expect'.
tests/deliveryMatrix.test.ts(56,3): error TS2582: Cannot find name 'test'. Do you need to install type definitions for a test runner? Try `npm i --save-dev @types/jest` or `npm i --save-dev @types/mocha`.
tests/deliveryMatrix.test.ts(58,5): error TS2304: Cannot find name 'expect'.
tests/deliveryMatrix.test.ts(61,3): error TS2582: Cannot find name 'test'. Do you need to install type definitions for a test runner? Try `npm i --save-dev @types/jest` or `npm i --save-dev @types/mocha`.
tests/deliveryMatrix.test.ts(63,5): error TS2304: Cannot find name 'expect'.
tests/deliveryMatrix.test.ts(66,3): error TS2582: Cannot find name 'test'. Do you need to install type definitions for a test runner? Try `npm i --save-dev @types/jest` or `npm i --save-dev @types/mocha`.
tests/deliveryMatrix.test.ts(71,50): error TS7006: Parameter 'value' implicitly has an 'any' type.
tests/deliveryMatrix.test.ts(71,57): error TS7006: Parameter 'mode' implicitly has an 'any' type.
tests/deliveryMatrix.test.ts(72,5): error TS2304: Cannot find name 'expect'.
tests/deliveryPlanning.test.ts(19,1): error TS2582: Cannot find name 'describe'. Do you need to install type definitions for a test runner? Try `npm i --save-dev @types/jest` or `npm i --save-dev @types/mocha`.
tests/deliveryPlanning.test.ts(20,3): error TS2582: Cannot find name 'test'. Do you need to install type definitions for a test runner? Try `npm i --save-dev @types/jest` or `npm i --save-dev @types/mocha`.
tests/deliveryPlanning.test.ts(22,5): error TS2304: Cannot find name 'expect'.
tests/deliveryPlanning.test.ts(23,5): error TS2304: Cannot find name 'expect'.
tests/deliveryPlanning.test.ts(24,5): error TS2304: Cannot find name 'expect'.
tests/deliveryPlanning.test.ts(27,3): error TS2582: Cannot find name 'test'. Do you need to install type definitions for a test runner? Try `npm i --save-dev @types/jest` or `npm i --save-dev @types/mocha`.
tests/deliveryPlanning.test.ts(30,5): error TS2304: Cannot find name 'expect'.
tests/deliveryPlanning.test.ts(31,5): error TS2304: Cannot find name 'expect'.
tests/deliveryPlanning.test.ts(34,3): error TS2582: Cannot find name 'test'. Do you need to install type definitions for a test runner? Try `npm i --save-dev @types/jest` or `npm i --save-dev @types/mocha`.
tests/deliveryPlanning.test.ts(36,5): error TS2304: Cannot find name 'expect'.
tests/deliveryPlanning.test.ts(37,5): error TS2304: Cannot find name 'expect'.
tests/deliveryPlanning.test.ts(40,3): error TS2582: Cannot find name 'test'. Do you need to install type definitions for a test runner? Try `npm i --save-dev @types/jest` or `npm i --save-dev @types/mocha`.
tests/deliveryPlanning.test.ts(42,5): error TS2304: Cannot find name 'expect'.
tests/deliveryPlanning.test.ts(43,5): error TS2304: Cannot find name 'expect'.
tests/deliveryPlanning.test.ts(47,1): error TS2582: Cannot find name 'test'. Do you need to install type definitions for a test runner? Try `npm i --save-dev @types/jest` or `npm i --save-dev @types/mocha`.
tests/deliveryPlanning.test.ts(49,3): error TS2304: Cannot find name 'expect'.
tests/deliveryPlanning.test.ts(50,3): error TS2304: Cannot find name 'expect'.
tests/deliveryPlanning.test.ts(51,3): error TS2304: Cannot find name 'expect'.
tests/deliveryZone.test.ts(7,1): error TS2582: Cannot find name 'describe'. Do you need to install type definitions for a test runner? Try `npm i --save-dev @types/jest` or `npm i --save-dev @types/mocha`.
tests/deliveryZone.test.ts(8,3): error TS2582: Cannot find name 'it'. Do you need to install type definitions for a test runner? Try `npm i --save-dev @types/jest` or `npm i --save-dev @types/mocha`.
tests/deliveryZone.test.ts(10,5): error TS2304: Cannot find name 'expect'.
tests/deliveryZone.test.ts(11,5): error TS2304: Cannot find name 'expect'.
tests/deliveryZone.test.ts(12,5): error TS2304: Cannot find name 'expect'.
tests/deliveryZone.test.ts(13,5): error TS2304: Cannot find name 'expect'.
tests/deliveryZone.test.ts(16,3): error TS2582: Cannot find name 'it'. Do you need to install type definitions for a test runner? Try `npm i --save-dev @types/jest` or `npm i --save-dev @types/mocha`.
tests/deliveryZone.test.ts(18,5): error TS2304: Cannot find name 'expect'.
tests/deliveryZone.test.ts(19,5): error TS2304: Cannot find name 'expect'.
tests/deliveryZone.test.ts(20,5): error TS2304: Cannot find name 'expect'.
tests/deliveryZone.test.ts(23,3): error TS2582: Cannot find name 'it'. Do you need to install type definitions for a test runner? Try `npm i --save-dev @types/jest` or `npm i --save-dev @types/mocha`.
tests/deliveryZone.test.ts(24,5): error TS2304: Cannot find name 'expect'.
tests/deliveryZoneTruth.test.ts(7,1): error TS2582: Cannot find name 'describe'. Do you need to install type definitions for a test runner? Try `npm i --save-dev @types/jest` or `npm i --save-dev @types/mocha`.
tests/deliveryZoneTruth.test.ts(8,3): error TS2582: Cannot find name 'it'. Do you need to install type definitions for a test runner? Try `npm i --save-dev @types/jest` or `npm i --save-dev @types/mocha`.
tests/deliveryZoneTruth.test.ts(10,5): error TS2304: Cannot find name 'expect'.
tests/deliveryZoneTruth.test.ts(11,5): error TS2304: Cannot find name 'expect'.
tests/deliveryZoneTruth.test.ts(12,5): error TS2304: Cannot find name 'expect'.
tests/deliveryZoneTruth.test.ts(13,5): error TS2304: Cannot find name 'expect'.
tests/deliveryZoneTruth.test.ts(14,5): error TS2304: Cannot find name 'expect'.
tests/deliveryZoneTruth.test.ts(17,3): error TS2582: Cannot find name 'it'. Do you need to install type definitions for a test runner? Try `npm i --save-dev @types/jest` or `npm i --save-dev @types/mocha`.
tests/deliveryZoneTruth.test.ts(26,5): error TS2304: Cannot find name 'expect'.
tests/deliveryZoneTruth.test.ts(27,5): error TS2304: Cannot find name 'expect'.
tests/deliveryZoneTruth.test.ts(28,5): error TS2304: Cannot find name 'expect'.
tests/deliveryZoneTruth.test.ts(29,5): error TS2304: Cannot find name 'expect'.
tests/deliveryZoneTruth.test.ts(30,5): error TS2304: Cannot find name 'expect'.
tests/deliveryZoneTruth.test.ts(33,3): error TS2582: Cannot find name 'it'. Do you need to install type definitions for a test runner? Try `npm i --save-dev @types/jest` or `npm i --save-dev @types/mocha`.
tests/deliveryZoneTruth.test.ts(34,5): error TS2304: Cannot find name 'expect'.
tests/engagement.test.ts(70,1): error TS2582: Cannot find name 'describe'. Do you need to install type definitions for a test runner? Try `npm i --save-dev @types/jest` or `npm i --save-dev @types/mocha`.
tests/engagement.test.ts(71,3): error TS2582: Cannot find name 'test'. Do you need to install type definitions for a test runner? Try `npm i --save-dev @types/jest` or `npm i --save-dev @types/mocha`.
tests/engagement.test.ts(77,5): error TS2304: Cannot find name 'expect'.
tests/engagement.test.ts(78,5): error TS2304: Cannot find name 'expect'.
tests/engagement.test.ts(81,3): error TS2582: Cannot find name 'test'. Do you need to install type definitions for a test runner? Try `npm i --save-dev @types/jest` or `npm i --save-dev @types/mocha`.
tests/engagement.test.ts(87,5): error TS2304: Cannot find name 'expect'.
tests/engagement.test.ts(90,3): error TS2582: Cannot find name 'test'. Do you need to install type definitions for a test runner? Try `npm i --save-dev @types/jest` or `npm i --save-dev @types/mocha`.
tests/engagement.test.ts(97,5): error TS2304: Cannot find name 'expect'.
tests/engagement.test.ts(100,3): error TS2582: Cannot find name 'test'. Do you need to install type definitions for a test runner? Try `npm i --save-dev @types/jest` or `npm i --save-dev @types/mocha`.
tests/engagement.test.ts(107,5): error TS2304: Cannot find name 'expect'.
tests/engagement.test.ts(110,3): error TS2582: Cannot find name 'test'. Do you need to install type definitions for a test runner? Try `npm i --save-dev @types/jest` or `npm i --save-dev @types/mocha`.
tests/engagement.test.ts(118,5): error TS2304: Cannot find name 'expect'.
tests/engagement.test.ts(121,3): error TS2582: Cannot find name 'test'. Do you need to install type definitions for a test runner? Try `npm i --save-dev @types/jest` or `npm i --save-dev @types/mocha`.
tests/engagement.test.ts(122,25): error TS2550: Property 'fromEntries' does not exist on type 'ObjectConstructor'. Do you need to change your target library? Try changing the 'lib' compiler option to 'es2019' or later.
tests/engagement.test.ts(123,5): error TS2304: Cannot find name 'expect'.
tests/engagement.test.ts(126,3): error TS2582: Cannot find name 'test'. Do you need to install type definitions for a test runner? Try `npm i --save-dev @types/jest` or `npm i --save-dev @types/mocha`.
tests/engagement.test.ts(127,25): error TS2550: Property 'fromEntries' does not exist on type 'ObjectConstructor'. Do you need to change your target library? Try changing the 'lib' compiler option to 'es2019' or later.
tests/engagement.test.ts(132,5): error TS2304: Cannot find name 'expect'.
tests/engagement.test.ts(135,3): error TS2582: Cannot find name 'test'. Do you need to install type definitions for a test runner? Try `npm i --save-dev @types/jest` or `npm i --save-dev @types/mocha`.
tests/engagement.test.ts(137,5): error TS2304: Cannot find name 'expect'.
tests/engagement.test.ts(140,3): error TS2582: Cannot find name 'test'. Do you need to install type definitions for a test runner? Try `npm i --save-dev @types/jest` or `npm i --save-dev @types/mocha`.
tests/engagement.test.ts(142,5): error TS2304: Cannot find name 'expect'.
tests/engagement.test.ts(145,3): error TS2582: Cannot find name 'test'. Do you need to install type definitions for a test runner? Try `npm i --save-dev @types/jest` or `npm i --save-dev @types/mocha`.
tests/engagement.test.ts(151,5): error TS2304: Cannot find name 'expect'.
tests/engagement.test.ts(154,3): error TS2582: Cannot find name 'test'. Do you need to install type definitions for a test runner? Try `npm i --save-dev @types/jest` or `npm i --save-dev @types/mocha`.
tests/engagement.test.ts(164,5): error TS2304: Cannot find name 'expect'.
tests/engagement.test.ts(165,5): error TS2304: Cannot find name 'expect'.
tests/engagement.test.ts(166,5): error TS2304: Cannot find name 'expect'.
tests/engagement.test.ts(169,3): error TS2582: Cannot find name 'test'. Do you need to install type definitions for a test runner? Try `npm i --save-dev @types/jest` or `npm i --save-dev @types/mocha`.
tests/engagement.test.ts(170,5): error TS2304: Cannot find name 'expect'.
tests/engagement.test.ts(173,3): error TS2582: Cannot find name 'test'. Do you need to install type definitions for a test runner? Try `npm i --save-dev @types/jest` or `npm i --save-dev @types/mocha`.
tests/engagement.test.ts(178,5): error TS2304: Cannot find name 'expect'.
tests/engagement.test.ts(179,5): error TS2304: Cannot find name 'expect'.
tests/engagement.test.ts(180,5): error TS2304: Cannot find name 'expect'.
tests/engagement.test.ts(183,3): error TS2582: Cannot find name 'test'. Do you need to install type definitions for a test runner? Try `npm i --save-dev @types/jest` or `npm i --save-dev @types/mocha`.
tests/engagement.test.ts(184,5): error TS2304: Cannot find name 'expect'.
tests/engagement.test.ts(187,3): error TS2582: Cannot find name 'test'. Do you need to install type definitions for a test runner? Try `npm i --save-dev @types/jest` or `npm i --save-dev @types/mocha`.
tests/engagement.test.ts(191,5): error TS2304: Cannot find name 'expect'.
tests/engagement.test.ts(192,5): error TS2304: Cannot find name 'expect'.
tests/engagement.test.ts(193,5): error TS2304: Cannot find name 'expect'.
tests/engagement.test.ts(196,3): error TS2582: Cannot find name 'test'. Do you need to install type definitions for a test runner? Try `npm i --save-dev @types/jest` or `npm i --save-dev @types/mocha`.
tests/engagement.test.ts(201,5): error TS2304: Cannot find name 'expect'.
tests/engagement.test.ts(204,3): error TS2582: Cannot find name 'test'. Do you need to install type definitions for a test runner? Try `npm i --save-dev @types/jest` or `npm i --save-dev @types/mocha`.
tests/engagement.test.ts(209,5): error TS2304: Cannot find name 'expect'.
tests/engagement.test.ts(212,3): error TS2582: Cannot find name 'test'. Do you need to install type definitions for a test runner? Try `npm i --save-dev @types/jest` or `npm i --save-dev @types/mocha`.
tests/engagement.test.ts(213,5): error TS2304: Cannot find name 'expect'.
tests/engagement.test.ts(216,3): error TS2582: Cannot find name 'test'. Do you need to install type definitions for a test runner? Try `npm i --save-dev @types/jest` or `npm i --save-dev @types/mocha`.
tests/engagement.test.ts(217,5): error TS2304: Cannot find name 'expect'.
tests/engagement.test.ts(218,5): error TS2304: Cannot find name 'expect'.
tests/engagement.test.ts(219,5): error TS2304: Cannot find name 'expect'.
tests/firebaseTokenVerifier.test.ts(15,1): error TS2582: Cannot find name 'describe'. Do you need to install type definitions for a test runner? Try `npm i --save-dev @types/jest` or `npm i --save-dev @types/mocha`.
tests/firebaseTokenVerifier.test.ts(16,3): error TS2304: Cannot find name 'afterEach'.
tests/firebaseTokenVerifier.test.ts(16,19): error TS2304: Cannot find name 'jest'.
tests/firebaseTokenVerifier.test.ts(18,3): error TS2582: Cannot find name 'it'. Do you need to install type definitions for a test runner? Try `npm i --save-dev @types/jest` or `npm i --save-dev @types/mocha`.
tests/firebaseTokenVerifier.test.ts(18,90): error TS2705: An async function or method in ES5 requires the 'Promise' constructor.  Make sure you have a declaration for the 'Promise' constructor or include 'ES2015' in your '--lib' option.
tests/firebaseTokenVerifier.test.ts(19,23): error TS2304: Cannot find name 'jest'.
tests/firebaseTokenVerifier.test.ts(19,34): error TS2304: Cannot find name 'global'.
tests/firebaseTokenVerifier.test.ts(32,11): error TS2304: Cannot find name 'expect'.
tests/firebaseTokenVerifier.test.ts(38,5): error TS2304: Cannot find name 'expect'.
tests/firebaseTokenVerifier.test.ts(40,7): error TS2304: Cannot find name 'expect'.
tests/firebaseTokenVerifier.test.ts(44,3): error TS2582: Cannot find name 'it'. Do you need to install type definitions for a test runner? Try `npm i --save-dev @types/jest` or `npm i --save-dev @types/mocha`.
tests/firebaseTokenVerifier.test.ts(44,43): error TS2705: An async function or method in ES5 requires the 'Promise' constructor.  Make sure you have a declaration for the 'Promise' constructor or include 'ES2015' in your '--lib' option.
tests/firebaseTokenVerifier.test.ts(45,5): error TS2304: Cannot find name 'jest'.
tests/firebaseTokenVerifier.test.ts(45,16): error TS2304: Cannot find name 'global'.
tests/firebaseTokenVerifier.test.ts(50,11): error TS2304: Cannot find name 'expect'.
tests/firebaseTokenVerifier.test.ts(54,3): error TS2582: Cannot find name 'it'. Do you need to install type definitions for a test runner? Try `npm i --save-dev @types/jest` or `npm i --save-dev @types/mocha`.
tests/firebaseTokenVerifier.test.ts(54,56): error TS2705: An async function or method in ES5 requires the 'Promise' constructor.  Make sure you have a declaration for the 'Promise' constructor or include 'ES2015' in your '--lib' option.
tests/firebaseTokenVerifier.test.ts(55,11): error TS2304: Cannot find name 'expect'.
tests/googleAuthMachine.test.ts(1,1): error TS2304: Cannot find name 'jest'.
tests/googleAuthMachine.test.ts(2,27): error TS2304: Cannot find name 'jest'.
tests/googleAuthMachine.test.ts(4,1): error TS2304: Cannot find name 'jest'.
tests/googleAuthMachine.test.ts(6,20): error TS2304: Cannot find name 'jest'.
tests/googleAuthMachine.test.ts(7,14): error TS2304: Cannot find name 'jest'.
tests/googleAuthMachine.test.ts(14,52): error TS2503: Cannot find namespace 'jest'.
tests/googleAuthMachine.test.ts(19,13): error TS2304: Cannot find name 'jest'.
tests/googleAuthMachine.test.ts(20,14): error TS2304: Cannot find name 'jest'.
tests/googleAuthMachine.test.ts(24,1): error TS2582: Cannot find name 'describe'. Do you need to install type definitions for a test runner? Try `npm i --save-dev @types/jest` or `npm i --save-dev @types/mocha`.
tests/googleAuthMachine.test.ts(25,3): error TS2304: Cannot find name 'beforeEach'.
tests/googleAuthMachine.test.ts(25,20): error TS2304: Cannot find name 'jest'.
tests/googleAuthMachine.test.ts(27,3): error TS2582: Cannot find name 'it'. Do you need to install type definitions for a test runner? Try `npm i --save-dev @types/jest` or `npm i --save-dev @types/mocha`.
tests/googleAuthMachine.test.ts(27,61): error TS2705: An async function or method in ES5 requires the 'Promise' constructor.  Make sure you have a declaration for the 'Promise' constructor or include 'ES2015' in your '--lib' option.
tests/googleAuthMachine.test.ts(29,30): error TS2304: Cannot find name 'jest'.
tests/googleAuthMachine.test.ts(40,11): error TS2304: Cannot find name 'expect'.
tests/googleAuthMachine.test.ts(44,5): error TS2304: Cannot find name 'expect'.
tests/googleAuthMachine.test.ts(45,5): error TS2304: Cannot find name 'expect'.
tests/googleAuthMachine.test.ts(48,3): error TS2582: Cannot find name 'it'. Do you need to install type definitions for a test runner? Try `npm i --save-dev @types/jest` or `npm i --save-dev @types/mocha`.
tests/googleAuthMachine.test.ts(48,42): error TS2705: An async function or method in ES5 requires the 'Promise' constructor.  Make sure you have a declaration for the 'Promise' constructor or include 'ES2015' in your '--lib' option.
tests/googleAuthMachine.test.ts(50,51): error TS2585: 'Promise' only refers to a type, but is being used as a value here. Do you need to change your target library? Try changing the 'lib' compiler option to es2015 or later.
tests/googleAuthMachine.test.ts(50,60): error TS7006: Parameter 'resolve' implicitly has an 'any' type.
tests/googleAuthMachine.test.ts(53,30): error TS2304: Cannot find name 'jest'.
tests/googleAuthMachine.test.ts(55,11): error TS2585: 'Promise' only refers to a type, but is being used as a value here. Do you need to change your target library? Try changing the 'lib' compiler option to es2015 or later.
tests/googleAuthMachine.test.ts(56,11): error TS2304: Cannot find name 'expect'.
tests/mapStyle.test.ts(3,1): error TS2582: Cannot find name 'describe'. Do you need to install type definitions for a test runner? Try `npm i --save-dev @types/jest` or `npm i --save-dev @types/mocha`.
tests/mapStyle.test.ts(4,3): error TS2582: Cannot find name 'it'. Do you need to install type definitions for a test runner? Try `npm i --save-dev @types/jest` or `npm i --save-dev @types/mocha`.
tests/mapStyle.test.ts(5,5): error TS2304: Cannot find name 'expect'.
tests/mapStyle.test.ts(6,5): error TS2304: Cannot find name 'expect'.
tests/mapStyle.test.ts(9,3): error TS2582: Cannot find name 'it'. Do you need to install type definitions for a test runner? Try `npm i --save-dev @types/jest` or `npm i --save-dev @types/mocha`.
tests/mapStyle.test.ts(17,5): error TS2304: Cannot find name 'expect'.
tests/mapStyle.test.ts(18,5): error TS2304: Cannot find name 'expect'.
tests/migrations.test.ts(20,1): error TS2582: Cannot find name 'describe'. Do you need to install type definitions for a test runner? Try `npm i --save-dev @types/jest` or `npm i --save-dev @types/mocha`.
tests/migrations.test.ts(21,3): error TS2582: Cannot find name 'test'. Do you need to install type definitions for a test runner? Try `npm i --save-dev @types/jest` or `npm i --save-dev @types/mocha`.
tests/migrations.test.ts(23,5): error TS2304: Cannot find name 'expect'.
tests/migrations.test.ts(24,5): error TS2304: Cannot find name 'expect'.
tests/migrations.test.ts(25,5): error TS2304: Cannot find name 'expect'.
tests/migrations.test.ts(26,5): error TS2304: Cannot find name 'expect'.
tests/migrations.test.ts(29,3): error TS2582: Cannot find name 'test'. Do you need to install type definitions for a test runner? Try `npm i --save-dev @types/jest` or `npm i --save-dev @types/mocha`.
tests/migrations.test.ts(31,5): error TS2304: Cannot find name 'expect'.
tests/migrations.test.ts(32,5): error TS2304: Cannot find name 'expect'.
tests/migrations.test.ts(33,5): error TS2304: Cannot find name 'expect'.
tests/migrations.test.ts(36,3): error TS2582: Cannot find name 'test'. Do you need to install type definitions for a test runner? Try `npm i --save-dev @types/jest` or `npm i --save-dev @types/mocha`.
tests/migrations.test.ts(42,34): error TS7006: Parameter 'startDate' implicitly has an 'any' type.
tests/migrations.test.ts(44,5): error TS2304: Cannot find name 'expect'.
tests/migrations.test.ts(45,5): error TS2304: Cannot find name 'expect'.
tests/migrations.test.ts(48,3): error TS2582: Cannot find name 'test'. Do you need to install type definitions for a test runner? Try `npm i --save-dev @types/jest` or `npm i --save-dev @types/mocha`.
tests/migrations.test.ts(48,84): error TS7006: Parameter 'startDate' implicitly has an 'any' type.
tests/migrations.test.ts(50,5): error TS2304: Cannot find name 'expect'.
tests/migrations.test.ts(53,3): error TS2582: Cannot find name 'test'. Do you need to install type definitions for a test runner? Try `npm i --save-dev @types/jest` or `npm i --save-dev @types/mocha`.
tests/migrations.test.ts(55,5): error TS2304: Cannot find name 'expect'.
tests/migrations.test.ts(58,3): error TS2582: Cannot find name 'test'. Do you need to install type definitions for a test runner? Try `npm i --save-dev @types/jest` or `npm i --save-dev @types/mocha`.
tests/migrations.test.ts(60,5): error TS2304: Cannot find name 'expect'.
tests/migrations.test.ts(61,5): error TS2304: Cannot find name 'expect'.
tests/migrations.test.ts(64,3): error TS2582: Cannot find name 'test'. Do you need to install type definitions for a test runner? Try `npm i --save-dev @types/jest` or `npm i --save-dev @types/mocha`.
tests/migrations.test.ts(66,5): error TS2304: Cannot find name 'expect'.
tests/migrations.test.ts(67,5): error TS2304: Cannot find name 'expect'.
tests/migrations.test.ts(70,3): error TS2582: Cannot find name 'test'. Do you need to install type definitions for a test runner? Try `npm i --save-dev @types/jest` or `npm i --save-dev @types/mocha`.
tests/migrations.test.ts(72,5): error TS2304: Cannot find name 'expect'.
tests/migrations.test.ts(75,3): error TS2582: Cannot find name 'test'. Do you need to install type definitions for a test runner? Try `npm i --save-dev @types/jest` or `npm i --save-dev @types/mocha`.
tests/migrations.test.ts(83,5): error TS2304: Cannot find name 'expect'.
tests/migrations.test.ts(84,5): error TS2304: Cannot find name 'expect'.
tests/migrations.test.ts(85,5): error TS2304: Cannot find name 'expect'.
tests/migrations.test.ts(88,3): error TS2582: Cannot find name 'test'. Do you need to install type definitions for a test runner? Try `npm i --save-dev @types/jest` or `npm i --save-dev @types/mocha`.
tests/migrations.test.ts(91,5): error TS2304: Cannot find name 'expect'.
tests/migrations.test.ts(94,3): error TS2582: Cannot find name 'test'. Do you need to install type definitions for a test runner? Try `npm i --save-dev @types/jest` or `npm i --save-dev @types/mocha`.
tests/migrations.test.ts(97,5): error TS2304: Cannot find name 'expect'.
tests/migrations.test.ts(98,5): error TS2304: Cannot find name 'expect'.
tests/migrations.test.ts(99,5): error TS2304: Cannot find name 'expect'.
tests/moonPhase.test.ts(14,1): error TS2582: Cannot find name 'describe'. Do you need to install type definitions for a test runner? Try `npm i --save-dev @types/jest` or `npm i --save-dev @types/mocha`.
tests/moonPhase.test.ts(15,3): error TS2582: Cannot find name 'it'. Do you need to install type definitions for a test runner? Try `npm i --save-dev @types/jest` or `npm i --save-dev @types/mocha`.
tests/moonPhase.test.ts(17,5): error TS2304: Cannot find name 'expect'.
tests/moonPhase.test.ts(18,5): error TS2304: Cannot find name 'expect'.
tests/moonPhase.test.ts(19,5): error TS2304: Cannot find name 'expect'.
tests/moonPhase.test.ts(20,5): error TS2304: Cannot find name 'expect'.
tests/moonPhase.test.ts(23,3): error TS2582: Cannot find name 'it'. Do you need to install type definitions for a test runner? Try `npm i --save-dev @types/jest` or `npm i --save-dev @types/mocha`.
tests/moonPhase.test.ts(24,5): error TS2304: Cannot find name 'expect'.
tests/moonPhase.test.ts(26,5): error TS2304: Cannot find name 'expect'.
tests/moonPhase.test.ts(27,5): error TS2304: Cannot find name 'expect'.
tests/moonPhase.test.ts(28,5): error TS2304: Cannot find name 'expect'.
tests/moonPhase.test.ts(31,3): error TS2582: Cannot find name 'it'. Do you need to install type definitions for a test runner? Try `npm i --save-dev @types/jest` or `npm i --save-dev @types/mocha`.
tests/moonPhase.test.ts(34,5): error TS2304: Cannot find name 'expect'.
tests/moonPhase.test.ts(35,5): error TS2304: Cannot find name 'expect'.
tests/moonPhase.test.ts(36,5): error TS2304: Cannot find name 'expect'.
tests/moonPhase.test.ts(37,5): error TS2304: Cannot find name 'expect'.
tests/moonPhase.test.ts(40,3): error TS2582: Cannot find name 'it'. Do you need to install type definitions for a test runner? Try `npm i --save-dev @types/jest` or `npm i --save-dev @types/mocha`.
tests/moonPhase.test.ts(43,5): error TS2304: Cannot find name 'expect'.
tests/moonRendering.test.ts(3,1): error TS2582: Cannot find name 'describe'. Do you need to install type definitions for a test runner? Try `npm i --save-dev @types/jest` or `npm i --save-dev @types/mocha`.
tests/moonRendering.test.ts(4,3): error TS2582: Cannot find name 'it'. Do you need to install type definitions for a test runner? Try `npm i --save-dev @types/jest` or `npm i --save-dev @types/mocha`.
tests/moonRendering.test.ts(5,5): error TS2304: Cannot find name 'expect'.
tests/moonRendering.test.ts(6,5): error TS2304: Cannot find name 'expect'.
tests/moonRendering.test.ts(9,3): error TS2582: Cannot find name 'it'. Do you need to install type definitions for a test runner? Try `npm i --save-dev @types/jest` or `npm i --save-dev @types/mocha`.
tests/moonRendering.test.ts(12,5): error TS2304: Cannot find name 'expect'.
tests/moonRendering.test.ts(13,5): error TS2304: Cannot find name 'expect'.
tests/moonRendering.test.ts(14,5): error TS2304: Cannot find name 'expect'.
tests/moonRendering.test.ts(17,3): error TS2582: Cannot find name 'it'. Do you need to install type definitions for a test runner? Try `npm i --save-dev @types/jest` or `npm i --save-dev @types/mocha`.
tests/moonRendering.test.ts(18,5): error TS2304: Cannot find name 'expect'.
tests/moonRendering.test.ts(19,5): error TS2304: Cannot find name 'expect'.
tests/notificationPolicy.test.ts(7,1): error TS2582: Cannot find name 'describe'. Do you need to install type definitions for a test runner? Try `npm i --save-dev @types/jest` or `npm i --save-dev @types/mocha`.
tests/notificationPolicy.test.ts(8,3): error TS2582: Cannot find name 'test'. Do you need to install type definitions for a test runner? Try `npm i --save-dev @types/jest` or `npm i --save-dev @types/mocha`.
tests/notificationPolicy.test.ts(15,5): error TS2304: Cannot find name 'expect'.
tests/notificationPolicy.test.ts(16,5): error TS2304: Cannot find name 'expect'.
tests/notificationPolicy.test.ts(16,16): error TS2583: Cannot find name 'Set'. Do you need to change your target library? Try changing the 'lib' compiler option to 'es2015' or later.
tests/notificationPolicy.test.ts(19,3): error TS2582: Cannot find name 'test'. Do you need to install type definitions for a test runner? Try `npm i --save-dev @types/jest` or `npm i --save-dev @types/mocha`.
tests/notificationPolicy.test.ts(22,5): error TS2304: Cannot find name 'expect'.
tests/notificationPolicy.test.ts(23,5): error TS2304: Cannot find name 'expect'.
tests/notificationPolicy.test.ts(26,3): error TS2582: Cannot find name 'test'. Do you need to install type definitions for a test runner? Try `npm i --save-dev @types/jest` or `npm i --save-dev @types/mocha`.
tests/notificationPolicy.test.ts(29,5): error TS2304: Cannot find name 'expect'.
tests/paperMoonStartupContract.test.ts(1,16): error TS2307: Cannot find module 'node:fs' or its corresponding type declarations.
tests/paperMoonStartupContract.test.ts(3,1): error TS2582: Cannot find name 'describe'. Do you need to install type definitions for a test runner? Try `npm i --save-dev @types/jest` or `npm i --save-dev @types/mocha`.
tests/paperMoonStartupContract.test.ts(11,3): error TS2582: Cannot find name 'it'. Do you need to install type definitions for a test runner? Try `npm i --save-dev @types/jest` or `npm i --save-dev @types/mocha`.
tests/paperMoonStartupContract.test.ts(12,5): error TS2304: Cannot find name 'expect'.
tests/paperMoonStartupContract.test.ts(13,5): error TS2304: Cannot find name 'expect'.
tests/paperMoonStartupContract.test.ts(16,3): error TS2582: Cannot find name 'it'. Do you need to install type definitions for a test runner? Try `npm i --save-dev @types/jest` or `npm i --save-dev @types/mocha`.
tests/paperMoonStartupContract.test.ts(17,5): error TS2304: Cannot find name 'expect'.
tests/paperMoonStartupContract.test.ts(18,5): error TS2304: Cannot find name 'expect'.
tests/paperMoonStartupContract.test.ts(19,5): error TS2304: Cannot find name 'expect'.
tests/paperMoonStartupContract.test.ts(20,5): error TS2304: Cannot find name 'expect'.
tests/paperMoonStartupContract.test.ts(21,5): error TS2304: Cannot find name 'expect'.
tests/paperMoonStartupContract.test.ts(22,5): error TS2304: Cannot find name 'expect'.
tests/paperMoonStartupContract.test.ts(23,5): error TS2304: Cannot find name 'expect'.
tests/paperMoonStartupContract.test.ts(24,5): error TS2304: Cannot find name 'expect'.
tests/paperMoonStartupContract.test.ts(27,3): error TS2582: Cannot find name 'it'. Do you need to install type definitions for a test runner? Try `npm i --save-dev @types/jest` or `npm i --save-dev @types/mocha`.
tests/paperMoonStartupContract.test.ts(28,5): error TS2304: Cannot find name 'expect'.
tests/paperMoonStartupContract.test.ts(29,5): error TS2304: Cannot find name 'expect'.
tests/paperMoonStartupContract.test.ts(30,5): error TS2304: Cannot find name 'expect'.
tests/paperMoonStartupContract.test.ts(31,5): error TS2304: Cannot find name 'expect'.
tests/paperMoonStartupContract.test.ts(32,5): error TS2304: Cannot find name 'expect'.
tests/paperMoonStartupContract.test.ts(33,5): error TS2304: Cannot find name 'expect'.
tests/paperMoonStartupContract.test.ts(34,5): error TS2304: Cannot find name 'expect'.
tests/paperMoonStartupContract.test.ts(35,5): error TS2304: Cannot find name 'expect'.
tests/paperMoonStartupContract.test.ts(36,5): error TS2304: Cannot find name 'expect'.
tests/paperMoonStartupContract.test.ts(37,5): error TS2304: Cannot find name 'expect'.
tests/paperMoonStartupContract.test.ts(38,5): error TS2304: Cannot find name 'expect'.
tests/paperMoonStartupContract.test.ts(39,5): error TS2304: Cannot find name 'expect'.
tests/paperMoonStartupContract.test.ts(40,5): error TS2304: Cannot find name 'expect'.
tests/paperMoonStartupContract.test.ts(41,5): error TS2304: Cannot find name 'expect'.
tests/paperMoonStartupContract.test.ts(44,3): error TS2582: Cannot find name 'it'. Do you need to install type definitions for a test runner? Try `npm i --save-dev @types/jest` or `npm i --save-dev @types/mocha`.
tests/paperMoonStartupContract.test.ts(45,5): error TS2304: Cannot find name 'expect'.
tests/paperMoonStartupContract.test.ts(46,5): error TS2304: Cannot find name 'expect'.
tests/paperMoonStartupContract.test.ts(47,5): error TS2304: Cannot find name 'expect'.
tests/paperMoonStartupContract.test.ts(48,5): error TS2304: Cannot find name 'expect'.
tests/paperMoonStartupContract.test.ts(51,3): error TS2582: Cannot find name 'it'. Do you need to install type definitions for a test runner? Try `npm i --save-dev @types/jest` or `npm i --save-dev @types/mocha`.
tests/paperMoonStartupContract.test.ts(52,5): error TS2304: Cannot find name 'expect'.
tests/paperMoonStartupContract.test.ts(53,5): error TS2304: Cannot find name 'expect'.
tests/paperMoonStartupContract.test.ts(54,5): error TS2304: Cannot find name 'expect'.
tests/paperMoonStartupContract.test.ts(55,5): error TS2304: Cannot find name 'expect'.
tests/paperMoonStartupContract.test.ts(56,5): error TS2304: Cannot find name 'expect'.
tests/paperMoonStartupContract.test.ts(57,5): error TS2304: Cannot find name 'expect'.
tests/paperMoonStartupContract.test.ts(60,3): error TS2582: Cannot find name 'it'. Do you need to install type definitions for a test runner? Try `npm i --save-dev @types/jest` or `npm i --save-dev @types/mocha`.
tests/paperMoonStartupContract.test.ts(63,5): error TS2304: Cannot find name 'expect'.
tests/paperMoonStartupContract.test.ts(66,3): error TS2582: Cannot find name 'it'. Do you need to install type definitions for a test runner? Try `npm i --save-dev @types/jest` or `npm i --save-dev @types/mocha`.
tests/paperMoonStartupContract.test.ts(67,5): error TS2304: Cannot find name 'expect'.
tests/paperMoonStartupContract.test.ts(68,5): error TS2304: Cannot find name 'expect'.
tests/payment.test.ts(3,1): error TS2582: Cannot find name 'describe'. Do you need to install type definitions for a test runner? Try `npm i --save-dev @types/jest` or `npm i --save-dev @types/mocha`.
tests/payment.test.ts(4,3): error TS2582: Cannot find name 'test'. Do you need to install type definitions for a test runner? Try `npm i --save-dev @types/jest` or `npm i --save-dev @types/mocha`.
tests/payment.test.ts(4,53): error TS2705: An async function or method in ES5 requires the 'Promise' constructor.  Make sure you have a declaration for the 'Promise' constructor or include 'ES2015' in your '--lib' option.
tests/payment.test.ts(7,5): error TS2304: Cannot find name 'expect'.
tests/payment.test.ts(8,5): error TS2304: Cannot find name 'expect'.
tests/payment.test.ts(9,5): error TS2304: Cannot find name 'expect'.
tests/payment.test.ts(12,3): error TS2582: Cannot find name 'test'. Do you need to install type definitions for a test runner? Try `npm i --save-dev @types/jest` or `npm i --save-dev @types/mocha`.
tests/payment.test.ts(12,95): error TS2705: An async function or method in ES5 requires the 'Promise' constructor.  Make sure you have a declaration for the 'Promise' constructor or include 'ES2015' in your '--lib' option.
tests/payment.test.ts(12,102): error TS7006: Parameter 'amountMinor' implicitly has an 'any' type.
tests/payment.test.ts(14,11): error TS2304: Cannot find name 'expect'.
tests/payment.test.ts(17,3): error TS2582: Cannot find name 'test'. Do you need to install type definitions for a test runner? Try `npm i --save-dev @types/jest` or `npm i --save-dev @types/mocha`.
tests/payment.test.ts(17,40): error TS2705: An async function or method in ES5 requires the 'Promise' constructor.  Make sure you have a declaration for the 'Promise' constructor or include 'ES2015' in your '--lib' option.
tests/payment.test.ts(20,5): error TS2304: Cannot find name 'expect'.
tests/payment.test.ts(21,5): error TS2304: Cannot find name 'expect'.
tests/payment.test.ts(22,5): error TS2304: Cannot find name 'expect'.
tests/payment.test.ts(25,3): error TS2582: Cannot find name 'test'. Do you need to install type definitions for a test runner? Try `npm i --save-dev @types/jest` or `npm i --save-dev @types/mocha`.
tests/payment.test.ts(25,42): error TS2705: An async function or method in ES5 requires the 'Promise' constructor.  Make sure you have a declaration for the 'Promise' constructor or include 'ES2015' in your '--lib' option.
tests/payment.test.ts(28,5): error TS2304: Cannot find name 'expect'.
tests/payment.test.ts(31,3): error TS2582: Cannot find name 'test'. Do you need to install type definitions for a test runner? Try `npm i --save-dev @types/jest` or `npm i --save-dev @types/mocha`.
tests/payment.test.ts(31,47): error TS2705: An async function or method in ES5 requires the 'Promise' constructor.  Make sure you have a declaration for the 'Promise' constructor or include 'ES2015' in your '--lib' option.
tests/payment.test.ts(35,5): error TS2304: Cannot find name 'expect'.
tests/payment.test.ts(36,5): error TS2304: Cannot find name 'expect'.
tests/payment.test.ts(39,3): error TS2582: Cannot find name 'test'. Do you need to install type definitions for a test runner? Try `npm i --save-dev @types/jest` or `npm i --save-dev @types/mocha`.
tests/payment.test.ts(39,48): error TS2705: An async function or method in ES5 requires the 'Promise' constructor.  Make sure you have a declaration for the 'Promise' constructor or include 'ES2015' in your '--lib' option.
tests/payment.test.ts(43,5): error TS2304: Cannot find name 'expect'.
tests/payment.test.ts(44,5): error TS2304: Cannot find name 'expect'.
tests/payment.test.ts(47,3): error TS2582: Cannot find name 'test'. Do you need to install type definitions for a test runner? Try `npm i --save-dev @types/jest` or `npm i --save-dev @types/mocha`.
tests/payment.test.ts(47,38): error TS2705: An async function or method in ES5 requires the 'Promise' constructor.  Make sure you have a declaration for the 'Promise' constructor or include 'ES2015' in your '--lib' option.
tests/payment.test.ts(52,5): error TS2304: Cannot find name 'expect'.
tests/payment.test.ts(55,3): error TS2582: Cannot find name 'test'. Do you need to install type definitions for a test runner? Try `npm i --save-dev @types/jest` or `npm i --save-dev @types/mocha`.
tests/payment.test.ts(55,34): error TS2705: An async function or method in ES5 requires the 'Promise' constructor.  Make sure you have a declaration for the 'Promise' constructor or include 'ES2015' in your '--lib' option.
tests/payment.test.ts(57,11): error TS2304: Cannot find name 'expect'.
tests/payment.test.ts(60,3): error TS2582: Cannot find name 'test'. Do you need to install type definitions for a test runner? Try `npm i --save-dev @types/jest` or `npm i --save-dev @types/mocha`.
tests/payment.test.ts(60,34): error TS2705: An async function or method in ES5 requires the 'Promise' constructor.  Make sure you have a declaration for the 'Promise' constructor or include 'ES2015' in your '--lib' option.
tests/payment.test.ts(63,11): error TS2304: Cannot find name 'expect'.
tests/payment.test.ts(66,3): error TS2582: Cannot find name 'test'. Do you need to install type definitions for a test runner? Try `npm i --save-dev @types/jest` or `npm i --save-dev @types/mocha`.
tests/payment.test.ts(66,32): error TS2705: An async function or method in ES5 requires the 'Promise' constructor.  Make sure you have a declaration for the 'Promise' constructor or include 'ES2015' in your '--lib' option.
tests/payment.test.ts(69,11): error TS2304: Cannot find name 'expect'.
tests/payment.test.ts(70,11): error TS2304: Cannot find name 'expect'.
tests/payment.test.ts(73,3): error TS2582: Cannot find name 'test'. Do you need to install type definitions for a test runner? Try `npm i --save-dev @types/jest` or `npm i --save-dev @types/mocha`.
tests/payment.test.ts(73,45): error TS2705: An async function or method in ES5 requires the 'Promise' constructor.  Make sure you have a declaration for the 'Promise' constructor or include 'ES2015' in your '--lib' option.
tests/payment.test.ts(78,5): error TS2304: Cannot find name 'expect'.
tests/payment.test.ts(79,5): error TS2304: Cannot find name 'expect'.
tests/payment.test.ts(82,3): error TS2582: Cannot find name 'test'. Do you need to install type definitions for a test runner? Try `npm i --save-dev @types/jest` or `npm i --save-dev @types/mocha`.
tests/payment.test.ts(82,50): error TS2705: An async function or method in ES5 requires the 'Promise' constructor.  Make sure you have a declaration for the 'Promise' constructor or include 'ES2015' in your '--lib' option.
tests/payment.test.ts(87,5): error TS2304: Cannot find name 'expect'.
tests/payment.test.ts(88,5): error TS2304: Cannot find name 'expect'.
tests/payment.test.ts(91,3): error TS2582: Cannot find name 'test'. Do you need to install type definitions for a test runner? Try `npm i --save-dev @types/jest` or `npm i --save-dev @types/mocha`.
tests/payment.test.ts(91,64): error TS2705: An async function or method in ES5 requires the 'Promise' constructor.  Make sure you have a declaration for the 'Promise' constructor or include 'ES2015' in your '--lib' option.
tests/payment.test.ts(91,71): error TS7006: Parameter 'amountMinor' implicitly has an 'any' type.
tests/payment.test.ts(95,11): error TS2304: Cannot find name 'expect'.
tests/payment.test.ts(98,3): error TS2582: Cannot find name 'test'. Do you need to install type definitions for a test runner? Try `npm i --save-dev @types/jest` or `npm i --save-dev @types/mocha`.
tests/payment.test.ts(98,50): error TS2705: An async function or method in ES5 requires the 'Promise' constructor.  Make sure you have a declaration for the 'Promise' constructor or include 'ES2015' in your '--lib' option.
tests/payment.test.ts(101,11): error TS2304: Cannot find name 'expect'.
tests/predictionAccuracy.test.ts(23,1): error TS2582: Cannot find name 'describe'. Do you need to install type definitions for a test runner? Try `npm i --save-dev @types/jest` or `npm i --save-dev @types/mocha`.
tests/predictionAccuracy.test.ts(24,3): error TS2582: Cannot find name 'test'. Do you need to install type definitions for a test runner? Try `npm i --save-dev @types/jest` or `npm i --save-dev @types/mocha`.
tests/predictionAccuracy.test.ts(30,35): error TS7006: Parameter 'actual' implicitly has an 'any' type.
tests/predictionAccuracy.test.ts(30,43): error TS7006: Parameter 'error' implicitly has an 'any' type.
tests/predictionAccuracy.test.ts(30,50): error TS7006: Parameter 'inside' implicitly has an 'any' type.
tests/predictionAccuracy.test.ts(32,5): error TS2304: Cannot find name 'expect'.
tests/predictionAccuracy.test.ts(33,5): error TS2304: Cannot find name 'expect'.
tests/predictionAccuracy.test.ts(36,3): error TS2582: Cannot find name 'test'. Do you need to install type definitions for a test runner? Try `npm i --save-dev @types/jest` or `npm i --save-dev @types/mocha`.
tests/predictionAccuracy.test.ts(41,52): error TS7006: Parameter 'patch' implicitly has an 'any' type.
tests/predictionAccuracy.test.ts(42,5): error TS2304: Cannot find name 'expect'.
tests/predictionAccuracy.test.ts(45,3): error TS2582: Cannot find name 'test'. Do you need to install type definitions for a test runner? Try `npm i --save-dev @types/jest` or `npm i --save-dev @types/mocha`.
tests/predictionAccuracy.test.ts(46,5): error TS2304: Cannot find name 'expect'.
tests/predictionAccuracy.test.ts(49,3): error TS2582: Cannot find name 'test'. Do you need to install type definitions for a test runner? Try `npm i --save-dev @types/jest` or `npm i --save-dev @types/mocha`.
tests/predictionAccuracy.test.ts(56,5): error TS2304: Cannot find name 'expect'.
tests/predictionAccuracy.test.ts(57,5): error TS2304: Cannot find name 'expect'.
tests/predictionAccuracy.test.ts(58,5): error TS2304: Cannot find name 'expect'.
tests/predictionAccuracy.test.ts(61,3): error TS2582: Cannot find name 'test'. Do you need to install type definitions for a test runner? Try `npm i --save-dev @types/jest` or `npm i --save-dev @types/mocha`.
tests/predictionAccuracy.test.ts(62,49): error TS2550: Property 'from' does not exist on type 'ArrayConstructor'. Do you need to change your target library? Try changing the 'lib' compiler option to 'es2015' or later.
tests/predictionAccuracy.test.ts(62,71): error TS7006: Parameter '_' implicitly has an 'any' type.
tests/predictionAccuracy.test.ts(62,74): error TS7006: Parameter 'index' implicitly has an 'any' type.
tests/predictionAccuracy.test.ts(72,49): error TS2550: Property 'padStart' does not exist on type 'string'. Do you need to change your target library? Try changing the 'lib' compiler option to 'es2017' or later.
tests/predictionAccuracy.test.ts(75,5): error TS2304: Cannot find name 'expect'.
tests/predictionAccuracy.test.ts(76,5): error TS2304: Cannot find name 'expect'.
tests/productAnalytics.test.ts(7,1): error TS2582: Cannot find name 'describe'. Do you need to install type definitions for a test runner? Try `npm i --save-dev @types/jest` or `npm i --save-dev @types/mocha`.
tests/productAnalytics.test.ts(8,3): error TS2304: Cannot find name 'afterEach'.
tests/productAnalytics.test.ts(10,3): error TS2582: Cannot find name 'test'. Do you need to install type definitions for a test runner? Try `npm i --save-dev @types/jest` or `npm i --save-dev @types/mocha`.
tests/productAnalytics.test.ts(11,5): error TS2304: Cannot find name 'expect'.
tests/productAnalytics.test.ts(21,3): error TS2582: Cannot find name 'test'. Do you need to install type definitions for a test runner? Try `npm i --save-dev @types/jest` or `npm i --save-dev @types/mocha`.
tests/productAnalytics.test.ts(21,71): error TS2705: An async function or method in ES5 requires the 'Promise' constructor.  Make sure you have a declaration for the 'Promise' constructor or include 'ES2015' in your '--lib' option.
tests/productAnalytics.test.ts(22,11): error TS2304: Cannot find name 'expect'.
tests/productAnalytics.test.ts(25,3): error TS2582: Cannot find name 'test'. Do you need to install type definitions for a test runner? Try `npm i --save-dev @types/jest` or `npm i --save-dev @types/mocha`.
tests/productAnalytics.test.ts(25,58): error TS2705: An async function or method in ES5 requires the 'Promise' constructor.  Make sure you have a declaration for the 'Promise' constructor or include 'ES2015' in your '--lib' option.
tests/productAnalytics.test.ts(31,5): error TS2304: Cannot find name 'expect'.
tests/productAnalytics.test.ts(32,5): error TS2304: Cannot find name 'expect'.
tests/productTrustBackendContracts.test.ts(1,16): error TS2307: Cannot find module 'node:fs' or its corresponding type declarations.
tests/productTrustBackendContracts.test.ts(2,18): error TS2307: Cannot find module 'node:path' or its corresponding type declarations.
tests/productTrustBackendContracts.test.ts(3,49): error TS2580: Cannot find name 'require'. Do you need to install type definitions for node? Try `npm i --save-dev @types/node`.
tests/productTrustBackendContracts.test.ts(5,27): error TS2304: Cannot find name '__dirname'.
tests/productTrustBackendContracts.test.ts(8,1): error TS2582: Cannot find name 'describe'. Do you need to install type definitions for a test runner? Try `npm i --save-dev @types/jest` or `npm i --save-dev @types/mocha`.
tests/productTrustBackendContracts.test.ts(9,3): error TS2582: Cannot find name 'test'. Do you need to install type definitions for a test runner? Try `npm i --save-dev @types/jest` or `npm i --save-dev @types/mocha`.
tests/productTrustBackendContracts.test.ts(12,5): error TS2304: Cannot find name 'expect'.
tests/productTrustBackendContracts.test.ts(13,5): error TS2304: Cannot find name 'expect'.
tests/productTrustBackendContracts.test.ts(14,5): error TS2304: Cannot find name 'expect'.
tests/productTrustBackendContracts.test.ts(15,5): error TS2304: Cannot find name 'expect'.
tests/productTrustBackendContracts.test.ts(16,5): error TS2304: Cannot find name 'expect'.
tests/productTrustBackendContracts.test.ts(17,5): error TS2304: Cannot find name 'expect'.
tests/productTrustBackendContracts.test.ts(20,3): error TS2582: Cannot find name 'test'. Do you need to install type definitions for a test runner? Try `npm i --save-dev @types/jest` or `npm i --save-dev @types/mocha`.
tests/productTrustBackendContracts.test.ts(22,5): error TS2304: Cannot find name 'expect'.
tests/productTrustBackendContracts.test.ts(23,5): error TS2304: Cannot find name 'expect'.
tests/productTrustBackendContracts.test.ts(24,5): error TS2304: Cannot find name 'expect'.
tests/productTrustBackendContracts.test.ts(25,5): error TS2304: Cannot find name 'expect'.
tests/productTrustBackendContracts.test.ts(26,5): error TS2304: Cannot find name 'expect'.
tests/productTrustBackendContracts.test.ts(27,5): error TS2304: Cannot find name 'expect'.
tests/productTrustBackendContracts.test.ts(30,3): error TS2582: Cannot find name 'test'. Do you need to install type definitions for a test runner? Try `npm i --save-dev @types/jest` or `npm i --save-dev @types/mocha`.
tests/productTrustBackendContracts.test.ts(33,5): error TS2304: Cannot find name 'expect'.
tests/productTrustBackendContracts.test.ts(34,5): error TS2304: Cannot find name 'expect'.
tests/productTrustBackendContracts.test.ts(35,5): error TS2304: Cannot find name 'expect'.
tests/productTrustBackendContracts.test.ts(36,5): error TS2304: Cannot find name 'expect'.
tests/productTrustRebuild.test.ts(1,16): error TS2307: Cannot find module 'node:fs' or its corresponding type declarations.
tests/productTrustRebuild.test.ts(2,18): error TS2307: Cannot find module 'node:path' or its corresponding type declarations.
tests/productTrustRebuild.test.ts(4,27): error TS2304: Cannot find name '__dirname'.
tests/productTrustRebuild.test.ts(7,1): error TS2582: Cannot find name 'describe'. Do you need to install type definitions for a test runner? Try `npm i --save-dev @types/jest` or `npm i --save-dev @types/mocha`.
tests/productTrustRebuild.test.ts(8,3): error TS2582: Cannot find name 'test'. Do you need to install type definitions for a test runner? Try `npm i --save-dev @types/jest` or `npm i --save-dev @types/mocha`.
tests/productTrustRebuild.test.ts(11,5): error TS2304: Cannot find name 'expect'.
tests/productTrustRebuild.test.ts(12,5): error TS2304: Cannot find name 'expect'.
tests/productTrustRebuild.test.ts(13,5): error TS2304: Cannot find name 'expect'.
tests/productTrustRebuild.test.ts(14,5): error TS2304: Cannot find name 'expect'.
tests/productTrustRebuild.test.ts(15,5): error TS2304: Cannot find name 'expect'.
tests/productTrustRebuild.test.ts(16,5): error TS2304: Cannot find name 'expect'.
tests/productTrustRebuild.test.ts(17,5): error TS2304: Cannot find name 'expect'.
tests/productTrustRebuild.test.ts(18,5): error TS2304: Cannot find name 'expect'.
tests/productTrustRebuild.test.ts(21,3): error TS2582: Cannot find name 'test'. Do you need to install type definitions for a test runner? Try `npm i --save-dev @types/jest` or `npm i --save-dev @types/mocha`.
tests/productTrustRebuild.test.ts(24,5): error TS2304: Cannot find name 'expect'.
tests/productTrustRebuild.test.ts(25,5): error TS2304: Cannot find name 'expect'.
tests/productTrustRebuild.test.ts(26,5): error TS2304: Cannot find name 'expect'.
tests/productTrustRebuild.test.ts(27,5): error TS2304: Cannot find name 'expect'.
tests/productTrustRebuild.test.ts(28,5): error TS2304: Cannot find name 'expect'.
tests/productTrustRebuild.test.ts(29,5): error TS2304: Cannot find name 'expect'.
tests/productTrustRebuild.test.ts(32,3): error TS2582: Cannot find name 'test'. Do you need to install type definitions for a test runner? Try `npm i --save-dev @types/jest` or `npm i --save-dev @types/mocha`.
tests/productTrustRebuild.test.ts(36,5): error TS2304: Cannot find name 'expect'.
tests/productTrustRebuild.test.ts(37,5): error TS2304: Cannot find name 'expect'.
tests/productTrustRebuild.test.ts(38,5): error TS2304: Cannot find name 'expect'.
tests/productTrustRebuild.test.ts(39,5): error TS2304: Cannot find name 'expect'.
tests/productTrustRebuild.test.ts(40,5): error TS2304: Cannot find name 'expect'.
tests/productTrustRebuild.test.ts(42,5): error TS2304: Cannot find name 'expect'.
tests/productTrustRebuild.test.ts(43,5): error TS2304: Cannot find name 'expect'.
tests/productTrustRebuild.test.ts(44,5): error TS2304: Cannot find name 'expect'.
tests/productTrustRebuild.test.ts(45,5): error TS2304: Cannot find name 'expect'.
tests/productTrustRebuild.test.ts(48,3): error TS2582: Cannot find name 'test'. Do you need to install type definitions for a test runner? Try `npm i --save-dev @types/jest` or `npm i --save-dev @types/mocha`.
tests/productTrustRebuild.test.ts(50,5): error TS2304: Cannot find name 'expect'.
tests/productTrustRebuild.test.ts(51,5): error TS2304: Cannot find name 'expect'.
tests/productTrustRebuild.test.ts(52,5): error TS2304: Cannot find name 'expect'.
tests/productTrustRebuild.test.ts(55,3): error TS2582: Cannot find name 'test'. Do you need to install type definitions for a test runner? Try `npm i --save-dev @types/jest` or `npm i --save-dev @types/mocha`.
tests/productTrustRebuild.test.ts(56,5): error TS2304: Cannot find name 'expect'.
tests/productTrustRebuild.test.ts(58,5): error TS2304: Cannot find name 'expect'.
tests/productTrustRebuild.test.ts(59,5): error TS2304: Cannot find name 'expect'.
tests/productTrustRebuild.test.ts(60,5): error TS2304: Cannot find name 'expect'.
tests/productTrustRebuild.test.ts(62,3): error TS2582: Cannot find name 'test'. Do you need to install type definitions for a test runner? Try `npm i --save-dev @types/jest` or `npm i --save-dev @types/mocha`.
tests/productTrustRebuild.test.ts(65,5): error TS2304: Cannot find name 'expect'.
tests/productTrustRebuild.test.ts(66,5): error TS2304: Cannot find name 'expect'.
tests/productTrustRebuild.test.ts(67,5): error TS2304: Cannot find name 'expect'.
tests/productTrustRebuild.test.ts(68,5): error TS2304: Cannot find name 'expect'.
tests/productTrustRebuild.test.ts(69,5): error TS2304: Cannot find name 'expect'.
tests/productTrustRebuild.test.ts(70,5): error TS2304: Cannot find name 'expect'.
tests/productTrustRebuild.test.ts(71,5): error TS2304: Cannot find name 'expect'.
tests/productTrustRebuild.test.ts(74,3): error TS2582: Cannot find name 'test'. Do you need to install type definitions for a test runner? Try `npm i --save-dev @types/jest` or `npm i --save-dev @types/mocha`.
tests/productTrustRebuild.test.ts(78,5): error TS2304: Cannot find name 'expect'.
tests/productTrustRebuild.test.ts(79,5): error TS2304: Cannot find name 'expect'.
tests/productTrustRebuild.test.ts(80,5): error TS2304: Cannot find name 'expect'.
tests/productTrustRebuild.test.ts(81,5): error TS2304: Cannot find name 'expect'.
tests/productTrustRebuild.test.ts(82,5): error TS2304: Cannot find name 'expect'.
tests/productTrustRebuild.test.ts(85,3): error TS2582: Cannot find name 'test'. Do you need to install type definitions for a test runner? Try `npm i --save-dev @types/jest` or `npm i --save-dev @types/mocha`.
tests/productTrustRebuild.test.ts(88,5): error TS2304: Cannot find name 'expect'.
tests/productTrustRebuild.test.ts(89,5): error TS2304: Cannot find name 'expect'.
tests/productTrustRebuild.test.ts(90,5): error TS2304: Cannot find name 'expect'.
tests/productTrustRebuild.test.ts(91,5): error TS2304: Cannot find name 'expect'.
tests/productTrustRebuild.test.ts(92,5): error TS2304: Cannot find name 'expect'.
tests/productTrustRebuild.test.ts(93,5): error TS2304: Cannot find name 'expect'.
tests/productTrustRebuild.test.ts(97,3): error TS2582: Cannot find name 'test'. Do you need to install type definitions for a test runner? Try `npm i --save-dev @types/jest` or `npm i --save-dev @types/mocha`.
tests/productTrustRebuild.test.ts(99,5): error TS2304: Cannot find name 'expect'.
tests/productTrustRebuild.test.ts(100,5): error TS2304: Cannot find name 'expect'.
tests/productTrustRebuild.test.ts(101,5): error TS2304: Cannot find name 'expect'.
tests/productTrustRebuild.test.ts(102,5): error TS2304: Cannot find name 'expect'.
tests/productTrustRebuild.test.ts(103,5): error TS2304: Cannot find name 'expect'.
tests/productTrustRebuild.test.ts(104,5): error TS2304: Cannot find name 'expect'.
tests/productTrustRebuild.test.ts(107,3): error TS2582: Cannot find name 'test'. Do you need to install type definitions for a test runner? Try `npm i --save-dev @types/jest` or `npm i --save-dev @types/mocha`.
tests/productTrustRebuild.test.ts(109,5): error TS2304: Cannot find name 'expect'.
tests/productTrustRebuild.test.ts(110,5): error TS2304: Cannot find name 'expect'.
tests/productTrustRebuild.test.ts(111,5): error TS2304: Cannot find name 'expect'.
tests/productTrustRebuild.test.ts(112,5): error TS2304: Cannot find name 'expect'.
tests/productTrustRebuild.test.ts(113,5): error TS2304: Cannot find name 'expect'.
tests/productTrustRebuild.test.ts(114,5): error TS2304: Cannot find name 'expect'.
tests/productTrustRebuild.test.ts(117,3): error TS2582: Cannot find name 'test'. Do you need to install type definitions for a test runner? Try `npm i --save-dev @types/jest` or `npm i --save-dev @types/mocha`.
tests/productTrustRebuild.test.ts(119,5): error TS2304: Cannot find name 'expect'.
tests/productTrustRebuild.test.ts(120,5): error TS2304: Cannot find name 'expect'.
tests/productTrustRebuild.test.ts(121,5): error TS2304: Cannot find name 'expect'.
tests/productTrustRebuild.test.ts(122,5): error TS2304: Cannot find name 'expect'.
tests/productTrustRebuild.test.ts(123,5): error TS2304: Cannot find name 'expect'.
tests/productTrustRebuild.test.ts(126,3): error TS2582: Cannot find name 'test'. Do you need to install type definitions for a test runner? Try `npm i --save-dev @types/jest` or `npm i --save-dev @types/mocha`.
tests/productTrustRebuild.test.ts(128,5): error TS2304: Cannot find name 'expect'.
tests/productTrustRebuild.test.ts(129,5): error TS2304: Cannot find name 'expect'.
tests/redisConnection.test.ts(3,1): error TS2582: Cannot find name 'describe'. Do you need to install type definitions for a test runner? Try `npm i --save-dev @types/jest` or `npm i --save-dev @types/mocha`.
tests/redisConnection.test.ts(4,3): error TS2582: Cannot find name 'test'. Do you need to install type definitions for a test runner? Try `npm i --save-dev @types/jest` or `npm i --save-dev @types/mocha`.
tests/redisConnection.test.ts(5,5): error TS2304: Cannot find name 'expect'.
tests/redisConnection.test.ts(15,3): error TS2582: Cannot find name 'test'. Do you need to install type definitions for a test runner? Try `npm i --save-dev @types/jest` or `npm i --save-dev @types/mocha`.
tests/redisConnection.test.ts(16,5): error TS2304: Cannot find name 'expect'.
tests/redisConnection.test.ts(26,3): error TS2582: Cannot find name 'test'. Do you need to install type definitions for a test runner? Try `npm i --save-dev @types/jest` or `npm i --save-dev @types/mocha`.
tests/redisConnection.test.ts(27,5): error TS2304: Cannot find name 'expect'.
tests/redisConnection.test.ts(28,5): error TS2304: Cannot find name 'expect'.
tests/secureStorageTimeoutPolicy.test.ts(1,16): error TS2307: Cannot find module 'node:fs' or its corresponding type declarations.
tests/secureStorageTimeoutPolicy.test.ts(2,18): error TS2307: Cannot find module 'node:path' or its corresponding type declarations.
tests/secureStorageTimeoutPolicy.test.ts(4,1): error TS2582: Cannot find name 'describe'. Do you need to install type definitions for a test runner? Try `npm i --save-dev @types/jest` or `npm i --save-dev @types/mocha`.
tests/secureStorageTimeoutPolicy.test.ts(5,44): error TS2580: Cannot find name 'process'. Do you need to install type definitions for node? Try `npm i --save-dev @types/node`.
tests/secureStorageTimeoutPolicy.test.ts(7,3): error TS2582: Cannot find name 'test'. Do you need to install type definitions for a test runner? Try `npm i --save-dev @types/jest` or `npm i --save-dev @types/mocha`.
tests/secureStorageTimeoutPolicy.test.ts(8,5): error TS2304: Cannot find name 'expect'.
tests/secureStorageTimeoutPolicy.test.ts(9,5): error TS2304: Cannot find name 'expect'.
tests/secureStorageTimeoutPolicy.test.ts(12,3): error TS2582: Cannot find name 'test'. Do you need to install type definitions for a test runner? Try `npm i --save-dev @types/jest` or `npm i --save-dev @types/mocha`.
tests/secureStorageTimeoutPolicy.test.ts(15,5): error TS2304: Cannot find name 'expect'.
tests/secureStorageTimeoutPolicy.test.ts(16,5): error TS2304: Cannot find name 'expect'.
tests/serverPaymentProvider.test.ts(3,1): error TS2582: Cannot find name 'describe'. Do you need to install type definitions for a test runner? Try `npm i --save-dev @types/jest` or `npm i --save-dev @types/mocha`.
tests/serverPaymentProvider.test.ts(4,3): error TS2582: Cannot find name 'test'. Do you need to install type definitions for a test runner? Try `npm i --save-dev @types/jest` or `npm i --save-dev @types/mocha`.
tests/serverPaymentProvider.test.ts(5,5): error TS2304: Cannot find name 'expect'.
tests/serverPaymentProvider.test.ts(8,3): error TS2582: Cannot find name 'test'. Do you need to install type definitions for a test runner? Try `npm i --save-dev @types/jest` or `npm i --save-dev @types/mocha`.
tests/serverPaymentProvider.test.ts(8,83): error TS2705: An async function or method in ES5 requires the 'Promise' constructor.  Make sure you have a declaration for the 'Promise' constructor or include 'ES2015' in your '--lib' option.
tests/serverPaymentProvider.test.ts(10,5): error TS2304: Cannot find name 'expect'.
tests/serverPaymentProvider.test.ts(12,5): error TS2304: Cannot find name 'expect'.
tests/serverPaymentProvider.test.ts(14,5): error TS2304: Cannot find name 'expect'.
tests/serverPaymentProvider.test.ts(17,3): error TS2582: Cannot find name 'test'. Do you need to install type definitions for a test runner? Try `npm i --save-dev @types/jest` or `npm i --save-dev @types/mocha`.
tests/serverPaymentProvider.test.ts(19,20): error TS2580: Cannot find name 'require'. Do you need to install type definitions for node? Try `npm i --save-dev @types/node`.
tests/serverPaymentProvider.test.ts(22,5): error TS2304: Cannot find name 'expect'.
tests/serverPaymentProvider.test.ts(23,5): error TS2304: Cannot find name 'expect'.
tests/startupGate.test.ts(9,1): error TS2582: Cannot find name 'describe'. Do you need to install type definitions for a test runner? Try `npm i --save-dev @types/jest` or `npm i --save-dev @types/mocha`.
tests/startupGate.test.ts(10,3): error TS2304: Cannot find name 'afterEach'.
tests/startupGate.test.ts(12,3): error TS2582: Cannot find name 'it'. Do you need to install type definitions for a test runner? Try `npm i --save-dev @types/jest` or `npm i --save-dev @types/mocha`.
tests/startupGate.test.ts(12,57): error TS2705: An async function or method in ES5 requires the 'Promise' constructor.  Make sure you have a declaration for the 'Promise' constructor or include 'ES2015' in your '--lib' option.
tests/startupGate.test.ts(16,11): error TS2585: 'Promise' only refers to a type, but is being used as a value here. Do you need to change your target library? Try changing the 'lib' compiler option to es2015 or later.
tests/startupGate.test.ts(17,5): error TS2304: Cannot find name 'expect'.
tests/startupGate.test.ts(18,5): error TS2304: Cannot find name 'expect'.
tests/startupGate.test.ts(21,5): error TS2304: Cannot find name 'expect'.
tests/startupGate.test.ts(22,5): error TS2304: Cannot find name 'expect'.
tests/startupGate.test.ts(25,3): error TS2582: Cannot find name 'it'. Do you need to install type definitions for a test runner? Try `npm i --save-dev @types/jest` or `npm i --save-dev @types/mocha`.
tests/startupGate.test.ts(25,57): error TS2705: An async function or method in ES5 requires the 'Promise' constructor.  Make sure you have a declaration for the 'Promise' constructor or include 'ES2015' in your '--lib' option.
tests/startupGate.test.ts(27,11): error TS2304: Cannot find name 'expect'.
tests/startupNavigation.test.ts(13,1): error TS2582: Cannot find name 'describe'. Do you need to install type definitions for a test runner? Try `npm i --save-dev @types/jest` or `npm i --save-dev @types/mocha`.
tests/startupNavigation.test.ts(14,3): error TS2582: Cannot find name 'it'. Do you need to install type definitions for a test runner? Try `npm i --save-dev @types/jest` or `npm i --save-dev @types/mocha`.
tests/startupNavigation.test.ts(15,5): error TS2304: Cannot find name 'expect'.
tests/startupNavigation.test.ts(16,5): error TS2304: Cannot find name 'expect'.
tests/startupNavigation.test.ts(19,3): error TS2582: Cannot find name 'it'. Do you need to install type definitions for a test runner? Try `npm i --save-dev @types/jest` or `npm i --save-dev @types/mocha`.
tests/startupNavigation.test.ts(20,5): error TS2304: Cannot find name 'expect'.
tests/startupNavigation.test.ts(23,3): error TS2582: Cannot find name 'it'. Do you need to install type definitions for a test runner? Try `npm i --save-dev @types/jest` or `npm i --save-dev @types/mocha`.
tests/startupNavigation.test.ts(24,5): error TS2304: Cannot find name 'expect'.
tests/startupNavigation.test.ts(27,3): error TS2582: Cannot find name 'it'. Do you need to install type definitions for a test runner? Try `npm i --save-dev @types/jest` or `npm i --save-dev @types/mocha`.
tests/startupNavigation.test.ts(28,5): error TS2304: Cannot find name 'expect'.
tests/startupNavigation.test.ts(29,5): error TS2304: Cannot find name 'expect'.
tests/startupNavigation.test.ts(32,3): error TS2582: Cannot find name 'it'. Do you need to install type definitions for a test runner? Try `npm i --save-dev @types/jest` or `npm i --save-dev @types/mocha`.
tests/startupNavigation.test.ts(33,5): error TS2304: Cannot find name 'expect'.
tests/startupNavigation.test.ts(41,3): error TS2582: Cannot find name 'it'. Do you need to install type definitions for a test runner? Try `npm i --save-dev @types/jest` or `npm i --save-dev @types/mocha`.
tests/startupNavigation.test.ts(42,5): error TS2304: Cannot find name 'expect'.
tests/subscriptionSchedule.test.ts(3,1): error TS2582: Cannot find name 'describe'. Do you need to install type definitions for a test runner? Try `npm i --save-dev @types/jest` or `npm i --save-dev @types/mocha`.
tests/subscriptionSchedule.test.ts(4,3): error TS2582: Cannot find name 'test'. Do you need to install type definitions for a test runner? Try `npm i --save-dev @types/jest` or `npm i --save-dev @types/mocha`.
tests/subscriptionSchedule.test.ts(9,5): error TS2304: Cannot find name 'expect'.
tests/subscriptionSchedule.test.ts(10,5): error TS2304: Cannot find name 'expect'.
tests/subscriptionSchedule.test.ts(11,5): error TS2304: Cannot find name 'expect'.
tests/subscriptionSchedule.test.ts(12,5): error TS2304: Cannot find name 'expect'.
tests/subscriptionSchedule.test.ts(15,3): error TS2582: Cannot find name 'test'. Do you need to install type definitions for a test runner? Try `npm i --save-dev @types/jest` or `npm i --save-dev @types/mocha`.
tests/subscriptionSchedule.test.ts(21,5): error TS2304: Cannot find name 'expect'.
tests/subscriptionSchedule.test.ts(22,5): error TS2304: Cannot find name 'expect'.
tests/subscriptionSchedule.test.ts(25,3): error TS2582: Cannot find name 'test'. Do you need to install type definitions for a test runner? Try `npm i --save-dev @types/jest` or `npm i --save-dev @types/mocha`.
tests/subscriptionSchedule.test.ts(29,5): error TS2304: Cannot find name 'expect'.
tests/subscriptionSchedule.test.ts(32,3): error TS2582: Cannot find name 'test'. Do you need to install type definitions for a test runner? Try `npm i --save-dev @types/jest` or `npm i --save-dev @types/mocha`.
tests/subscriptionSchedule.test.ts(37,5): error TS2304: Cannot find name 'expect'.
tests/subscriptionSchedule.test.ts(38,5): error TS2304: Cannot find name 'expect'.
tests/themeStartupRecovery.test.ts(3,1): error TS2582: Cannot find name 'describe'. Do you need to install type definitions for a test runner? Try `npm i --save-dev @types/jest` or `npm i --save-dev @types/mocha`.
tests/themeStartupRecovery.test.ts(4,3): error TS2582: Cannot find name 'test'. Do you need to install type definitions for a test runner? Try `npm i --save-dev @types/jest` or `npm i --save-dev @types/mocha`.
tests/themeStartupRecovery.test.ts(5,5): error TS2304: Cannot find name 'expect'.
tests/themeStartupRecovery.test.ts(6,5): error TS2304: Cannot find name 'expect'.
tests/themeStartupRecovery.test.ts(7,5): error TS2304: Cannot find name 'expect'.
tests/themeStartupRecovery.test.ts(8,5): error TS2304: Cannot find name 'expect'.
tests/themeStartupRecovery.test.ts(9,5): error TS2304: Cannot find name 'expect'.
tests/themeStartupRecovery.test.ts(12,3): error TS2582: Cannot find name 'test'. Do you need to install type definitions for a test runner? Try `npm i --save-dev @types/jest` or `npm i --save-dev @types/mocha`.
tests/themeStartupRecovery.test.ts(13,5): error TS2304: Cannot find name 'expect'.
tests/themeStartupRecovery.test.ts(14,5): error TS2304: Cannot find name 'expect'.
tests/themeStartupRecovery.test.ts(15,5): error TS2304: Cannot find name 'expect'.
tests/themeStartupRecovery.test.ts(18,3): error TS2582: Cannot find name 'test'. Do you need to install type definitions for a test runner? Try `npm i --save-dev @types/jest` or `npm i --save-dev @types/mocha`.
tests/themeStartupRecovery.test.ts(19,5): error TS2304: Cannot find name 'expect'.
tests/themeStartupRecovery.test.ts(20,5): error TS2304: Cannot find name 'expect'.
tests/themeStartupRecovery.test.ts(21,5): error TS2304: Cannot find name 'expect'.
tests/withTimeout.test.ts(3,1): error TS2582: Cannot find name 'describe'. Do you need to install type definitions for a test runner? Try `npm i --save-dev @types/jest` or `npm i --save-dev @types/mocha`.
tests/withTimeout.test.ts(4,3): error TS2582: Cannot find name 'it'. Do you need to install type definitions for a test runner? Try `npm i --save-dev @types/jest` or `npm i --save-dev @types/mocha`.
tests/withTimeout.test.ts(4,39): error TS2705: An async function or method in ES5 requires the 'Promise' constructor.  Make sure you have a declaration for the 'Promise' constructor or include 'ES2015' in your '--lib' option.
tests/withTimeout.test.ts(5,11): error TS2304: Cannot find name 'expect'.
tests/withTimeout.test.ts(8,3): error TS2582: Cannot find name 'it'. Do you need to install type definitions for a test runner? Try `npm i --save-dev @types/jest` or `npm i --save-dev @types/mocha`.
tests/withTimeout.test.ts(8,62): error TS2705: An async function or method in ES5 requires the 'Promise' constructor.  Make sure you have a declaration for the 'Promise' constructor or include 'ES2015' in your '--lib' option.
tests/withTimeout.test.ts(9,30): error TS2585: 'Promise' only refers to a type, but is being used as a value here. Do you need to change your target library? Try changing the 'lib' compiler option to es2015 or later.
tests/withTimeout.test.ts(10,11): error TS2304: Cannot find name 'expect'.
tests/withTimeout.test.ts(14,3): error TS2582: Cannot find name 'it'. Do you need to install type definitions for a test runner? Try `npm i --save-dev @types/jest` or `npm i --save-dev @types/mocha`.
tests/withTimeout.test.ts(14,80): error TS2705: An async function or method in ES5 requires the 'Promise' constructor.  Make sure you have a declaration for the 'Promise' constructor or include 'ES2015' in your '--lib' option.
tests/withTimeout.test.ts(17,17): error TS2585: 'Promise' only refers to a type, but is being used as a value here. Do you need to change your target library? Try changing the 'lib' compiler option to es2015 or later.
tests/withTimeout.test.ts(21,11): error TS2304: Cannot find name 'expect'.
tools/internal/ux-lab.tsx(1,19): error TS2307: Cannot find module 'react' or its corresponding type declarations.
tools/internal/ux-lab.tsx(2,40): error TS2307: Cannot find module 'react-native' or its corresponding type declarations.
tools/internal/ux-lab.tsx(3,24): error TS2307: Cannot find module 'expo-router' or its corresponding type declarations.
tools/internal/ux-lab.tsx(5,54): error TS6142: Module '../../src/components/layout' was resolved to '/mnt/data/lousa_work/LOUSA_MOON_V1.18.22_BUILD133_PAPER_MOON_NATIVE_HANDOFF_FIX_SOURCE/src/components/layout.tsx', but '--jsx' is not set.
tools/internal/ux-lab.tsx(6,32): error TS6142: Module '../../src/components/MaterialSymbol' was resolved to '/mnt/data/lousa_work/LOUSA_MOON_V1.18.22_BUILD133_PAPER_MOON_NATIVE_HANDOFF_FIX_SOURCE/src/components/MaterialSymbol.tsx', but '--jsx' is not set.
tools/internal/ux-lab.tsx(7,41): error TS6142: Module '../../src/components/ui' was resolved to '/mnt/data/lousa_work/LOUSA_MOON_V1.18.22_BUILD133_PAPER_MOON_NATIVE_HANDOFF_FIX_SOURCE/src/components/ui/index.tsx', but '--jsx' is not set.
tools/internal/ux-lab.tsx(9,26): error TS6142: Module '../../src/theme/ThemeProvider' was resolved to '/mnt/data/lousa_work/LOUSA_MOON_V1.18.22_BUILD133_PAPER_MOON_NATIVE_HANDOFF_FIX_SOURCE/src/theme/ThemeProvider.tsx', but '--jsx' is not set.
tools/internal/ux-lab.tsx(16,5): error TS17004: Cannot use JSX unless the '--jsx' flag is provided.
tools/internal/ux-lab.tsx(16,6): error TS2741: Property 'children' is missing in type '{ title: string; closeIcon: string; }' but required in type '{ children: React.ReactNode; title: string; closeIcon?: string | undefined; onBack?: (() => void) | undefined; backgroundVariant?: "cosmic" | "minimal" | "liquid" | undefined; keyboard?: boolean | undefined; }'.
tools/internal/ux-lab.tsx(17,7): error TS17004: Cannot use JSX unless the '--jsx' flag is provided.
tools/internal/ux-lab.tsx(18,9): error TS17004: Cannot use JSX unless the '--jsx' flag is provided.
tools/internal/ux-lab.tsx(22,9): error TS17004: Cannot use JSX unless the '--jsx' flag is provided.
tools/internal/ux-lab.tsx(24,13): error TS17004: Cannot use JSX unless the '--jsx' flag is provided.
tools/internal/ux-lab.tsx(25,15): error TS2322: Type '{ key: UxTestPersonaId; onPress: () => void; }' is not assignable to type 'PressScaleProps'.
  Property 'key' does not exist on type 'PressScaleProps'.
tools/internal/ux-lab.tsx(31,15): error TS17004: Cannot use JSX unless the '--jsx' flag is provided.
tools/internal/ux-lab.tsx(32,17): error TS17004: Cannot use JSX unless the '--jsx' flag is provided.
tools/internal/ux-lab.tsx(33,19): error TS17004: Cannot use JSX unless the '--jsx' flag is provided.
tools/internal/ux-lab.tsx(35,17): error TS17004: Cannot use JSX unless the '--jsx' flag is provided.
tools/internal/ux-lab.tsx(36,19): error TS17004: Cannot use JSX unless the '--jsx' flag is provided.
tools/internal/ux-lab.tsx(37,19): error TS17004: Cannot use JSX unless the '--jsx' flag is provided.
tools/internal/ux-lab.tsx(39,17): error TS17004: Cannot use JSX unless the '--jsx' flag is provided.
tsconfig.json(10,14): error TS6053: File 'expo/tsconfig.base' not found.
EXIT=2
